time,Consumer Price Index,Consumer Price Index: exclude Food and Beverages,Consumer Price Index: exclude Food & Beverages and Fuel & Light,Consumer Food Price Index,Consumer Price Index: Food and Beverages,Consumer Price Index: Food and Beverages: Cereals and Products,Consumer Price Index: Food and Beverages: Meat and Fish,Consumer Price Index: Food and Beverages: Egg,Consumer Price Index: Food and Beverages: Milk and Milk Product,Consumer Price Index: Food and Beverages: Oils and Fats,Consumer Price Index: Food and Beverages: Fruits,Consumer Price Index: Food and Beverages: Vegetables,Consumer Price Index: Food and Beverages: Pulses and Products,Consumer Price Index: Food and Beverages: Sugar and Confectionery,Consumer Price Index: Food and Beverages: Spices,Consumer Price Index: Food and Beverages: Non-alcholic Beverages,"Consumer Price Index: Food and Beverages: Prepared Meals, Snacks, Sweets, etc","Consumer Price Index: Pan, Tobacco and Intoxicants",Consumer Price Index: Clothing and Footwear,Consumer Price Index: Clothing and Footwear: Clothing,Consumer Price Index: Clothing and Footwear: Footwear,Consumer Price Index: Housing,Consumer Price Index: Fuel and Light,Consumer Price Index: Miscellaneous,Consumer Price Index: Miscellaneous: Household Goods and Services,Consumer Price Index: Miscellaneous: Health,Consumer Price Index: Miscellaneous: Transport and Communication,Consumer Price Index: Miscellaneous: Recreation and Amusement,Consumer Price Index: Miscellaneous: Education,Consumer Price Index: Miscellaneous: Personal Care and Effects,Consumer Price Index: Food and Beverages: Rice by Public Distribution System,Consumer Price Index: Food and Beverages: Rice by Other Sources,Consumer Price Index: Food and Beverages: Chira,Consumer Price Index: Food and Beverages: Muri,Consumer Price Index: Food and Beverages: Other Rice Products,Consumer Price Index: Food and Beverages: Wheat or Atta by Public Distribution System,Consumer Price Index: Food and Beverages: Wheat or Atta by Other Sources,Consumer Price Index: Food and Beverages: Maida,"Consumer Price Index: Food and Beverages: Suji, Rawa","Consumer Price Index: Food and Beverages: Sewai, Noodles",Consumer Price Index: Food and Beverages: Bread for Bakery,"Consumer Price Index: Food and Beverages: Biscuits, Chocolates, Etc. ",Consumer Price Index: Food and Beverages: Other Cereals,"Consumer Price Index: Food and Beverages: Cereal Substitutes: Tapioca, Etc.",Consumer Price Index: Food and Beverages: Jowar and Its Products,Consumer Price Index: Food and Beverages: Bajra and Its Products,Consumer Price Index: Food and Beverages: Maize and Products ,Consumer Price Index: Food and Beverages: Small Millets and Their Products,Consumer Price Index: Food and Beverages: Ragi and Its Products,Consumer Price Index: Food and Beverages: Grinding Charges,Consumer Price Index: Food and Beverages: Goat Meat or Mutton,Consumer Price Index: Food and Beverages: Beef or Buffalo Meat,Consumer Price Index: Food and Beverages: Pork ,Consumer Price Index: Food and Beverages: Chicken,"Consumer Price Index: Food and Beverages: Others: Birds, Crab, Oyster, Tortoise, Etc.","Consumer Price Index: Food and Beverages: Fish, Prawn ",Consumer Price Index: Food and Beverages: Eggs,Consumer Price Index: Food and Beverages: Milk: Liquid,Consumer Price Index: Food and Beverages: Baby Food ,Consumer Price Index: Food and Beverages: Milk: Condensed or Powder,Consumer Price Index: Food and Beverages: Curd,Consumer Price Index: Food and Beverages: Other Milk Products,Consumer Price Index: Food and Beverages: Mustard Oil,Consumer Price Index: Food and Beverages: Groundnut Oil,Consumer Price Index: Food and Beverages: Coconut Oil,"Consumer Price Index: Food and Beverages: Refined Oil: Sunflower, Soyabean, Saffola, Etc.",Consumer Price Index: Food and Beverages: Ghee,Consumer Price Index: Food and Beverages: Butter,"Consumer Price Index: Food and Beverages: Vanaspati, Margarine",Consumer Price Index: Food and Beverages: Banana,Consumer Price Index: Food and Beverages: Jackfruit,Consumer Price Index: Food and Beverages: Watermelon,Consumer Price Index: Food and Beverages: Pineapple,Consumer Price Index: Food and Beverages: Coconut,Consumer Price Index: Food and Beverages: Green Coconut,Consumer Price Index: Food and Beverages: Guava,Consumer Price Index: Food and Beverages: Singara,"Consumer Price Index: Food and Beverages: Orange, Mausami",Consumer Price Index: Food and Beverages: Papaya,Consumer Price Index: Food and Beverages: Mango,Consumer Price Index: Food and Beverages: Kharbooza,Consumer Price Index: Food and Beverages: Pears or Nashpati,Consumer Price Index: Food and Beverages: Berries,Consumer Price Index: Food and Beverages: Leechi,Consumer Price Index: Food and Beverages: Apple,Consumer Price Index: Food and Beverages: Grapes,Consumer Price Index: Food and Beverages: Other Fresh Fruits ,Consumer Price Index: Food and Beverages: Coconut: Copra,Consumer Price Index: Food and Beverages: Groundnut,Consumer Price Index: Food and Beverages: Dates,Consumer Price Index: Food and Beverages: Cashewnut,Consumer Price Index: Food and Beverages: Walnut,Consumer Price Index: Food and Beverages: Other Nuts,"Consumer Price Index: Food and Beverages: Raisin, Kishmish, Monacca, Etc.",Consumer Price Index: Food and Beverages: Other Dry Fruits,Consumer Price Index: Food and Beverages: Potato,Consumer Price Index: Food and Beverages: Onion,Consumer Price Index: Food and Beverages: Radish,Consumer Price Index: Food and Beverages: Carrot,Consumer Price Index: Food and Beverages: Garlic,Consumer Price Index: Food and Beverages: Ginger,Consumer Price Index: Food and Beverages: Palak or Other Leafy Vegetables,Consumer Price Index: Food and Beverages: Tomato,Consumer Price Index: Food and Beverages: Brinjal,Consumer Price Index: Food and Beverages: Cauliflower,Consumer Price Index: Food and Beverages: Cabbage,Consumer Price Index: Food and Beverages: Green Chillies,Consumer Price Index: Food and Beverages: Lady's Finger,"Consumer Price Index: Food and Beverages: Parwal or Patal, Kundru","Consumer Price Index: Food and Beverages: Gourd, Pumpkin",Consumer Price Index: Food and Beverages: Peas,"Consumer Price Index: Food and Beverages: Beans, Barbati",Consumer Price Index: Food and Beverages: Lemon,Consumer Price Index: Food and Beverages: Other Vegetables,Consumer Price Index: Food and Beverages: Pickles,Consumer Price Index: Food and Beverages: Chips,"Consumer Price Index: Food and Beverages: Arhar, Tur",Consumer Price Index: Food and Beverages: Gram: Split,Consumer Price Index: Food and Beverages: Gram: Whole,Consumer Price Index: Food and Beverages: Moong,Consumer Price Index: Food and Beverages: Masur,Consumer Price Index: Food and Beverages: Urd,Consumer Price Index: Food and Beverages: Peas.1,Consumer Price Index: Food and Beverages: Khesari,Consumer Price Index: Food and Beverages: Other Pulses,Consumer Price Index: Food and Beverages: Gram Products,Consumer Price Index: Food and Beverages: Besan,Consumer Price Index: Food and Beverages: Other Pulse Products,Consumer Price Index: Food and Beverages: Sugar by Public Distribution System,Consumer Price Index: Food and Beverages: Sugar by Other Sources,Consumer Price Index: Food and Beverages: Gur,"Consumer Price Index: Food and Beverages: Candy, Misri",Consumer Price Index: Food and Beverages: Honey,"Consumer Price Index: Food and Beverages: Sauce, Jam, Jelly",Consumer Price Index: Food and Beverages: Ice Cream ,Consumer Price Index: Food and Beverages: Salt ,Consumer Price Index: Food and Beverages: Jeera,Consumer Price Index: Food and Beverages: Turmeric,Consumer Price Index: Food and Beverages: Black Pepper,Consumer Price Index: Food and Beverages: Dry Chillies,Consumer Price Index: Food and Beverages: Tamarind,Consumer Price Index: Food and Beverages: Curry Powder,Consumer Price Index: Food and Beverages: Oilseeds,Consumer Price Index: Food and Beverages: Tea: Cups,Consumer Price Index: Food and Beverages: Coffee: Cups,Consumer Price Index: Food and Beverages: Cooked Meals Purchased ,"Consumer Price Index: Food and Beverages: Cooked Snacks Purchased: Samosa, Puri, Paratha, Burger, Chowmein, Idli, Dosa, Vada, Chops, Pakoras, Pao Bhaji, Etc.","Consumer Price Index: Food and Beverages: Prepared Sweets, Cake, Pastry","Consumer Price Index: Food and Beverages: Papad, Bhujia, Namkeen, Mixture, Chanachur ",Consumer Price Index: Food and Beverages: Other Packaged Processed Food,Consumer Price Index: Food and Beverages: Tea: Leaf,Consumer Price Index: Food and Beverages: Coffee: Powder,Consumer Price Index: Food and Beverages: Mineral Water,Consumer Price Index: Food and Beverages: Cold Beverages: Bottled or Canned,Consumer Price Index: Food and Beverages: Fruit Juice And Shake,"Consumer Price Index: Food and Beverages: Other Beverages: Cocoa, Chocolate, Etc.","Consumer Price Index: Pan, Tobacco and Intoxicants: Country Liquor","Consumer Price Index: Pan, Tobacco and Intoxicants: Foreign or Refined Liquor or Wine","Consumer Price Index: Pan, Tobacco and Intoxicants: Toddy","Consumer Price Index: Pan, Tobacco and Intoxicants: Beer","Consumer Price Index: Pan, Tobacco and Intoxicants: Other Intoxicants","Consumer Price Index: Pan, Tobacco and Intoxicants: Pan: Leaf","Consumer Price Index: Pan, Tobacco and Intoxicants: Pan: Finished","Consumer Price Index: Pan, Tobacco and Intoxicants: Ingredients For Pan","Consumer Price Index: Pan, Tobacco and Intoxicants: Bidi","Consumer Price Index: Pan, Tobacco and Intoxicants: Cigarettes","Consumer Price Index: Pan, Tobacco and Intoxicants: Leaf Tobacco","Consumer Price Index: Pan, Tobacco and Intoxicants: Snuff","Consumer Price Index: Pan, Tobacco and Intoxicants: Hookah Tobacco","Consumer Price Index: Pan, Tobacco and Intoxicants: Cheroot","Consumer Price Index: Pan, Tobacco and Intoxicants: Zarda, Kimam, Surti","Consumer Price Index: Pan, Tobacco and Intoxicants: Other Tobacco Products",Consumer Price Index: Clothing and Footwear: Dhoti,Consumer Price Index: Clothing and Footwear: Saree,"Consumer Price Index: Clothing and Footwear: Shawl, Chaddar",Consumer Price Index: Clothing and Footwear: Lungi,Consumer Price Index: Clothing and Footwear: Kurta Pajama Suits: Males ,"Consumer Price Index: Clothing and Footwear: Shirts, T Shirts","Consumer Price Index: Clothing and Footwear: Shorts, Trousers, Bermudas","Consumer Price Index: Clothing and Footwear: Baniyan, Socks, Other Hosiery And Undergarments, Etc.",Consumer Price Index: Clothing and Footwear: Kurta Pajama Suits: Females,"Consumer Price Index: Clothing and Footwear: Frocks, Skirts, Etc.",Consumer Price Index: Clothing and Footwear: School or College Uniform: Boys ,Consumer Price Index: Clothing and Footwear: School or College Uniform: Girls ,"Consumer Price Index: Clothing and Footwear: Coat, Jacket, Sweater, Windcheater",Consumer Price Index: Clothing and Footwear: Knitting Wool,"Consumer Price Index: Clothing and Footwear: Cloth For Shirt, Pyjama, Kurta, Salwar, Etc.","Consumer Price Index: Clothing and Footwear: Cloth For Coat, Trousers, Suit, Etc.",Consumer Price Index: Clothing and Footwear: Clothing First Hand: Other,Consumer Price Index: Clothing and Footwear: Clothing: Second Hand,"Consumer Price Index: Clothing and Footwear: Gamchha, Towel, Handkerchief","Consumer Price Index: Clothing and Footwear: Headwear, Belts, Ties","Consumer Price Index: Clothing and Footwear: Washerman, Laundry, Ironing",Consumer Price Index: Clothing and Footwear: Tailor,"Consumer Price Index: Clothing and Footwear: Leather Boots, Shoes ","Consumer Price Index: Clothing and Footwear: Leather Sandals, Chappals, Etc. ",Consumer Price Index: Clothing and Footwear: Other Leather Footwear ,Consumer Price Index: Clothing and Footwear: Rubber or PVC Footwear ,Consumer Price Index: Clothing and Footwear: Other Footwear ,"Consumer Price Index: Housing: House Rent, Garage Rent",Consumer Price Index: Housing: Residential Building and Land,Consumer Price Index: Housing: Water Charges,Consumer Price Index: Housing: Watch Man Charges,Consumer Price Index: Fuel and Light: Electricity,Consumer Price Index: Fuel and Light: Liquefied Petroleum Gas Excl. Conveyance,Consumer Price Index: Fuel and Light: Kerosene by Public Distribution System,Consumer Price Index: Fuel and Light: Kerosene by Other Sources,Consumer Price Index: Fuel and Light: Diesel Excl. Conveyance,Consumer Price Index: Fuel and Light: Other Fuel ,Consumer Price Index: Fuel and Light: Coke,Consumer Price Index: Fuel and Light: Firewood And Chips,Consumer Price Index: Fuel and Light: Coal,Consumer Price Index: Fuel and Light: Charcoal,Consumer Price Index: Fuel and Light: Dung Cake,Consumer Price Index: Miscellaneous: Bedstead,"Consumer Price Index: Miscellaneous: Almirah, Dressing Table","Consumer Price Index: Miscellaneous: Chair, Stool, Bench, Table","Consumer Price Index: Miscellaneous: Other Furniture and Fixtures incl Couch, Sofa, Etc.",Consumer Price Index: Miscellaneous: Bathroom And Sanitary Equipment,"Consumer Price Index: Miscellaneous: Carpet, Daree and Other Floor Mattings","Consumer Price Index: Miscellaneous: Bed Sheet, Bed Cover","Consumer Price Index: Miscellaneous: Rug, Blanket","Consumer Price Index: Miscellaneous: Pillow, Quilt, Mattress","Consumer Price Index: Miscellaneous: Cloth For Upholstery, Curtains, Tablecloth, Etc. ",Consumer Price Index: Miscellaneous: Mosquito Net,Consumer Price Index: Miscellaneous: Bedding: Others,"Consumer Price Index: Miscellaneous: Air Conditioner, Air Cooler",Consumer Price Index: Miscellaneous: Inverter,Consumer Price Index: Miscellaneous: Sewing Machine,Consumer Price Index: Miscellaneous: Washing Machine,"Consumer Price Index: Miscellaneous: Stove, Gas Burner ",Consumer Price Index: Miscellaneous: Refrigerator,Consumer Price Index: Miscellaneous: Electric Fan,Consumer Price Index: Miscellaneous: Water Purifier,"Consumer Price Index: Miscellaneous: Electric Iron, Heater, Toaster, Oven and Other Electric Heating Appliances",Consumer Price Index: Miscellaneous: Other Cooking or Household Appliances ,Consumer Price Index: Miscellaneous: Other Durables,Consumer Price Index: Miscellaneous: Stainless Steel Utensils,Consumer Price Index: Miscellaneous: Pressure Cooker or Pressure Pan,Consumer Price Index: Miscellaneous: Other Metal Utensils,Consumer Price Index: Miscellaneous: Other Crockery and Utensils,Consumer Price Index: Miscellaneous: Earthenware,Consumer Price Index: Miscellaneous: Glassware,"Consumer Price Index: Miscellaneous: Electric Bulb, Tubelight","Consumer Price Index: Miscellaneous: Plugs, Switches and Other Electrical Fittings",Consumer Price Index: Miscellaneous: Electric Batteries ,Consumer Price Index: Miscellaneous: Torch ,Consumer Price Index: Miscellaneous: Lock,"Consumer Price Index: Miscellaneous: Bucket, Water Bottle or Feeding Bottle and Other Plastic Goods","Consumer Price Index: Miscellaneous: Coir, Rope, Etc.",Consumer Price Index: Miscellaneous: Washing Soap or Soda or Powder,Consumer Price Index: Miscellaneous: Other Washing Requisites,"Consumer Price Index: Miscellaneous: Incense Agarbatti, Room Freshener",Consumer Price Index: Miscellaneous: Fresh Flower: All Purposes,"Consumer Price Index: Miscellaneous: Mosquito Repellent, Insecticide, Acid Etc.",Consumer Price Index: Miscellaneous: Matches Box,Consumer Price Index: Miscellaneous: Candle,Consumer Price Index: Miscellaneous: Other Petty Articles,Consumer Price Index: Miscellaneous: Domestic Servant orCook,Consumer Price Index: Miscellaneous: Sweeper,Consumer Price Index: Miscellaneous: Monthly Maintainance Charges,Consumer Price Index: Miscellaneous: Other Consumer Services Excluding Conveyance,Consumer Price Index: Miscellaneous: Hospital and Nursing Home Charges,Consumer Price Index: Miscellaneous: Medicine Non-Institutional,Consumer Price Index: Miscellaneous: Family Planning Devices,Consumer Price Index: Miscellaneous: Spectacles,Consumer Price Index: Miscellaneous: Other Medical Expenses Non-Institutional,Consumer Price Index: Miscellaneous: Doctor’S or Surgeon’S Fee-First Consultation Non-Institutional,"Consumer Price Index: Miscellaneous: X-Ray, Ecg, Pathological Test, Etc. Non-Institutional","Consumer Price Index: Miscellaneous: Motor Car, Jeep","Consumer Price Index: Miscellaneous: Motor Cycle, Scooter",Consumer Price Index: Miscellaneous: Bicycle Without Accessories,Consumer Price Index: Miscellaneous: Tyres and Tubes,Consumer Price Index: Miscellaneous: Petrol For Vehicle ,Consumer Price Index: Miscellaneous: Diesel For Vehicle ,Consumer Price Index: Miscellaneous: Lubricants and Other Fuels For Vehicle,Consumer Price Index: Miscellaneous: Other Conveyance Expenses,Consumer Price Index: Miscellaneous: Railway Fare,Consumer Price Index: Miscellaneous: Bus or Tram Fare,"Consumer Price Index: Miscellaneous: Taxi, Auto-Rickshaw Fare",Consumer Price Index: Miscellaneous: Rickshaw Hand Drawn and Cycle Fare,Consumer Price Index: Miscellaneous: Horse Cart Fare,"Consumer Price Index: Miscellaneous: School Bus, Van, Etc.",Consumer Price Index: Miscellaneous: Air Fare Normal: Economy Class Adult,"Consumer Price Index: Miscellaneous: Steamer, Boat Fare",Consumer Price Index: Miscellaneous: Porter Charges ,Consumer Price Index: Miscellaneous: Mobile Handset ,Consumer Price Index: Miscellaneous: Telephone Charges: Landline,Consumer Price Index: Miscellaneous: Telephone Charges: Mobile,Consumer Price Index: Miscellaneous: Internet Expenses,"Consumer Price Index: Miscellaneous: Radio, Tape Recorder, 2 In 1",Consumer Price Index: Miscellaneous: Television,Consumer Price Index: Miscellaneous: VCR or VCD or DVD Player,Consumer Price Index: Miscellaneous: Camera and Photographic Equipment,Consumer Price Index: Miscellaneous: PC or Laptop or Other Peripherals Incl. Software,"Consumer Price Index: Miscellaneous: CD, DVD, Audio or Video Cassette, Etc ",Consumer Price Index: Miscellaneous: Goods For Recreation And Hobbies,"Consumer Price Index: Miscellaneous: Sports Goods, Toys, Etc.","Consumer Price Index: Miscellaneous: Newspapers, Periodicals",Consumer Price Index: Miscellaneous: Photography,Consumer Price Index: Miscellaneous: VCD or DVD Hire Incl. Instrument,Consumer Price Index: Miscellaneous: Cinema: New Release for Normal Day,Consumer Price Index: Miscellaneous: Monthly Charges For Cable Tv Connection,Consumer Price Index: Miscellaneous: Library Charges,Consumer Price Index: Miscellaneous: Other Entertainment ,Consumer Price Index: Miscellaneous: Club Fees,Consumer Price Index: Miscellaneous: Hotel Lodging Charges,"Consumer Price Index: Miscellaneous: Books, Journals: First Hand","Consumer Price Index: Miscellaneous: Stationery, Photocopying Charges","Consumer Price Index: Miscellaneous: Tuition And Other Fees for School, College, Etc.",Consumer Price Index: Miscellaneous: Private Tutor or Coaching Centre,Consumer Price Index: Miscellaneous: Other Educational Expenses Incl. Fees For Enrollment In Web-Based Training,Consumer Price Index: Miscellaneous: Toilet Soap,"Consumer Price Index: Miscellaneous: Toothpaste, Toothbrush, Comb, Etc.","Consumer Price Index: Miscellaneous: Powder, Snow, Cream, Lotion And Perfume","Consumer Price Index: Miscellaneous: Hair Oil, Shampoo, Hair Cream","Consumer Price Index: Miscellaneous: Shaving Blades, Shaving Stick, Razor","Consumer Price Index: Miscellaneous: Shaving Cream, Aftershave Lotion",Consumer Price Index: Miscellaneous: Sanitary Napkins,"Consumer Price Index: Miscellaneous: Clock, Watch","Consumer Price Index: Miscellaneous: Suitcase, Trunk, Box, Handbag and Other Travel Goods","Consumer Price Index: Miscellaneous: Umbrella, Raincoat",Consumer Price Index: Miscellaneous: Lighter incl. Bidi or Cigarette or Gas Stove,Consumer Price Index: Miscellaneous: Any Other Personal Goods,Consumer Price Index: Miscellaneous: Gold,Consumer Price Index: Miscellaneous: Silver,Consumer Price Index: Miscellaneous: Other Ornaments,"Consumer Price Index: Miscellaneous: Barber, Beautician, Etc."
2011-01-01,89.5,87.12356853,87.25712474,93.6,92.3,92.6,85.2,95.2,82.7,81.9,84.1,124.6,91.3,92.7,94.0,89.7,84.0,82.4,82.8,82.6,84.1,87.8,86.2,88.5,88.1,89.5,90.3,94.2,87.0,82.9,,,,,,,,,,,,,,,,,,,,,,,,,,,,,,,,,,,,,,,,,,,,,,,,,,,,,,,,,,,,,,,,,,,,,,,,,,,,,,,,,,,,,,,,,,,,,,,,,,,,,,,,,,,,,,,,,,,,,,,,,,,,,,,,,,,,,,,,,,,,,,,,,,,,,,,,,,,,,,,,,,,,,,,,,,,,,,,,,,,,,,,,,,,,,,,,,,,,,,,,,,,,,,,,,,,,,,,,,,,,,,,,,,,,,,,,,,,,,,,,,,,,,,,,,,,,,,,,,,,,,,,,,,,,,,,,,,,,,,,,,,,,,,,,,,,,,,,,,,
2011-02-01,88.4,87.72218323,87.89892178,89.9,89.3,92.9,85.8,89.7,83.8,83.0,85.1,97.0,92.1,90.9,95.4,90.2,85.0,83.5,83.8,83.6,84.9,88.5,86.5,89.0,88.6,89.9,90.9,94.5,87.3,83.2,,,,,,,,,,,,,,,,,,,,,,,,,,,,,,,,,,,,,,,,,,,,,,,,,,,,,,,,,,,,,,,,,,,,,,,,,,,,,,,,,,,,,,,,,,,,,,,,,,,,,,,,,,,,,,,,,,,,,,,,,,,,,,,,,,,,,,,,,,,,,,,,,,,,,,,,,,,,,,,,,,,,,,,,,,,,,,,,,,,,,,,,,,,,,,,,,,,,,,,,,,,,,,,,,,,,,,,,,,,,,,,,,,,,,,,,,,,,,,,,,,,,,,,,,,,,,,,,,,,,,,,,,,,,,,,,,,,,,,,,,,,,,,,,,,,,,,,,,,
2011-03-01,88.4,88.30742519,88.43864693,88.9,88.6,92.8,88.1,87.7,84.7,83.6,88.4,86.7,92.0,90.3,96.6,90.9,85.6,85.1,84.9,84.7,85.7,89.1,87.4,89.3,88.9,90.3,91.0,94.5,88.0,84.1,,,,,,,,,,,,,,,,,,,,,,,,,,,,,,,,,,,,,,,,,,,,,,,,,,,,,,,,,,,,,,,,,,,,,,,,,,,,,,,,,,,,,,,,,,,,,,,,,,,,,,,,,,,,,,,,,,,,,,,,,,,,,,,,,,,,,,,,,,,,,,,,,,,,,,,,,,,,,,,,,,,,,,,,,,,,,,,,,,,,,,,,,,,,,,,,,,,,,,,,,,,,,,,,,,,,,,,,,,,,,,,,,,,,,,,,,,,,,,,,,,,,,,,,,,,,,,,,,,,,,,,,,,,,,,,,,,,,,,,,,,,,,,,,,,,,,,,,,,
2011-04-01,89.1,89.19669376,89.34082452,89.1,88.9,92.6,89.1,85.5,85.7,83.9,97.0,82.2,91.5,90.1,97.8,91.4,86.5,87.6,86.1,86.0,86.8,90.0,88.2,90.0,89.5,90.9,91.2,95.1,88.7,85.6,,,,,,,,,,,,,,,,,,,,,,,,,,,,,,,,,,,,,,,,,,,,,,,,,,,,,,,,,,,,,,,,,,,,,,,,,,,,,,,,,,,,,,,,,,,,,,,,,,,,,,,,,,,,,,,,,,,,,,,,,,,,,,,,,,,,,,,,,,,,,,,,,,,,,,,,,,,,,,,,,,,,,,,,,,,,,,,,,,,,,,,,,,,,,,,,,,,,,,,,,,,,,,,,,,,,,,,,,,,,,,,,,,,,,,,,,,,,,,,,,,,,,,,,,,,,,,,,,,,,,,,,,,,,,,,,,,,,,,,,,,,,,,,,,,,,,,,,,,
2011-05-01,89.8,90.04017362,90.24843552,89.7,89.5,92.9,89.6,84.4,87.4,84.9,97.4,81.9,91.3,90.0,99.1,92.1,87.3,88.8,87.1,87.0,87.5,90.8,88.6,90.9,90.1,91.6,92.6,95.4,89.4,86.5,,,,,,,,,,,,,,,,,,,,,,,,,,,,,,,,,,,,,,,,,,,,,,,,,,,,,,,,,,,,,,,,,,,,,,,,,,,,,,,,,,,,,,,,,,,,,,,,,,,,,,,,,,,,,,,,,,,,,,,,,,,,,,,,,,,,,,,,,,,,,,,,,,,,,,,,,,,,,,,,,,,,,,,,,,,,,,,,,,,,,,,,,,,,,,,,,,,,,,,,,,,,,,,,,,,,,,,,,,,,,,,,,,,,,,,,,,,,,,,,,,,,,,,,,,,,,,,,,,,,,,,,,,,,,,,,,,,,,,,,,,,,,,,,,,,,,,,,,,
2011-06-01,90.6,90.7083672,90.94095137,90.7,90.5,93.0,90.7,86.0,88.2,86.3,95.2,86.8,91.0,89.5,99.7,92.6,88.2,89.5,87.9,87.9,88.2,91.4,89.1,91.6,90.8,92.0,93.6,95.7,90.6,87.1,,,,,,,,,,,,,,,,,,,,,,,,,,,,,,,,,,,,,,,,,,,,,,,,,,,,,,,,,,,,,,,,,,,,,,,,,,,,,,,,,,,,,,,,,,,,,,,,,,,,,,,,,,,,,,,,,,,,,,,,,,,,,,,,,,,,,,,,,,,,,,,,,,,,,,,,,,,,,,,,,,,,,,,,,,,,,,,,,,,,,,,,,,,,,,,,,,,,,,,,,,,,,,,,,,,,,,,,,,,,,,,,,,,,,,,,,,,,,,,,,,,,,,,,,,,,,,,,,,,,,,,,,,,,,,,,,,,,,,,,,,,,,,,,,,,,,,,,,,
2011-07-01,91.8,91.74224233,91.6905074,92.2,91.8,93.4,91.1,87.8,89.0,87.3,94.7,94.1,91.2,90.3,100.1,92.9,89.1,90.6,88.9,88.8,89.3,91.2,92.1,92.6,91.1,92.8,94.8,96.1,91.9,88.1,,,,,,,,,,,,,,,,,,,,,,,,,,,,,,,,,,,,,,,,,,,,,,,,,,,,,,,,,,,,,,,,,,,,,,,,,,,,,,,,,,,,,,,,,,,,,,,,,,,,,,,,,,,,,,,,,,,,,,,,,,,,,,,,,,,,,,,,,,,,,,,,,,,,,,,,,,,,,,,,,,,,,,,,,,,,,,,,,,,,,,,,,,,,,,,,,,,,,,,,,,,,,,,,,,,,,,,,,,,,,,,,,,,,,,,,,,,,,,,,,,,,,,,,,,,,,,,,,,,,,,,,,,,,,,,,,,,,,,,,,,,,,,,,,,,,,,,,,,
2011-08-01,92.7,92.54988918,92.52818182,93.2,92.9,93.7,90.7,87.3,90.1,88.4,95.4,97.8,91.5,90.5,100.8,93.3,90.3,91.6,89.9,89.8,90.5,92.0,92.7,93.4,91.8,93.4,94.7,96.4,92.8,91.6,,,,,,,,,,,,,,,,,,,,,,,,,,,,,,,,,,,,,,,,,,,,,,,,,,,,,,,,,,,,,,,,,,,,,,,,,,,,,,,,,,,,,,,,,,,,,,,,,,,,,,,,,,,,,,,,,,,,,,,,,,,,,,,,,,,,,,,,,,,,,,,,,,,,,,,,,,,,,,,,,,,,,,,,,,,,,,,,,,,,,,,,,,,,,,,,,,,,,,,,,,,,,,,,,,,,,,,,,,,,,,,,,,,,,,,,,,,,,,,,,,,,,,,,,,,,,,,,,,,,,,,,,,,,,,,,,,,,,,,,,,,,,,,,,,,,,,,,,,
2011-09-01,93.8,93.44931659,93.44198732,94.6,94.2,94.2,92.0,89.0,91.9,89.6,94.4,102.0,92.5,90.9,101.3,93.9,91.4,92.5,90.9,90.8,91.3,92.9,93.5,94.3,92.8,93.9,95.7,96.9,93.6,93.3,,,,,,,,,,,,,,,,,,,,,,,,,,,,,,,,,,,,,,,,,,,,,,,,,,,,,,,,,,,,,,,,,,,,,,,,,,,,,,,,,,,,,,,,,,,,,,,,,,,,,,,,,,,,,,,,,,,,,,,,,,,,,,,,,,,,,,,,,,,,,,,,,,,,,,,,,,,,,,,,,,,,,,,,,,,,,,,,,,,,,,,,,,,,,,,,,,,,,,,,,,,,,,,,,,,,,,,,,,,,,,,,,,,,,,,,,,,,,,,,,,,,,,,,,,,,,,,,,,,,,,,,,,,,,,,,,,,,,,,,,,,,,,,,,,,,,,,,,,
2011-10-01,94.8,94.29431105,94.25010571,95.8,95.3,94.7,92.7,91.0,93.5,89.8,94.5,105.6,93.8,91.4,101.7,94.7,92.3,93.2,92.2,92.1,92.2,94.0,94.6,94.9,93.7,94.5,96.7,97.3,93.7,93.4,,,,,,,,,,,,,,,,,,,,,,,,,,,,,,,,,,,,,,,,,,,,,,,,,,,,,,,,,,,,,,,,,,,,,,,,,,,,,,,,,,,,,,,,,,,,,,,,,,,,,,,,,,,,,,,,,,,,,,,,,,,,,,,,,,,,,,,,,,,,,,,,,,,,,,,,,,,,,,,,,,,,,,,,,,,,,,,,,,,,,,,,,,,,,,,,,,,,,,,,,,,,,,,,,,,,,,,,,,,,,,,,,,,,,,,,,,,,,,,,,,,,,,,,,,,,,,,,,,,,,,,,,,,,,,,,,,,,,,,,,,,,,,,,,,,,,,,,,,
2011-11-01,95.2,95.17763207,95.1310148,95.4,95.1,94.7,93.3,94.6,94.4,90.3,93.7,100.8,94.4,93.3,101.9,95.6,93.5,93.0,92.9,92.9,93.2,95.2,95.5,95.8,94.5,95.6,97.4,97.1,94.5,95.2,,,,,,,,,,,,,,,,,,,,,,,,,,,,,,,,,,,,,,,,,,,,,,,,,,,,,,,,,,,,,,,,,,,,,,,,,,,,,,,,,,,,,,,,,,,,,,,,,,,,,,,,,,,,,,,,,,,,,,,,,,,,,,,,,,,,,,,,,,,,,,,,,,,,,,,,,,,,,,,,,,,,,,,,,,,,,,,,,,,,,,,,,,,,,,,,,,,,,,,,,,,,,,,,,,,,,,,,,,,,,,,,,,,,,,,,,,,,,,,,,,,,,,,,,,,,,,,,,,,,,,,,,,,,,,,,,,,,,,,,,,,,,,,,,,,,,,,,,,
2011-12-01,94.7,95.64761729,95.61112051,93.5,93.6,94.6,93.0,96.6,95.2,91.5,92.1,87.6,94.4,95.0,101.9,96.0,94.2,94.4,94.2,94.1,94.2,96.0,95.9,95.9,95.0,95.6,97.5,97.1,94.1,95.5,,,,,,,,,,,,,,,,,,,,,,,,,,,,,,,,,,,,,,,,,,,,,,,,,,,,,,,,,,,,,,,,,,,,,,,,,,,,,,,,,,,,,,,,,,,,,,,,,,,,,,,,,,,,,,,,,,,,,,,,,,,,,,,,,,,,,,,,,,,,,,,,,,,,,,,,,,,,,,,,,,,,,,,,,,,,,,,,,,,,,,,,,,,,,,,,,,,,,,,,,,,,,,,,,,,,,,,,,,,,,,,,,,,,,,,,,,,,,,,,,,,,,,,,,,,,,,,,,,,,,,,,,,,,,,,,,,,,,,,,,,,,,,,,,,,,,,,,,,
2012-01-01,95.1,96.30240118,96.28828753,93.4,93.7,95.0,93.5,99.0,95.6,93.3,92.8,84.9,94.5,94.3,100.6,96.7,94.9,95.4,95.3,95.3,95.6,95.7,96.4,96.8,96.3,96.9,97.6,97.6,96.3,95.4,,,,,,,,,,,,,,,,,,,,,,,,,,,,,,,,,,,,,,,,,,,,,,,,,,,,,,,,,,,,,,,,,,,,,,,,,,,,,,,,,,,,,,,,,,,,,,,,,,,,,,,,,,,,,,,,,,,,,,,,,,,,,,,,,,,,,,,,,,,,,,,,,,,,,,,,,,,,,,,,,,,,,,,,,,,,,,,,,,,,,,,,,,,,,,,,,,,,,,,,,,,,,,,,,,,,,,,,,,,,,,,,,,,,,,,,,,,,,,,,,,,,,,,,,,,,,,,,,,,,,,,,,,,,,,,,,,,,,,,,,,,,,,,,,,,,,,,,,,
2012-02-01,95.5,96.74647211,96.7387315,93.9,94.2,95.2,94.4,95.8,96.4,93.9,93.3,86.5,94.2,93.8,99.6,96.6,95.6,95.9,96.0,95.9,96.3,96.4,96.8,97.1,96.8,97.3,97.7,97.9,96.6,96.3,,,,,,,,,,,,,,,,,,,,,,,,,,,,,,,,,,,,,,,,,,,,,,,,,,,,,,,,,,,,,,,,,,,,,,,,,,,,,,,,,,,,,,,,,,,,,,,,,,,,,,,,,,,,,,,,,,,,,,,,,,,,,,,,,,,,,,,,,,,,,,,,,,,,,,,,,,,,,,,,,,,,,,,,,,,,,,,,,,,,,,,,,,,,,,,,,,,,,,,,,,,,,,,,,,,,,,,,,,,,,,,,,,,,,,,,,,,,,,,,,,,,,,,,,,,,,,,,,,,,,,,,,,,,,,,,,,,,,,,,,,,,,,,,,,,,,,,,,,
2012-03-01,96.4,97.24881788,97.27033827,95.2,95.4,95.5,96.0,95.5,96.7,95.3,94.9,91.7,94.4,93.6,98.8,97.1,96.1,96.4,96.7,96.7,96.8,97.2,97.1,97.5,97.4,97.8,97.8,98.2,96.8,96.7,,,,,,,,,,,,,,,,,,,,,,,,,,,,,,,,,,,,,,,,,,,,,,,,,,,,,,,,,,,,,,,,,,,,,,,,,,,,,,,,,,,,,,,,,,,,,,,,,,,,,,,,,,,,,,,,,,,,,,,,,,,,,,,,,,,,,,,,,,,,,,,,,,,,,,,,,,,,,,,,,,,,,,,,,,,,,,,,,,,,,,,,,,,,,,,,,,,,,,,,,,,,,,,,,,,,,,,,,,,,,,,,,,,,,,,,,,,,,,,,,,,,,,,,,,,,,,,,,,,,,,,,,,,,,,,,,,,,,,,,,,,,,,,,,,,,,,,,,,
2012-04-01,97.8,98.0538973,98.04723044,97.4,97.4,96.1,97.4,93.0,98.0,97.8,100.7,98.7,94.9,93.7,98.3,97.8,97.2,98.0,97.6,97.6,97.7,98.2,98.1,98.1,98.2,98.3,98.2,98.6,97.8,97.6,,,,,,,,,,,,,,,,,,,,,,,,,,,,,,,,,,,,,,,,,,,,,,,,,,,,,,,,,,,,,,,,,,,,,,,,,,,,,,,,,,,,,,,,,,,,,,,,,,,,,,,,,,,,,,,,,,,,,,,,,,,,,,,,,,,,,,,,,,,,,,,,,,,,,,,,,,,,,,,,,,,,,,,,,,,,,,,,,,,,,,,,,,,,,,,,,,,,,,,,,,,,,,,,,,,,,,,,,,,,,,,,,,,,,,,,,,,,,,,,,,,,,,,,,,,,,,,,,,,,,,,,,,,,,,,,,,,,,,,,,,,,,,,,,,,,,,,,,,
2012-05-01,98.6,98.83707056,98.87135307,98.4,98.4,96.9,99.0,93.5,99.0,99.0,102.4,100.0,96.1,94.5,98.1,98.6,98.0,99.2,98.4,98.5,98.6,99.3,98.6,98.8,98.8,98.8,99.1,99.2,98.4,98.4,,,,,,,,,,,,,,,,,,,,,,,,,,,,,,,,,,,,,,,,,,,,,,,,,,,,,,,,,,,,,,,,,,,,,,,,,,,,,,,,,,,,,,,,,,,,,,,,,,,,,,,,,,,,,,,,,,,,,,,,,,,,,,,,,,,,,,,,,,,,,,,,,,,,,,,,,,,,,,,,,,,,,,,,,,,,,,,,,,,,,,,,,,,,,,,,,,,,,,,,,,,,,,,,,,,,,,,,,,,,,,,,,,,,,,,,,,,,,,,,,,,,,,,,,,,,,,,,,,,,,,,,,,,,,,,,,,,,,,,,,,,,,,,,,,,,,,,,,,
2012-06-01,99.8,99.70391577,99.76232558,100.2,100.1,97.7,102.0,97.1,99.7,99.6,103.7,105.9,97.3,94.8,98.6,99.2,98.9,100.0,99.3,99.3,99.3,99.9,99.3,99.8,99.5,99.4,100.7,99.5,99.5,99.6,,,,,,,,,,,,,,,,,,,,,,,,,,,,,,,,,,,,,,,,,,,,,,,,,,,,,,,,,,,,,,,,,,,,,,,,,,,,,,,,,,,,,,,,,,,,,,,,,,,,,,,,,,,,,,,,,,,,,,,,,,,,,,,,,,,,,,,,,,,,,,,,,,,,,,,,,,,,,,,,,,,,,,,,,,,,,,,,,,,,,,,,,,,,,,,,,,,,,,,,,,,,,,,,,,,,,,,,,,,,,,,,,,,,,,,,,,,,,,,,,,,,,,,,,,,,,,,,,,,,,,,,,,,,,,,,,,,,,,,,,,,,,,,,,,,,,,,,,,
2012-07-01,101.1,100.14373846,100.15006342,102.7,102.3,99.7,101.9,99.6,100.5,101.3,105.0,114.0,100.1,98.1,99.3,100.3,100.2,100.9,100.2,100.2,100.3,99.8,100.1,100.2,100.2,100.0,100.1,100.1,100.9,100.0,,,,,,,,,,,,,,,,,,,,,,,,,,,,,,,,,,,,,,,,,,,,,,,,,,,,,,,,,,,,,,,,,,,,,,,,,,,,,,,,,,,,,,,,,,,,,,,,,,,,,,,,,,,,,,,,,,,,,,,,,,,,,,,,,,,,,,,,,,,,,,,,,,,,,,,,,,,,,,,,,,,,,,,,,,,,,,,,,,,,,,,,,,,,,,,,,,,,,,,,,,,,,,,,,,,,,,,,,,,,,,,,,,,,,,,,,,,,,,,,,,,,,,,,,,,,,,,,,,,,,,,,,,,,,,,,,,,,,,,,,,,,,,,,,,,,,,,,,,
2012-08-01,102.2,100.98873291,100.97264271,104.1,103.7,102.0,101.9,100.1,101.4,103.2,106.1,112.7,104.4,105.9,100.3,101.1,101.5,101.6,101.2,101.2,101.3,100.6,101.1,101.0,101.0,100.9,100.6,100.9,102.0,101.2,,,,,,,,,,,,,,,,,,,,,,,,,,,,,,,,,,,,,,,,,,,,,,,,,,,,,,,,,,,,,,,,,,,,,,,,,,,,,,,,,,,,,,,,,,,,,,,,,,,,,,,,,,,,,,,,,,,,,,,,,,,,,,,,,,,,,,,,,,,,,,,,,,,,,,,,,,,,,,,,,,,,,,,,,,,,,,,,,,,,,,,,,,,,,,,,,,,,,,,,,,,,,,,,,,,,,,,,,,,,,,,,,,,,,,,,,,,,,,,,,,,,,,,,,,,,,,,,,,,,,,,,,,,,,,,,,,,,,,,,,,,,,,,,,,,,,,,,,,
2012-09-01,102.9,101.91939416,101.90773784,104.4,104.2,104.1,103.8,106.2,102.2,104.2,100.6,109.4,106.1,108.0,101.1,102.1,102.8,102.5,102.2,102.2,102.2,101.6,102.0,101.9,101.7,101.7,101.2,101.2,102.4,103.3,,,,,,,,,,,,,,,,,,,,,,,,,,,,,,,,,,,,,,,,,,,,,,,,,,,,,,,,,,,,,,,,,,,,,,,,,,,,,,,,,,,,,,,,,,,,,,,,,,,,,,,,,,,,,,,,,,,,,,,,,,,,,,,,,,,,,,,,,,,,,,,,,,,,,,,,,,,,,,,,,,,,,,,,,,,,,,,,,,,,,,,,,,,,,,,,,,,,,,,,,,,,,,,,,,,,,,,,,,,,,,,,,,,,,,,,,,,,,,,,,,,,,,,,,,,,,,,,,,,,,,,,,,,,,,,,,,,,,,,,,,,,,,,,,,,,,,,,,,
2012-10-01,103.6,102.74026598,102.68824524,104.8,104.6,105.4,103.9,107.2,103.2,103.9,100.5,108.3,106.4,108.7,101.8,102.9,104.0,103.2,103.3,103.4,103.1,102.7,103.1,102.5,102.7,102.5,102.0,101.8,102.7,103.4,,,,,,,,,,,,,,,,,,,,,,,,,,,,,,,,,,,,,,,,,,,,,,,,,,,,,,,,,,,,,,,,,,,,,,,,,,,,,,,,,,,,,,,,,,,,,,,,,,,,,,,,,,,,,,,,,,,,,,,,,,,,,,,,,,,,,,,,,,,,,,,,,,,,,,,,,,,,,,,,,,,,,,,,,,,,,,,,,,,,,,,,,,,,,,,,,,,,,,,,,,,,,,,,,,,,,,,,,,,,,,,,,,,,,,,,,,,,,,,,,,,,,,,,,,,,,,,,,,,,,,,,,,,,,,,,,,,,,,,,,,,,,,,,,,,,,,,,,,
2012-11-01,104.3,103.55616919,103.47752643,105.1,105.1,106.2,103.1,107.3,103.6,104.4,102.4,107.9,106.7,108.6,101.9,103.4,105.3,103.8,104.5,104.6,104.2,103.8,104.1,103.1,103.5,103.0,102.5,102.5,103.0,104.2,,,,,,,,,,,,,,,,,,,,,,,,,,,,,,,,,,,,,,,,,,,,,,,,,,,,,,,,,,,,,,,,,,,,,,,,,,,,,,,,,,,,,,,,,,,,,,,,,,,,,,,,,,,,,,,,,,,,,,,,,,,,,,,,,,,,,,,,,,,,,,,,,,,,,,,,,,,,,,,,,,,,,,,,,,,,,,,,,,,,,,,,,,,,,,,,,,,,,,,,,,,,,,,,,,,,,,,,,,,,,,,,,,,,,,,,,,,,,,,,,,,,,,,,,,,,,,,,,,,,,,,,,,,,,,,,,,,,,,,,,,,,,,,,,,,,,,,,,,
2012-12-01,104.6,104.18581455,104.09699789,104.9,105.0,107.2,104.0,106.7,103.9,104.6,102.7,103.4,106.7,107.7,102.3,104.2,106.5,104.8,105.5,105.7,104.9,104.7,104.8,103.5,104.3,103.6,102.9,102.9,103.3,104.4,,,,,,,,,,,,,,,,,,,,,,,,,,,,,,,,,,,,,,,,,,,,,,,,,,,,,,,,,,,,,,,,,,,,,,,,,,,,,,,,,,,,,,,,,,,,,,,,,,,,,,,,,,,,,,,,,,,,,,,,,,,,,,,,,,,,,,,,,,,,,,,,,,,,,,,,,,,,,,,,,,,,,,,,,,,,,,,,,,,,,,,,,,,,,,,,,,,,,,,,,,,,,,,,,,,,,,,,,,,,,,,,,,,,,,,,,,,,,,,,,,,,,,,,,,,,,,,,,,,,,,,,,,,,,,,,,,,,,,,,,,,,,,,,,,,,,,,,,,
2013-01-01,104.6,103.76270779,103.51147992,105.4,105.6,108.4,107.3,110.0,104.4,105.1,103.2,102.2,106.0,106.2,102.7,104.9,107.3,105.1,106.2,106.3,105.5,100.3,105.5,103.9,104.8,104.0,103.2,103.1,103.6,104.5,,,,,,,,,,,,,,,,,,,,,,,,,,,,,,,,,,,,,,,,,,,,,,,,,,,,,,,,,,,,,,,,,,,,,,,,,,,,,,,,,,,,,,,,,,,,,,,,,,,,,,,,,,,,,,,,,,,,,,,,,,,,,,,,,,,,,,,,,,,,,,,,,,,,,,,,,,,,,,,,,,,,,,,,,,,,,,,,,,,,,,,,,,,,,,,,,,,,,,,,,,,,,,,,,,,,,,,,,,,,,,,,,,,,,,,,,,,,,,,,,,,,,,,,,,,,,,,,,,,,,,,,,,,,,,,,,,,,,,,,,,,,,,,,,,,,,,,,,,
2013-02-01,105.3,104.20476542,103.94515856,106.4,106.6,110.4,110.2,112.8,104.9,105.5,103.6,103.2,105.3,105.1,102.8,105.5,108.3,105.7,106.8,106.9,106.0,100.4,106.0,104.4,105.2,104.5,104.2,103.6,103.9,104.5,,,,,,,,,,,,,,,,,,,,,,,,,,,,,,,,,,,,,,,,,,,,,,,,,,,,,,,,,,,,,,,,,,,,,,,,,,,,,,,,,,,,,,,,,,,,,,,,,,,,,,,,,,,,,,,,,,,,,,,,,,,,,,,,,,,,,,,,,,,,,,,,,,,,,,,,,,,,,,,,,,,,,,,,,,,,,,,,,,,,,,,,,,,,,,,,,,,,,,,,,,,,,,,,,,,,,,,,,,,,,,,,,,,,,,,,,,,,,,,,,,,,,,,,,,,,,,,,,,,,,,,,,,,,,,,,,,,,,,,,,,,,,,,,,,,,,,,,,,
2013-03-01,105.5,104.47419653,104.23909091,106.5,106.9,111.4,109.7,111.2,105.1,104.9,105.3,102.2,105.0,104.2,103.0,106.2,108.9,106.6,107.3,107.4,106.5,100.4,106.1,104.7,105.6,104.9,105.1,103.7,104.0,104.3,,,,,,,,,,,,,,,,,,,,,,,,,,,,,,,,,,,,,,,,,,,,,,,,,,,,,,,,,,,,,,,,,,,,,,,,,,,,,,,,,,,,,,,,,,,,,,,,,,,,,,,,,,,,,,,,,,,,,,,,,,,,,,,,,,,,,,,,,,,,,,,,,,,,,,,,,,,,,,,,,,,,,,,,,,,,,,,,,,,,,,,,,,,,,,,,,,,,,,,,,,,,,,,,,,,,,,,,,,,,,,,,,,,,,,,,,,,,,,,,,,,,,,,,,,,,,,,,,,,,,,,,,,,,,,,,,,,,,,,,,,,,,,,,,,,,,,,,,,
2013-04-01,106.1,104.70757296,104.44837209,107.5,107.7,111.6,110.9,106.6,105.7,104.4,108.9,105.5,105.3,103.5,103.3,107.2,109.6,107.5,107.9,108.0,107.0,100.5,106.5,104.8,106.3,105.3,104.7,104.2,105.0,102.9,,,,,,,,,,,,,,,,,,,,,,,,,,,,,,,,,,,,,,,,,,,,,,,,,,,,,,,,,,,,,,,,,,,,,,,,,,,,,,,,,,,,,,,,,,,,,,,,,,,,,,,,,,,,,,,,,,,,,,,,,,,,,,,,,,,,,,,,,,,,,,,,,,,,,,,,,,,,,,,,,,,,,,,,,,,,,,,,,,,,,,,,,,,,,,,,,,,,,,,,,,,,,,,,,,,,,,,,,,,,,,,,,,,,,,,,,,,,,,,,,,,,,,,,,,,,,,,,,,,,,,,,,,,,,,,,,,,,,,,,,,,,,,,,,,,,,,,,,,
2013-05-01,106.9,104.94200222,104.58655391,109.1,109.2,112.3,111.3,104.7,106.8,103.9,109.3,112.9,105.8,103.1,104.3,108.1,110.5,108.6,108.5,108.7,107.4,100.5,107.4,104.8,106.9,105.9,104.0,104.8,105.6,102.3,,,,,,,,,,,,,,,,,,,,,,,,,,,,,,,,,,,,,,,,,,,,,,,,,,,,,,,,,,,,,,,,,,,,,,,,,,,,,,,,,,,,,,,,,,,,,,,,,,,,,,,,,,,,,,,,,,,,,,,,,,,,,,,,,,,,,,,,,,,,,,,,,,,,,,,,,,,,,,,,,,,,,,,,,,,,,,,,,,,,,,,,,,,,,,,,,,,,,,,,,,,,,,,,,,,,,,,,,,,,,,,,,,,,,,,,,,,,,,,,,,,,,,,,,,,,,,,,,,,,,,,,,,,,,,,,,,,,,,,,,,,,,,,,,,,,,,,,,,
2013-06-01,109.3,106.84944588,106.63968288,112.4,112.2,113.8,114.9,109.8,107.9,104.2,110.7,126.7,106.3,103.2,105.7,109.0,111.6,109.5,109.3,109.5,108.1,106.6,108.3,105.8,107.6,106.4,105.1,105.4,107.4,102.8,,,,,,,,,,,,,,,,,,,,,,,,,,,,,,,,,,,,,,,,,,,,,,,,,,,,,,,,,,,,,,,,,,,,,,,,,,,,,,,,,,,,,,,,,,,,,,,,,,,,,,,,,,,,,,,,,,,,,,,,,,,,,,,,,,,,,,,,,,,,,,,,,,,,,,,,,,,,,,,,,,,,,,,,,,,,,,,,,,,,,,,,,,,,,,,,,,,,,,,,,,,,,,,,,,,,,,,,,,,,,,,,,,,,,,,,,,,,,,,,,,,,,,,,,,,,,,,,,,,,,,,,,,,,,,,,,,,,,,,,,,,,,,,,,,,,,,,,,,
2013-07-01,111.0,107.86274474,107.66936575,115.2,114.7,114.8,116.4,111.9,108.9,104.3,111.7,140.0,106.4,103.3,106.8,109.6,112.6,110.3,110.0,110.2,108.8,107.7,109.2,106.9,108.2,107.0,107.1,106.1,109.1,102.8,,,,,,,,,,,,,,,,,,,,,,,,,,,,,,,,,,,,,,,,,,,,,,,,,,,,,,,,,,,,,,,,,,,,,,,,,,,,,,,,,,,,,,,,,,,,,,,,,,,,,,,,,,,,,,,,,,,,,,,,,,,,,,,,,,,,,,,,,,,,,,,,,,,,,,,,,,,,,,,,,,,,,,,,,,,,,,,,,,,,,,,,,,,,,,,,,,,,,,,,,,,,,,,,,,,,,,,,,,,,,,,,,,,,,,,,,,,,,,,,,,,,,,,,,,,,,,,,,,,,,,,,,,,,,,,,,,,,,,,,,,,,,,,,,,,,,,,,,,
2013-08-01,112.4,108.79619505,108.66549683,117.3,116.6,115.6,117.2,111.7,109.6,104.5,109.8,151.8,106.5,103.1,107.4,110.2,113.4,111.2,110.7,111.0,109.4,108.9,109.7,107.9,108.7,107.5,108.0,106.6,109.9,105.4,,,,,,,,,,,,,,,,,,,,,,,,,,,,,,,,,,,,,,,,,,,,,,,,,,,,,,,,,,,,,,,,,,,,,,,,,,,,,,,,,,,,,,,,,,,,,,,,,,,,,,,,,,,,,,,,,,,,,,,,,,,,,,,,,,,,,,,,,,,,,,,,,,,,,,,,,,,,,,,,,,,,,,,,,,,,,,,,,,,,,,,,,,,,,,,,,,,,,,,,,,,,,,,,,,,,,,,,,,,,,,,,,,,,,,,,,,,,,,,,,,,,,,,,,,,,,,,,,,,,,,,,,,,,,,,,,,,,,,,,,,,,,,,,,,,,,,,,,,
2013-09-01,113.7,109.80136683,109.70033827,119.0,118.3,116.4,116.9,112.3,110.5,105.3,107.3,160.9,107.1,103.1,108.3,110.7,114.6,112.0,111.9,112.2,110.4,109.7,110.5,109.0,109.6,108.1,109.9,107.5,110.6,106.8,,,,,,,,,,,,,,,,,,,,,,,,,,,,,,,,,,,,,,,,,,,,,,,,,,,,,,,,,,,,,,,,,,,,,,,,,,,,,,,,,,,,,,,,,,,,,,,,,,,,,,,,,,,,,,,,,,,,,,,,,,,,,,,,,,,,,,,,,,,,,,,,,,,,,,,,,,,,,,,,,,,,,,,,,,,,,,,,,,,,,,,,,,,,,,,,,,,,,,,,,,,,,,,,,,,,,,,,,,,,,,,,,,,,,,,,,,,,,,,,,,,,,,,,,,,,,,,,,,,,,,,,,,,,,,,,,,,,,,,,,,,,,,,,,,,,,,,,,,
2013-10-01,114.8,110.2358515,110.13980973,121.1,120.2,117.1,116.3,113.3,111.2,105.7,109.9,171.2,107.3,102.7,108.7,111.2,115.4,112.5,112.8,113.2,111.2,110.5,110.9,109.2,110.3,108.6,109.5,108.1,110.8,107.4,,,,,,,,,,,,,,,,,,,,,,,,,,,,,,,,,,,,,,,,,,,,,,,,,,,,,,,,,,,,,,,,,,,,,,,,,,,,,,,,,,,,,,,,,,,,,,,,,,,,,,,,,,,,,,,,,,,,,,,,,,,,,,,,,,,,,,,,,,,,,,,,,,,,,,,,,,,,,,,,,,,,,,,,,,,,,,,,,,,,,,,,,,,,,,,,,,,,,,,,,,,,,,,,,,,,,,,,,,,,,,,,,,,,,,,,,,,,,,,,,,,,,,,,,,,,,,,,,,,,,,,,,,,,,,,,,,,,,,,,,,,,,,,,,,,,,,,,,,
2013-11-01,116.3,110.84442187,110.73515856,123.9,122.6,118.1,115.4,118.7,112.5,106.8,113.5,183.1,108.2,102.2,109.4,111.8,116.5,113.1,113.8,114.2,111.9,111.1,111.6,109.7,111.1,109.3,109.5,108.6,111.2,108.1,,,,,,,,,,,,,,,,,,,,,,,,,,,,,,,,,,,,,,,,,,,,,,,,,,,,,,,,,,,,,,,,,,,,,,,,,,,,,,,,,,,,,,,,,,,,,,,,,,,,,,,,,,,,,,,,,,,,,,,,,,,,,,,,,,,,,,,,,,,,,,,,,,,,,,,,,,,,,,,,,,,,,,,,,,,,,,,,,,,,,,,,,,,,,,,,,,,,,,,,,,,,,,,,,,,,,,,,,,,,,,,,,,,,,,,,,,,,,,,,,,,,,,,,,,,,,,,,,,,,,,,,,,,,,,,,,,,,,,,,,,,,,,,,,,,,,,,,,,
2013-12-01,114.5,111.12502771,111.01295983,118.7,118.4,119.1,116.7,123.5,113.4,107.3,113.3,145.4,108.7,101.5,110.5,112.1,117.4,114.0,114.8,115.2,112.7,110.7,111.9,110.0,111.7,109.7,109.8,109.0,111.5,107.9,,,,,,,,,,,,,,,,,,,,,,,,,,,,,,,,,,,,,,,,,,,,,,,,,,,,,,,,,,,,,,,,,,,,,,,,,,,,,,,,,,,,,,,,,,,,,,,,,,,,,,,,,,,,,,,,,,,,,,,,,,,,,,,,,,,,,,,,,,,,,,,,,,,,,,,,,,,,,,,,,,,,,,,,,,,,,,,,,,,,,,,,,,,,,,,,,,,,,,,,,,,,,,,,,,,,,,,,,,,,,,,,,,,,,,,,,,,,,,,,,,,,,,,,,,,,,,,,,,,,,,,,,,,,,,,,,,,,,,,,,,,,,,,,,,,,,,,,,,
2014-01-01,113.6,111.73852974,111.67179704,115.6,115.8,119.6,118.8,124.1,114.1,106.8,113.9,122.2,108.9,100.2,111.0,112.3,118.1,114.5,115.4,115.8,113.2,111.6,112.2,110.6,112.3,110.3,110.7,109.7,111.6,108.2,90.5,123.7,117.3,117.5,118.9,89.8,122.7,120.9,118.4,111.3,117.9,107.8,195.0,141.5,106.0,123.5,118.8,122.5,130.9,117.9,120.5,120.0,118.7,116.6,119.3,119.7,124.1,114.2,110.1,110.2,114.8,111.1,105.2,96.8,144.3,106.2,113.8,110.7,106.0,118.4,129.5,130.5,116.3,143.8,120.4,116.0,115.6,104.1,119.9,119.2,119.7,108.9,127.1,,95.5,117.2,116.3,109.3,109.8,124.3,106.3,124.6,132.0,107.5,116.6,122.1,173.4,100.0,90.3,129.5,180.5,111.2,101.3,105.7,86.2,99.7,112.2,133.3,167.4,125.7,81.5,105.6,98.3,122.2,110.3,132.4,106.7,101.5,101.8,113.6,115.9,107.4,120.8,115.7,113.2,104.4,104.4,111.0,100.4,99.1,108.1,111.2,113.2,107.5,105.2,111.2,105.7,105.3,121.7,109.7,105.0,112.5,118.1,116.5,118.3,121.0,115.6,116.4,115.7,108.3,112.8,110.8,111.5,109.6,111.1,110.6,114.0,109.3,116.7,111.4,109.1,113.4,119.9,114.3,116.5,123.1,116.1,107.4,113.1,110.9,112.6,110.6,115.8,115.2,115.2,117.3,113.2,116.1,114.4,114.7,114.3,116.7,114.3,115.6,116.2,113.0,117.3,113.7,113.2,115.8,115.8,108.6,118.9,120.4,113.1,112.9,112.7,114.4,111.6,111.3,123.4,104.8,114.9,112.0,106.8,102.4,110.0,109.9,118.8,117.9,116.4,110.4,111.5,115.6,110.7,111.7,112.5,104.9,107.6,107.5,115.4,115.6,113.3,115.9,113.0,115.4,107.9,113.2,117.8,109.7,115.9,110.4,108.2,109.3,101.3,108.5,113.4,114.4,105.7,111.2,111.8,115.6,108.7,107.4,111.2,110.6,111.7,109.2,113.2,111.3,111.5,110.5,109.5,119.0,110.6,106.8,109.3,113.4,114.8,114.3,113.0,113.1,111.8,108.9,100.9,114.4,107.7,117.0,109.7,107.3,106.8,109.4,110.9,107.3,121.3,112.0,114.0,127.5,117.2,115.2,121.6,112.9,115.9,126.8,117.9,115.1,102.2,102.7,108.2,107.7,110.7,107.6,105.2,108.3,112.2,107.2,124.4,113.5,115.4,109.1,113.4,117.7,106.8,100.0,110.0,113.3,108.7,109.8,112.0,111.9,111.7,109.3,109.9,112.1,111.6,110.9,106.6,109.3,110.6,112.5,112.2,112.8,108.0,116.2,100.6,84.5,110.2,117.6
2014-02-01,113.6,112.15722202,112.12211416,114.8,115.3,120.2,119.2,122.5,115.1,106.6,115.4,114.5,109.3,99.2,111.4,112.6,118.8,114.7,115.9,116.4,113.3,112.5,112.4,110.9,112.8,110.7,111.1,110.1,111.8,108.7,90.5,124.1,117.3,118.2,120.2,89.8,123.7,121.2,119.2,111.9,118.5,108.0,182.6,143.5,106.4,124.0,119.4,122.5,131.5,118.6,121.0,121.4,119.1,116.7,114.4,120.2,122.5,115.1,111.0,110.2,115.5,112.5,104.8,95.9,151.3,105.5,114.9,111.8,106.3,118.8,124.8,128.6,129.5,148.6,121.8,121.0,125.0,104.0,120.2,125.7,124.9,113.7,135.2,,102.4,103.5,116.5,112.0,109.0,123.3,107.2,125.7,133.9,107.5,117.5,104.8,145.3,97.6,83.1,125.6,180.0,109.2,86.9,106.0,79.5,90.0,114.1,137.8,191.7,125.0,79.2,106.3,105.1,121.1,110.6,132.4,106.5,100.8,101.1,116.9,116.6,108.4,118.3,115.7,113.6,103.8,103.7,111.2,100.4,98.2,106.9,109.4,113.4,108.0,105.1,111.6,105.8,105.4,123.2,110.1,104.5,113.3,118.9,117.3,119.4,121.9,115.9,116.9,116.1,108.8,113.1,111.0,111.7,109.2,111.6,111.3,113.9,109.9,116.4,111.3,109.6,115.7,120.5,114.5,116.8,123.6,116.5,109.7,114.8,109.1,113.7,110.6,116.4,115.9,115.4,117.9,114.7,116.7,114.7,115.1,115.0,117.3,115.7,116.0,116.1,112.7,117.9,114.2,114.1,114.8,116.3,108.9,120.0,121.0,113.5,113.4,112.6,114.6,111.1,112.2,124.3,105.1,116.6,112.1,107.0,102.4,110.2,110.7,118.1,117.3,116.5,110.2,109.6,116.7,111.2,112.6,113.1,105.4,109.3,108.7,116.3,116.2,113.8,116.7,113.3,111.9,108.2,113.2,118.6,109.8,116.1,110.9,108.9,109.3,101.3,108.6,113.1,114.6,106.1,111.5,112.4,115.7,108.7,107.7,111.4,109.8,111.8,114.1,114.6,111.6,111.6,111.0,109.6,121.3,110.8,106.5,109.6,113.7,115.6,115.2,113.9,113.6,112.4,109.3,100.8,114.9,108.2,117.6,110.0,107.6,107.0,109.7,111.0,107.5,122.3,112.0,114.0,127.9,117.4,115.6,121.9,114.1,116.0,124.0,117.9,115.1,102.1,102.8,109.2,107.9,109.4,107.9,105.6,108.3,112.4,107.1,124.4,113.9,117.1,109.6,112.0,118.1,107.1,100.0,110.1,115.3,108.0,109.9,112.5,112.1,111.9,109.8,110.1,112.4,111.9,111.2,106.8,109.4,110.9,112.6,112.8,112.9,109.0,115.4,101.7,85.1,110.3,118.2
2014-03-01,114.2,112.59157739,112.6048203,115.7,116.1,120.7,119.3,121.0,116.1,106.9,118.7,116.3,109.8,99.6,111.8,112.7,119.3,115.2,116.4,116.8,113.7,113.2,112.5,111.3,113.2,111.2,111.4,110.6,112.0,109.0,90.5,124.6,117.5,118.9,120.6,87.7,124.5,121.8,120.1,112.3,118.9,108.1,195.0,144.0,107.0,124.7,119.9,126.4,131.0,119.6,121.3,122.1,120.0,115.8,114.6,120.8,121.0,116.2,111.4,111.4,116.1,112.7,105.0,95.1,157.7,105.4,115.8,112.7,107.5,121.9,126.8,126.2,132.2,154.2,124.3,128.2,,106.2,124.2,130.7,134.0,118.9,124.1,,111.6,96.9,115.4,114.8,107.9,121.7,107.6,126.3,135.3,107.9,118.5,110.6,138.6,102.6,84.1,124.9,187.2,112.2,87.4,108.9,81.5,89.2,118.5,139.3,173.2,126.3,89.0,111.3,112.6,122.3,111.1,132.4,106.0,100.9,100.5,120.0,117.2,109.4,118.9,115.1,113.6,103.3,103.8,111.8,100.5,98.5,106.7,108.7,113.6,108.7,105.0,112.2,105.6,106.0,124.6,110.0,104.1,113.8,118.9,118.1,120.0,122.5,116.4,117.5,116.3,109.2,113.2,111.4,112.4,109.5,111.9,111.9,114.1,109.9,117.3,111.7,109.8,117.4,121.3,116.1,117.3,124.2,116.5,110.6,115.2,110.8,113.1,110.9,116.9,116.5,115.5,118.7,115.2,117.2,115.3,115.4,115.5,117.9,115.9,116.4,115.8,113.3,118.4,114.8,114.6,114.7,116.9,109.2,120.5,121.5,114.0,113.8,113.1,114.9,111.5,112.9,125.1,105.1,118.8,112.2,106.7,102.4,110.7,111.3,118.6,119.3,116.6,112.1,111.7,117.1,112.0,112.9,114.0,106.2,109.6,108.7,116.8,116.4,114.3,117.3,114.1,113.2,108.9,113.4,119.5,109.7,116.1,111.4,109.5,109.9,101.3,108.7,105.7,115.1,106.6,111.8,112.1,115.9,108.7,108.0,111.8,109.5,111.8,115.2,115.0,112.3,112.3,111.2,110.0,121.2,111.5,106.4,109.9,114.2,116.2,116.1,114.4,114.7,113.0,109.5,101.2,115.0,108.6,118.3,111.0,107.0,106.8,110.0,111.4,108.5,123.4,112.4,112.2,128.6,118.0,115.9,122.6,115.6,116.3,126.7,117.9,115.1,102.1,103.0,109.2,108.2,108.7,108.2,105.5,108.3,112.8,107.4,124.4,114.3,118.4,110.1,112.9,118.7,107.5,100.0,109.9,115.9,108.1,110.0,113.2,112.3,112.4,109.9,110.6,112.8,112.5,111.6,107.0,109.8,111.5,112.6,112.9,113.2,110.1,116.6,101.5,85.4,111.3,118.9
2014-04-01,115.1,112.93393055,112.99668076,117.4,117.6,120.9,119.9,116.2,117.0,107.3,126.1,120.7,111.0,101.8,112.6,113.2,119.8,116.0,117.0,117.4,114.6,113.9,112.5,111.5,113.6,111.5,111.2,110.9,112.7,109.0,90.4,125.3,117.5,119.6,119.9,87.3,123.9,122.2,120.0,112.8,119.7,108.4,183.9,142.9,107.0,125.0,120.1,120.4,132.1,120.4,122.5,122.6,121.7,115.6,115.3,121.8,116.2,117.1,113.0,112.9,117.0,113.6,104.9,93.8,169.2,105.7,116.8,113.6,108.1,126.8,126.9,128.2,134.9,162.5,126.9,134.2,,116.9,125.6,137.0,167.6,113.6,128.7,,124.8,102.8,116.4,124.2,107.7,120.9,108.5,129.3,136.5,108.7,119.5,125.8,134.5,113.3,98.2,123.3,204.9,117.8,94.8,110.7,94.2,95.7,118.7,127.6,142.1,118.2,112.7,117.3,133.6,121.8,111.6,132.4,106.6,101.5,100.6,124.1,118.9,110.5,119.5,115.8,114.4,104.3,103.7,112.3,100.5,101.2,107.6,109.7,114.3,109.4,105.8,112.9,104.8,106.6,127.0,110.6,105.2,114.5,118.4,118.5,120.5,123.0,116.6,118.2,116.7,109.8,113.6,111.7,113.0,110.0,112.5,112.8,115.2,111.0,116.8,112.9,109.5,119.2,122.4,117.0,117.9,124.9,117.0,107.9,116.2,109.3,113.4,111.2,117.7,117.3,115.9,119.2,117.3,117.9,115.7,115.7,116.2,118.1,117.1,117.2,115.5,113.8,118.9,114.9,115.1,116.0,117.2,109.4,120.7,122.3,114.7,114.1,115.1,115.7,112.8,113.6,125.9,106.3,119.0,112.2,106.6,102.5,111.2,111.6,119.3,120.1,116.8,113.3,111.6,116.4,113.0,113.6,114.5,106.4,109.6,109.8,117.3,116.5,114.7,117.5,114.6,126.3,110.8,113.9,120.1,111.3,116.1,112.2,109.9,110.9,102.1,109.2,106.7,115.2,107.1,111.8,112.4,117.4,108.7,108.1,112.5,110.2,112.1,115.6,115.5,112.6,112.6,111.4,110.2,121.7,111.7,106.4,110.1,114.6,116.8,116.5,115.2,115.2,113.4,109.9,101.2,115.7,108.9,118.9,111.4,107.1,106.7,110.2,112.1,107.2,123.4,112.8,112.6,128.7,118.2,116.2,123.5,115.1,117.4,122.2,117.9,115.4,102.2,103.1,109.4,108.6,110.0,108.1,105.0,108.3,112.9,107.8,125.1,114.7,119.3,110.2,114.4,119.2,107.7,100.0,110.5,116.8,110.0,110.4,113.7,112.9,113.1,110.1,111.1,113.6,112.9,112.1,107.2,109.8,111.9,114.6,112.9,113.5,110.0,122.3,100.1,82.8,109.3,119.9
2014-05-01,115.8,113.27279276,113.38454545,118.8,118.9,121.1,121.6,115.9,118.4,107.7,127.7,125.0,111.9,102.8,113.4,113.7,120.4,116.8,117.6,118.0,115.2,114.3,112.5,111.8,114.1,111.8,111.3,111.2,113.0,109.1,90.4,126.0,117.9,120.2,120.2,88.4,122.8,122.4,120.1,113.2,120.0,108.7,182.9,142.3,108.9,125.7,120.6,123.8,133.1,120.4,123.2,124.4,122.8,117.7,115.9,123.8,115.9,118.4,114.1,113.9,118.6,116.8,104.9,93.8,179.8,105.9,117.9,116.0,108.4,129.4,122.5,115.8,135.6,169.2,130.9,138.5,,124.9,125.5,111.4,126.3,116.5,118.7,118.2,137.3,117.3,117.3,132.1,108.1,120.9,108.8,132.6,137.4,111.2,120.1,141.7,138.4,119.5,111.8,123.5,216.6,123.1,98.7,115.5,113.8,107.3,118.4,107.6,116.2,113.5,120.7,122.2,139.7,116.5,111.6,132.4,106.8,101.2,100.4,126.6,120.0,113.3,119.8,116.4,115.0,105.0,103.5,113.3,100.5,102.3,108.6,110.0,115.5,109.6,106.3,113.1,104.7,107.1,132.7,110.7,106.3,114.9,118.8,119.0,120.9,123.8,116.9,119.0,117.4,110.1,114.0,112.4,113.3,110.9,112.7,113.8,116.3,111.9,117.9,113.9,110.1,118.8,122.8,118.9,118.8,125.7,118.0,111.3,115.3,110.5,114.5,111.5,118.1,118.3,115.7,119.6,118.9,118.4,116.2,116.4,116.7,118.6,117.8,118.0,114.7,113.5,119.7,115.3,115.7,117.0,118.1,109.9,120.9,123.2,115.1,114.8,115.2,116.5,113.1,114.0,126.8,106.3,119.1,112.5,106.5,102.5,111.5,112.5,116.7,121.4,117.1,113.2,111.3,115.3,113.6,113.7,116.5,106.9,110.6,109.8,118.1,122.0,115.3,117.4,115.5,127.1,111.6,114.2,121.5,111.4,116.6,112.6,110.6,111.3,100.6,109.3,106.4,115.9,108.3,111.1,113.2,119.1,110.1,108.6,112.6,110.2,112.6,117.9,115.9,112.8,112.8,111.6,110.8,121.9,112.0,106.8,110.1,114.9,117.2,115.9,115.2,114.9,114.0,110.0,101.6,116.3,108.6,119.3,111.7,107.4,106.9,110.5,112.6,106.7,124.7,113.1,112.8,128.9,118.8,116.5,123.5,116.1,117.6,126.8,117.3,115.7,102.0,103.2,109.7,109.0,110.6,108.5,105.5,108.3,113.0,109.4,124.9,115.2,119.7,110.3,112.7,119.5,107.9,100.0,111.2,116.8,110.2,110.8,114.1,113.2,113.6,110.2,111.9,113.9,113.3,112.6,107.4,110.0,112.7,113.3,113.8,114.0,110.3,119.2,99.3,81.2,108.9,120.3
2014-06-01,116.7,113.67676395,113.74570825,120.5,120.4,121.5,123.1,115.8,119.7,107.8,128.3,132.1,112.4,102.9,114.3,114.2,121.2,117.8,118.3,118.8,115.6,113.9,113.2,112.3,114.6,112.3,111.8,111.6,114.8,108.3,90.4,126.8,118.8,120.0,121.5,88.1,122.5,122.1,120.6,113.6,120.1,109.1,182.9,141.2,110.5,125.6,120.6,127.4,134.0,121.0,123.9,125.5,122.9,119.7,116.7,125.5,115.8,119.7,114.5,115.1,120.3,118.2,104.7,93.8,180.4,105.8,118.8,117.5,108.6,129.3,119.8,108.9,131.7,169.3,133.6,135.8,,132.5,127.3,96.2,99.1,114.4,124.0,113.6,145.9,124.4,120.2,137.4,108.5,122.0,108.8,134.9,137.1,113.6,121.4,149.8,155.0,130.3,122.8,126.3,222.3,132.3,106.8,122.1,137.4,125.0,118.8,103.7,107.3,114.4,131.4,132.8,127.3,118.2,112.3,132.4,107.2,100.8,100.5,126.2,120.8,115.9,120.0,118.4,115.7,105.8,103.8,113.6,100.5,102.2,109.5,111.2,115.8,110.1,106.5,113.8,104.9,107.4,136.6,111.2,107.3,115.5,119.3,119.6,121.5,124.6,117.7,120.1,117.9,110.2,114.5,112.9,113.6,111.9,113.3,114.5,117.3,112.6,119.9,114.3,110.7,118.6,123.3,120.0,119.8,127.0,117.8,112.3,115.2,111.6,116.6,112.7,118.9,119.1,116.3,120.8,118.6,119.2,116.8,117.0,117.4,119.7,119.0,119.1,114.9,112.8,120.4,115.8,116.6,115.6,118.9,113.3,122.4,124.1,115.5,115.2,115.3,117.0,113.8,113.5,127.5,106.4,119.8,113.0,106.6,102.5,111.6,113.3,117.0,121.8,118.3,113.4,111.9,117.2,114.1,114.6,117.4,107.4,112.0,109.2,118.8,115.0,115.6,118.3,116.8,127.6,111.9,114.5,122.7,111.6,116.6,113.0,109.5,111.6,102.0,109.6,107.5,116.8,106.3,110.5,113.5,121.4,111.1,108.9,113.4,110.1,113.4,119.1,117.0,113.4,113.5,112.5,111.3,122.8,112.5,107.1,110.2,115.4,118.1,116.9,114.8,116.0,114.5,110.4,100.6,117.3,109.0,120.6,112.3,107.9,107.0,110.9,113.5,106.7,126.2,113.2,113.0,130.0,120.6,117.1,123.8,115.2,119.2,119.9,118.2,115.7,102.2,103.2,109.9,109.4,110.6,109.3,105.4,108.3,113.1,109.6,125.1,115.9,120.3,111.0,112.7,120.4,108.1,100.0,111.2,117.0,111.1,112.0,115.0,115.4,114.3,115.0,112.7,114.4,114.0,113.2,108.0,110.5,113.2,113.9,114.1,115.4,109.2,121.5,94.7,80.5,107.4,121.1
2014-07-01,119.2,114.59613964,114.69680761,125.4,124.7,122.4,123.9,117.8,121.0,107.9,131.2,157.7,113.2,104.1,115.5,114.8,122.1,118.8,119.1,119.6,116.3,114.8,113.9,113.3,115.2,112.7,113.1,112.1,116.8,109.2,90.4,128.2,120.1,120.4,122.0,87.8,123.0,122.4,121.0,114.5,120.7,109.5,157.9,141.9,111.3,126.9,121.5,128.1,135.9,121.5,124.5,126.3,124.5,120.3,119.5,126.3,117.8,121.1,115.4,116.3,121.2,118.5,104.5,94.5,185.7,105.5,119.9,118.5,108.7,132.2,124.3,120.0,132.6,172.9,134.1,131.8,,136.5,137.1,95.7,108.4,112.4,130.0,107.8,149.5,128.0,124.2,146.3,110.6,123.3,109.0,135.2,138.1,115.8,122.9,167.4,206.5,150.8,145.6,130.9,228.7,143.3,195.9,140.9,168.3,151.8,139.6,116.1,112.6,126.7,155.8,142.6,116.7,130.0,112.9,132.4,107.7,100.9,100.9,126.2,121.8,118.9,120.4,119.7,116.6,105.9,103.9,114.5,100.4,103.5,111.0,111.7,117.8,110.8,106.8,114.3,105.1,108.2,139.4,112.3,108.1,116.3,120.4,120.1,122.0,125.9,118.3,120.9,118.3,110.7,115.2,114.3,113.9,112.5,113.8,115.1,117.9,112.8,119.2,114.5,112.0,116.3,125.2,121.9,121.5,130.6,118.8,112.3,118.0,112.2,118.5,113.3,119.8,119.9,117.2,121.7,120.9,119.9,117.7,117.8,118.1,121.0,119.5,119.4,115.2,114.3,121.5,116.4,116.6,117.4,119.9,113.6,123.7,125.4,116.3,116.1,115.8,117.8,114.3,114.5,128.3,106.6,119.6,113.4,106.7,103.0,111.8,114.4,118.8,122.3,119.3,112.9,113.2,118.5,115.1,115.1,117.4,106.5,112.8,112.3,119.4,115.3,116.2,118.6,117.6,128.0,111.9,114.9,123.1,111.8,117.2,113.5,109.2,111.1,103.7,110.0,107.5,117.6,106.5,110.9,114.7,122.9,111.1,109.3,113.6,110.1,113.8,120.2,117.8,113.9,114.0,113.0,111.6,124.4,113.1,107.4,110.9,116.6,118.8,117.9,114.8,116.0,115.3,110.7,101.8,117.4,109.8,121.2,112.7,107.6,107.3,111.4,114.2,108.9,127.6,113.9,113.1,135.2,122.2,117.8,124.5,115.9,121.5,116.2,117.9,115.7,102.3,103.1,110.6,109.5,110.6,109.9,106.1,108.3,113.1,109.3,125.1,116.4,121.0,111.5,114.3,122.0,108.7,100.0,110.7,117.5,111.1,112.9,115.8,118.0,115.8,114.7,113.8,115.0,114.5,114.1,108.6,111.0,113.8,114.1,114.0,117.4,110.2,121.5,95.8,82.7,107.0,122.1
2014-08-01,120.3,115.05687107,115.20970402,127.5,126.6,122.7,124.4,117.3,122.0,108.0,131.1,168.2,114.5,104.3,117.1,115.2,123.1,119.9,119.6,120.0,116.8,115.5,114.0,113.7,115.6,113.3,112.8,112.6,118.0,109.9,81.7,129.3,121.7,120.8,121.5,79.3,123.6,123.1,122.0,115.6,122.0,109.8,157.9,142.8,111.4,127.6,123.5,125.6,136.7,121.8,125.1,127.4,125.3,120.2,119.5,127.2,117.3,122.1,116.7,118.4,122.1,118.7,104.6,93.9,193.3,105.3,120.4,119.2,108.8,132.9,130.3,130.8,134.4,176.3,135.3,119.2,,134.1,138.6,109.5,127.1,113.8,136.3,,131.0,128.8,123.6,161.4,111.1,125.1,109.5,134.0,137.5,119.5,124.1,185.6,209.9,161.5,151.5,143.3,223.4,145.2,241.6,144.6,181.4,160.2,146.1,116.4,108.4,133.8,171.8,138.7,114.6,133.1,114.0,132.4,109.5,101.0,101.3,126.9,122.3,122.8,122.0,119.6,117.6,105.8,104.0,115.8,100.4,103.6,112.7,111.3,118.5,111.2,106.9,114.5,105.7,109.3,141.4,113.9,110.0,117.8,121.3,121.1,123.2,127.2,119.0,121.9,119.0,111.2,115.3,115.3,113.9,113.5,114.4,115.8,118.5,113.3,120.7,115.2,113.1,116.1,127.1,123.6,122.2,133.0,119.5,116.4,116.8,113.1,119.6,115.1,120.3,120.1,117.5,121.9,119.7,120.8,118.1,118.2,118.8,121.4,119.1,119.0,115.5,113.2,122.0,117.0,117.6,118.2,120.3,115.4,124.4,126.1,116.9,116.3,116.1,118.4,114.6,115.2,129.1,106.7,119.9,113.8,106.7,103.1,111.9,115.4,119.8,124.1,119.5,112.1,115.8,117.5,115.8,115.3,117.4,106.8,113.6,116.6,119.7,115.6,116.9,119.7,117.6,128.4,111.7,114.8,123.8,112.5,117.2,113.8,110.1,110.9,111.3,110.3,110.1,118.4,105.8,111.1,115.5,122.4,112.3,109.8,113.7,110.7,114.5,121.2,118.0,114.5,114.5,113.2,112.3,126.5,114.2,107.5,111.8,117.4,118.9,118.2,114.8,116.2,116.4,111.3,101.8,118.5,110.9,122.0,113.4,107.6,107.3,111.8,114.5,106.5,128.6,114.6,116.0,137.0,122.8,118.2,125.5,117.4,122.1,116.6,117.9,115.7,102.5,103.5,111.2,109.7,111.3,109.8,106.2,108.3,113.0,109.7,124.9,117.0,121.9,111.6,114.8,122.7,109.2,100.0,111.3,117.7,111.5,113.9,116.5,119.2,117.0,115.2,114.4,115.9,115.1,114.9,109.1,111.6,114.1,115.2,113.8,118.3,113.1,121.5,96.3,81.9,108.3,123.0
2014-09-01,120.1,115.30624307,115.45175476,126.4,125.8,122.9,123.5,117.3,122.7,107.9,127.3,162.1,115.6,103.8,117.6,115.8,123.8,120.8,120.1,120.7,117.2,116.1,114.3,113.7,116.1,113.7,112.0,113.1,118.6,109.5,81.8,129.3,122.6,120.7,122.0,79.3,123.7,123.0,121.9,115.5,122.1,110.0,157.9,145.4,112.6,127.8,124.2,127.0,134.8,121.9,125.2,127.3,124.8,118.6,119.4,126.2,117.3,122.7,117.4,118.8,122.6,118.4,104.5,93.7,198.7,104.6,120.6,119.4,108.7,132.0,130.4,128.4,135.0,178.6,135.7,122.2,,127.2,138.0,118.5,134.6,124.6,144.2,,104.8,125.3,116.6,169.2,113.0,126.0,110.0,136.9,140.1,121.3,124.7,194.1,200.9,158.3,151.1,140.4,208.2,147.6,189.9,142.5,181.9,156.7,143.6,110.5,110.3,134.3,176.4,129.0,119.0,128.8,114.4,132.4,111.6,101.0,101.8,126.8,123.7,125.2,122.4,120.6,117.4,104.9,103.7,116.7,100.4,103.0,112.8,111.3,119.2,111.4,107.1,114.9,105.9,109.6,142.5,113.8,109.1,118.7,120.9,121.8,123.9,128.1,119.6,122.3,119.7,111.6,116.0,115.1,114.3,113.9,114.6,116.6,119.0,114.3,120.3,116.4,113.6,116.0,127.8,124.6,122.8,134.3,120.6,116.3,118.6,114.7,120.5,116.8,120.9,120.6,118.3,123.2,121.0,121.6,118.5,118.6,119.6,121.9,119.9,120.2,115.5,117.9,122.7,117.6,118.7,118.7,121.1,115.9,125.1,126.9,117.2,116.9,116.4,118.9,115.2,115.8,129.7,107.1,119.9,114.1,106.6,103.2,112.3,116.2,122.1,126.1,120.0,111.7,116.3,117.3,116.5,115.8,118.2,106.6,114.2,115.7,120.5,116.2,117.5,121.4,118.7,128.4,111.2,115.1,123.8,112.2,116.5,114.2,111.8,111.7,111.3,110.8,108.9,118.8,105.8,112.8,116.0,122.9,112.4,110.2,113.9,111.5,115.1,122.9,117.9,115.8,115.1,113.7,112.7,126.9,114.4,107.8,112.1,118.0,119.5,118.4,114.8,117.3,117.0,111.4,108.8,119.2,110.9,123.3,113.7,107.7,107.4,112.3,115.0,103.1,129.9,114.8,115.8,136.4,123.7,118.7,126.4,117.4,122.5,94.5,117.9,115.7,102.4,102.8,111.1,109.8,111.8,110.4,106.5,108.3,113.1,109.9,125.1,117.8,122.5,111.5,115.7,123.5,109.6,100.0,111.5,117.7,111.2,114.0,117.1,119.9,117.5,115.9,115.0,116.5,115.5,115.5,109.6,112.2,114.6,113.4,114.8,118.9,113.0,122.0,93.6,79.3,108.6,123.8
2014-10-01,120.1,115.69473587,115.83858351,125.8,125.4,123.2,123.8,118.1,123.2,107.9,126.4,156.8,116.1,103.1,118.1,116.1,124.5,121.1,121.0,121.5,118.1,116.7,114.7,113.9,116.7,114.3,111.8,113.3,118.8,109.6,81.8,129.5,123.5,121.6,122.3,79.3,124.1,123.1,122.6,116.1,122.5,110.3,164.2,143.2,114.4,127.9,124.3,127.3,135.0,123.1,126.2,128.4,125.1,119.1,118.0,125.9,118.1,123.2,118.1,119.5,123.4,118.9,104.5,94.0,198.5,104.4,121.2,120.0,108.9,131.9,131.8,132.9,129.1,177.3,137.4,131.6,153.7,120.6,138.2,119.2,138.1,120.2,142.1,,97.7,124.9,118.8,173.4,113.4,125.2,110.7,138.2,142.5,124.3,125.9,200.0,192.1,149.2,154.3,139.7,190.8,147.3,156.4,137.2,155.3,147.6,142.4,110.7,111.5,130.8,188.7,129.8,130.0,127.7,115.1,132.4,112.1,101.2,102.0,127.1,125.4,125.0,122.8,121.0,117.8,105.6,104.0,117.1,100.4,102.1,112.8,112.6,124.6,111.9,107.0,115.5,105.7,109.8,143.9,114.5,109.9,119.3,121.3,122.2,124.0,128.6,120.4,123.2,120.5,112.3,116.4,115.6,114.4,113.8,114.9,117.0,119.1,114.9,123.6,116.6,113.5,113.7,128.7,125.5,123.3,132.7,121.8,115.2,118.4,115.6,121.0,117.9,122.0,121.7,119.3,123.7,117.4,122.8,119.3,119.4,120.4,122.8,120.0,119.8,116.2,118.1,123.8,118.1,119.8,118.0,122.1,116.1,125.3,127.7,117.7,117.6,117.6,119.6,116.3,116.4,130.3,107.4,120.4,114.6,106.7,103.2,112.5,113.7,124.4,122.2,120.5,112.1,116.6,118.3,117.3,116.6,118.7,106.7,112.9,111.1,121.6,116.7,117.7,122.1,119.1,130.7,110.8,114.8,123.7,112.4,116.5,114.3,111.8,111.4,111.3,111.1,109.0,119.0,105.9,113.5,116.3,122.8,111.5,110.5,114.6,111.4,115.7,123.0,118.6,116.0,116.1,114.3,113.2,126.2,115.1,108.3,112.0,118.8,120.2,118.7,114.8,117.4,117.3,111.9,116.3,120.3,111.5,124.3,114.2,108.2,107.7,112.2,115.4,101.0,127.4,115.0,117.0,137.0,124.0,120.2,127.3,118.6,123.0,103.7,117.9,115.7,102.5,102.9,111.3,109.5,112.3,110.5,106.6,108.3,112.9,110.1,125.2,118.3,123.0,111.7,115.3,123.9,109.8,100.0,112.3,117.7,112.2,114.0,117.6,120.0,118.6,116.2,115.7,117.1,116.0,116.0,110.0,112.5,115.1,113.8,115.2,118.9,113.0,122.0,92.9,76.3,109.1,124.7
2014-11-01,120.1,115.93422608,115.99701903,125.3,125.1,123.3,123.7,121.0,124.2,107.8,125.7,152.4,117.2,102.1,118.7,116.4,125.6,122.1,121.6,122.1,118.4,117.1,115.5,113.8,117.3,114.8,110.8,113.7,119.0,109.1,81.8,129.4,123.7,121.7,122.1,79.3,124.5,123.6,122.8,116.6,122.9,110.9,139.2,141.6,112.5,127.1,124.7,129.8,136.3,123.7,127.4,128.8,125.1,118.1,119.6,125.4,121.0,124.3,118.7,120.7,124.1,119.6,104.6,94.1,195.6,104.0,121.6,121.0,108.8,128.5,132.7,135.6,127.4,178.6,139.6,134.4,133.3,111.6,139.5,127.3,142.4,120.5,133.7,,95.1,128.5,120.3,175.9,112.5,125.4,111.5,147.1,143.8,126.0,125.8,203.9,191.0,134.8,148.4,139.7,179.3,140.0,129.8,136.0,122.2,132.3,133.2,123.9,114.2,132.4,186.0,131.5,122.9,133.0,115.5,132.4,113.5,101.6,102.1,130.3,126.9,124.8,121.6,120.9,117.6,105.3,104.1,117.6,100.4,101.0,112.5,113.2,125.2,112.5,107.2,115.9,106.1,109.7,144.8,114.9,110.7,120.2,121.8,123.4,128.4,130.0,121.5,123.8,121.3,113.1,116.5,116.9,114.6,114.3,115.2,117.6,119.9,116.7,123.1,117.0,114.6,113.8,128.8,126.3,123.5,134.8,122.3,120.7,117.4,119.4,123.8,118.8,122.2,122.4,119.8,124.2,119.2,123.3,119.7,119.8,120.8,123.4,120.4,119.8,119.0,118.1,124.3,118.6,120.0,119.8,122.6,120.1,126.3,128.6,118.1,118.0,117.5,120.0,116.7,116.7,131.0,107.4,121.2,115.1,107.3,103.2,112.5,106.7,123.8,118.6,122.0,115.2,117.1,119.8,117.6,117.1,119.1,108.8,113.9,104.7,121.8,119.0,118.5,123.1,119.2,131.3,110.5,114.8,123.5,112.4,116.5,114.5,111.8,111.2,111.4,111.1,109.0,119.6,106.0,113.6,117.1,123.8,112.9,111.1,115.9,112.6,117.0,123.2,119.6,118.3,116.5,114.8,113.5,126.4,115.7,108.7,112.0,119.5,121.0,118.9,115.0,118.9,117.9,112.5,114.8,120.4,111.7,125.0,114.9,108.3,107.8,112.5,115.5,97.1,120.5,115.4,117.1,137.1,124.1,121.5,128.1,120.7,123.2,103.4,117.9,115.7,102.6,103.3,111.5,109.8,112.5,111.0,105.9,108.3,112.9,110.3,125.6,118.9,123.6,112.3,118.5,125.2,109.9,100.0,112.4,117.7,112.0,114.3,118.1,120.2,118.7,115.3,116.3,117.4,116.8,116.6,110.6,113.2,115.8,113.8,116.2,119.0,112.4,122.2,90.1,71.5,109.5,125.6
2014-12-01,119.4,115.93570373,115.96978858,123.4,123.6,122.9,123.2,123.5,124.5,107.6,125.7,140.5,117.6,100.6,119.1,116.8,126.1,123.0,122.0,122.6,118.6,116.5,115.7,113.8,117.5,115.1,110.1,113.9,119.5,109.8,81.9,128.5,122.9,122.0,122.8,79.3,124.7,123.6,122.8,116.8,122.8,111.0,139.0,139.2,113.2,126.9,125.0,128.2,136.3,123.6,127.9,129.8,125.5,116.5,119.5,125.3,123.5,124.5,119.3,121.4,125.4,120.2,104.7,94.1,185.3,103.9,121.6,121.3,108.1,127.7,139.8,136.7,124.2,177.0,139.2,128.8,128.6,104.9,135.9,132.6,151.4,116.7,137.4,,97.0,132.5,117.8,174.5,113.2,125.5,111.4,151.6,145.4,127.0,126.0,160.5,186.3,119.3,129.3,133.4,168.1,130.0,129.2,126.6,115.8,125.7,124.8,132.9,126.0,131.5,124.6,125.5,114.4,132.2,116.1,132.4,113.7,101.6,102.1,131.5,127.7,124.7,121.5,121.7,117.3,105.2,104.2,118.0,100.7,99.2,111.0,113.2,126.6,113.0,107.1,115.8,106.2,110.0,145.2,115.2,110.5,121.3,122.0,124.3,130.9,130.5,121.5,124.1,121.9,114.1,117.0,117.4,114.4,114.2,115.3,117.9,120.2,117.3,123.5,117.4,115.6,115.0,129.8,127.9,124.7,135.8,122.8,122.7,116.9,117.9,125.6,119.7,122.4,123.0,120.3,124.0,119.4,123.7,119.9,120.3,121.5,123.9,120.3,120.4,120.2,118.6,124.8,119.1,119.8,119.5,123.2,120.3,127.7,129.1,118.3,118.2,117.6,120.3,116.9,116.2,131.6,107.5,121.9,115.6,107.7,103.3,112.6,102.4,120.7,116.9,121.9,116.0,118.5,120.1,117.8,117.1,118.8,111.0,114.7,116.7,122.0,120.0,119.2,122.2,120.2,132.2,110.6,114.6,123.4,112.6,117.1,114.6,112.4,111.3,110.6,110.9,113.4,120.1,106.4,113.9,116.7,124.0,113.1,111.4,116.1,113.2,117.5,124.7,120.3,118.3,116.4,114.9,113.5,129.2,116.4,108.6,112.0,120.2,121.0,119.4,115.6,119.1,118.2,112.7,118.0,120.1,111.9,125.6,115.2,108.5,107.9,112.4,115.3,94.5,116.8,115.8,117.6,137.1,124.1,121.6,128.3,121.6,123.0,103.0,117.9,115.9,102.5,103.3,111.4,109.8,112.8,111.3,105.9,108.3,113.0,111.3,126.1,119.2,124.0,112.3,118.2,125.9,110.0,100.0,112.0,117.7,112.6,114.4,118.4,120.6,119.4,115.8,116.7,118.4,117.3,117.0,110.7,113.5,116.0,113.8,117.0,119.1,113.2,122.2,91.2,71.6,108.4,126.4
2015-01-01,119.5,116.39445881,116.37919662,122.7,123.1,123.4,123.9,123.8,125.0,108.5,126.2,133.0,119.1,99.0,120.3,117.3,126.7,124.0,122.5,123.1,119.3,117.3,116.5,114.0,118.1,115.5,109.4,114.3,119.7,110.7,89.0,127.9,122.7,122.1,123.5,88.0,125.8,124.1,123.4,117.2,123.1,111.4,132.7,138.4,114.1,126.3,126.1,132.0,135.7,124.8,129.1,130.8,127.2,115.6,120.4,127.2,123.8,125.0,119.7,121.6,125.9,121.1,106.1,95.8,181.3,104.9,122.0,121.8,108.3,126.2,145.0,134.1,130.8,178.1,144.1,127.8,133.1,103.9,126.6,136.3,152.9,114.2,133.6,,100.0,126.1,117.8,178.7,116.0,126.3,111.6,151.6,147.5,128.3,127.2,122.8,179.8,112.9,119.1,132.3,159.2,125.7,124.0,122.5,105.5,123.7,127.3,148.2,155.7,134.5,115.2,123.4,111.5,134.5,116.9,132.4,114.8,103.0,103.6,134.1,130.5,126.0,121.9,123.1,117.6,106.4,105.1,119.0,100.7,97.4,109.8,112.2,127.2,113.7,107.5,116.3,107.3,111.0,147.6,116.3,112.3,121.7,124.5,125.2,132.5,131.4,121.6,124.5,122.3,114.5,117.7,118.2,114.4,114.1,115.3,118.1,120.8,118.0,124.3,117.7,114.8,117.8,132.4,129.0,125.2,137.7,123.8,123.4,116.3,119.3,127.1,120.9,123.1,123.2,121.0,124.9,120.7,124.2,120.2,121.0,121.9,124.4,120.7,120.9,120.9,119.2,125.4,119.6,120.3,118.6,123.9,120.3,128.1,129.6,119.1,118.9,118.1,121.1,117.4,116.9,132.0,108.1,121.9,116.3,108.1,103.7,112.8,97.7,122.6,119.0,123.2,115.4,120.2,120.0,118.6,117.7,119.6,113.7,113.8,120.1,122.6,120.6,120.1,123.2,120.4,133.0,111.1,115.6,124.2,113.3,117.8,114.9,111.5,111.7,110.1,111.0,112.6,120.6,106.6,114.7,116.7,124.0,112.1,111.5,116.2,113.4,117.6,124.8,121.0,118.7,116.7,115.3,113.9,129.9,117.3,108.2,112.0,121.1,121.8,120.2,115.3,119.2,118.6,113.0,118.0,119.8,112.9,126.7,115.7,109.0,108.4,112.9,115.9,91.6,112.9,116.4,117.6,137.0,124.5,122.0,129.4,121.8,123.6,88.6,117.9,115.9,101.9,103.3,111.4,110.2,113.6,111.8,106.2,108.3,113.3,112.7,126.2,119.8,124.8,112.3,116.1,126.7,110.4,100.0,112.0,117.7,113.4,114.7,118.8,120.9,119.8,115.8,117.1,118.9,117.9,117.4,111.3,114.0,116.3,114.6,118.0,119.7,114.0,120.5,93.2,73.1,108.6,126.8
2015-02-01,119.7,116.8964167,116.78021142,122.7,123.1,123.7,125.1,121.1,125.7,109.1,125.8,129.4,120.9,98.3,121.6,118.0,127.6,125.2,123.3,123.8,120.1,118.1,117.7,114.1,118.7,116.3,108.7,114.9,119.7,111.2,86.5,128.1,122.8,123.1,123.5,80.8,126.3,124.7,124.0,118.3,124.1,112.0,132.8,135.1,117.2,128.3,127.1,134.6,136.4,126.8,129.9,132.5,128.5,116.5,125.4,128.9,121.1,125.8,120.2,122.8,126.7,120.9,106.3,97.9,184.1,105.1,122.2,122.5,108.3,126.1,145.4,135.9,126.7,180.3,146.1,130.5,,107.0,123.3,128.6,154.8,133.9,133.9,,103.0,111.7,117.4,176.6,114.9,126.2,112.4,153.3,149.1,129.0,128.5,107.0,179.3,110.2,110.6,137.9,159.7,121.6,116.8,120.2,95.4,117.1,132.5,151.2,179.4,134.1,106.1,118.6,115.6,135.5,117.8,132.4,117.0,104.8,105.0,136.5,133.1,126.8,122.7,123.1,117.9,106.7,106.1,120.0,100.7,96.7,108.8,113.7,128.3,114.1,107.4,116.7,108.5,112.1,149.6,117.5,113.9,122.6,125.3,126.3,132.8,132.3,122.6,125.4,122.9,115.1,118.4,119.3,114.7,114.4,115.9,118.3,121.5,118.5,125.4,118.2,115.7,123.1,134.6,129.9,126.2,139.3,126.3,119.0,120.3,121.1,129.7,122.5,123.5,124.2,121.7,125.7,122.3,124.6,120.6,121.6,122.4,124.9,121.1,121.4,121.1,115.3,126.3,120.0,120.4,119.5,124.3,122.5,129.2,131.2,119.7,119.7,118.3,122.2,118.1,117.8,132.4,108.0,122.1,117.2,108.4,103.7,113.7,92.2,124.1,119.7,125.5,117.2,120.8,121.3,119.4,118.5,120.6,115.8,113.3,120.9,123.0,121.3,120.8,124.7,120.4,132.4,114.2,117.2,123.7,113.4,117.8,115.4,111.9,111.7,112.6,110.7,107.5,121.5,106.6,115.1,117.3,125.5,113.2,111.9,117.5,114.4,117.0,124.9,121.7,118.4,117.1,115.9,114.4,131.5,118.0,108.8,113.0,121.8,122.6,121.0,115.3,120.8,120.0,113.5,116.3,120.5,113.4,128.4,116.4,109.5,108.9,113.2,116.1,87.8,107.7,116.7,116.8,136.7,125.5,122.7,130.1,124.8,124.1,89.3,119.9,115.9,102.1,103.0,112.0,110.6,112.8,112.4,106.6,108.3,113.3,113.4,126.4,120.4,125.3,112.7,117.0,127.8,110.9,100.0,112.4,117.7,114.1,115.0,119.4,120.7,120.1,116.0,117.6,119.3,118.6,118.1,111.7,114.4,116.8,117.3,118.6,120.2,114.0,116.5,92.9,73.3,109.3,128.3
2015-03-01,120.2,117.45369413,117.33131078,122.8,123.4,123.5,125.4,116.8,126.0,109.2,127.6,129.2,122.4,97.0,122.1,118.1,128.4,125.8,123.7,124.3,120.4,118.6,118.3,114.7,119.2,116.7,109.9,115.4,120.1,111.0,86.5,127.8,122.4,122.8,123.2,82.9,126.2,124.5,124.0,119.1,124.9,112.0,132.8,132.5,116.9,128.8,127.4,131.9,135.0,127.1,130.6,132.8,127.3,116.3,121.0,129.3,116.8,126.0,120.2,123.2,127.3,121.4,106.2,99.4,182.5,105.4,122.3,122.7,108.5,126.7,138.0,134.7,132.3,180.7,147.7,133.4,,111.7,123.6,136.6,152.0,147.3,132.5,,108.9,104.2,118.0,176.2,116.5,128.0,113.5,158.6,150.4,129.6,129.6,100.0,175.5,117.4,108.8,135.0,160.9,126.1,114.6,123.7,103.5,116.4,138.4,150.8,161.5,138.8,112.8,123.0,129.0,135.8,118.3,132.4,119.5,105.8,106.0,137.4,134.4,127.9,122.3,122.4,117.9,107.3,106.8,120.7,100.8,95.2,107.5,114.5,129.8,114.5,108.8,116.8,109.2,112.8,148.6,118.2,114.0,123.9,125.7,127.1,133.5,133.3,123.2,125.8,123.7,114.5,118.4,119.5,115.3,114.8,116.1,119.1,122.0,119.0,126.0,119.0,114.7,123.4,135.4,130.4,126.8,140.3,127.4,120.4,122.2,120.0,130.2,123.1,124.3,124.9,122.1,126.1,122.0,125.2,120.9,121.8,122.8,125.8,120.4,121.5,121.0,109.7,126.8,120.6,120.3,125.9,125.1,121.3,129.8,132.1,120.0,119.9,118.7,122.4,118.4,118.3,132.8,108.2,122.2,117.8,108.7,104.3,113.9,98.6,124.3,121.3,126.1,119.4,118.8,121.4,119.8,118.8,120.7,116.1,114.7,119.9,123.7,121.5,121.0,125.5,121.7,132.4,113.7,118.3,122.6,114.9,117.8,116.0,111.2,111.5,113.2,110.8,107.6,122.2,107.1,116.1,117.1,125.5,113.2,112.0,117.4,113.7,117.2,124.9,121.8,119.2,117.7,116.3,114.7,131.6,118.4,109.2,113.3,122.3,122.9,121.1,115.3,122.0,120.0,113.9,118.6,121.9,112.8,129.4,116.9,109.9,109.1,113.4,116.7,91.8,113.0,117.0,118.4,136.7,125.9,123.0,130.2,124.1,124.1,79.3,119.9,115.9,102.3,103.3,112.0,110.9,113.5,112.7,106.7,108.9,113.5,114.3,125.8,120.9,125.6,112.7,118.3,129.3,111.3,100.0,114.3,119.9,114.2,115.3,119.8,121.0,120.6,116.6,117.9,119.8,119.2,118.7,112.0,114.8,117.6,117.5,119.0,120.4,113.2,113.5,90.9,72.3,107.6,129.5
2015-04-01,120.7,117.92166605,117.80911205,123.4,124.0,123.5,126.4,114.4,126.6,109.2,132.5,128.6,124.8,95.7,122.4,118.5,129.1,126.9,124.1,124.7,120.8,119.2,118.7,115.1,119.7,117.1,110.1,115.9,121.0,111.7,86.2,127.6,122.0,122.4,123.0,83.1,126.1,124.6,124.0,119.8,125.1,112.4,132.8,132.5,117.0,129.1,128.1,131.9,136.1,128.0,131.3,134.1,127.7,117.6,122.5,130.4,114.4,126.6,120.3,123.8,127.9,121.9,106.1,99.8,184.2,105.2,122.3,123.0,108.3,126.6,142.4,133.5,130.6,182.4,154.1,138.3,,115.1,123.4,148.5,162.0,152.4,139.8,,116.2,113.0,121.9,175.3,116.4,128.9,114.2,156.6,153.3,129.7,130.8,95.6,166.4,128.2,116.1,134.1,162.1,131.8,121.0,127.1,113.7,121.0,139.6,135.6,130.0,134.4,139.6,129.2,135.1,132.6,118.7,132.4,123.6,108.0,107.6,138.8,135.2,131.0,123.1,122.3,118.9,107.3,108.0,121.3,100.8,93.7,106.9,114.6,130.4,115.1,116.5,116.9,111.1,113.5,147.6,118.6,112.5,124.3,125.8,127.5,133.4,133.9,123.9,126.4,124.6,115.0,118.8,119.9,115.7,115.4,116.5,119.5,123.2,119.1,124.2,120.7,114.9,125.1,136.6,132.2,127.6,143.2,127.9,119.9,123.8,118.6,132.1,124.2,124.7,125.2,122.8,126.8,122.1,125.4,120.9,122.3,123.0,126.7,121.1,122.3,121.3,112.2,127.6,121.0,120.1,126.2,125.5,120.7,130.5,133.0,120.6,120.3,119.3,122.7,118.4,118.9,133.4,108.3,122.2,118.3,108.9,104.7,113.7,94.7,126.0,124.7,126.9,120.3,120.7,121.5,119.6,119.2,121.6,117.0,115.1,124.1,124.2,121.1,121.5,128.4,123.0,132.0,114.6,118.3,123.2,115.1,120.0,116.6,111.2,110.8,111.9,111.6,120.8,123.0,106.8,116.2,117.4,127.4,113.2,112.2,118.3,112.2,117.9,125.0,122.2,119.9,117.9,116.9,115.4,132.5,118.4,109.6,113.4,122.9,123.9,121.5,115.3,122.2,121.1,114.1,118.6,122.9,113.4,130.3,117.1,110.8,109.4,113.7,117.3,91.2,110.6,117.6,118.7,136.4,126.4,123.0,130.7,125.4,124.9,84.5,126.1,115.9,102.2,103.4,112.4,111.4,113.3,112.8,107.4,110.1,113.5,115.1,125.9,121.8,125.9,112.8,118.1,130.2,111.9,100.0,114.3,120.0,114.9,115.7,120.1,122.0,121.7,116.3,118.2,120.3,119.7,119.2,112.4,115.1,118.5,118.2,119.2,120.5,114.6,116.9,91.7,72.3,111.0,130.7
2015-05-01,121.6,118.69865164,118.62615222,124.5,125.0,123.6,128.0,115.0,127.3,109.8,132.6,130.9,130.5,95.3,123.4,119.2,129.8,127.9,124.7,125.4,121.3,119.6,119.2,116.1,120.2,117.7,112.0,116.3,121.4,112.3,86.2,127.8,122.5,124.3,123.9,83.1,125.6,124.2,124.4,120.5,125.8,113.1,132.8,132.6,118.0,129.1,128.6,131.9,137.4,128.8,132.2,135.7,128.8,119.5,124.3,132.0,115.0,127.4,120.6,124.4,128.4,123.1,107.0,100.4,185.7,105.8,122.5,123.2,108.1,129.0,132.6,119.1,135.5,185.8,156.5,140.0,,125.6,125.7,120.7,131.2,151.8,144.6,114.7,124.5,122.6,122.8,177.7,117.5,128.9,116.1,159.4,155.3,129.9,132.2,96.5,166.1,134.4,124.0,134.4,166.2,135.6,141.3,129.7,136.6,129.9,141.0,116.0,105.0,128.4,147.0,134.1,135.3,127.7,118.4,132.4,131.7,113.4,112.2,141.5,140.1,138.7,123.5,125.4,120.7,110.4,112.1,123.2,100.8,93.1,107.3,115.0,130.9,115.7,116.7,117.5,113.2,114.5,147.4,119.3,113.7,124.8,126.5,127.7,133.9,134.7,125.1,127.2,126.3,116.1,119.4,120.4,116.4,116.4,117.0,120.3,124.5,119.9,126.1,121.0,115.4,126.2,137.8,132.5,128.5,145.0,128.6,121.9,126.4,119.5,132.8,125.8,125.4,125.8,123.6,127.2,123.1,126.3,121.2,123.2,123.9,127.8,121.5,123.6,120.0,117.7,128.2,121.8,121.3,124.4,126.3,125.5,131.4,134.0,121.2,120.8,119.9,123.3,119.0,119.3,133.9,109.1,122.5,118.9,109.1,104.7,114.1,101.4,126.8,124.8,127.2,120.5,118.7,123.5,120.3,119.2,122.2,117.4,115.0,124.4,124.6,121.7,122.0,129.6,123.4,131.3,115.0,119.1,123.7,115.0,122.5,117.3,111.8,111.2,111.9,112.4,117.4,123.6,107.0,116.9,116.9,128.6,115.8,113.0,117.7,114.7,118.8,125.0,123.2,117.8,118.3,117.2,116.5,134.5,118.7,110.1,113.8,123.3,124.1,122.0,115.9,121.9,122.0,114.6,118.6,123.7,113.5,131.4,117.5,110.7,109.7,113.8,117.8,97.3,117.1,118.2,118.1,136.5,126.6,123.9,130.7,127.3,125.1,87.9,126.1,115.9,102.5,103.7,112.7,112.1,113.9,113.3,107.7,110.1,113.8,115.4,125.9,122.2,126.5,113.1,117.9,131.1,112.3,100.0,114.2,120.0,115.2,116.1,120.7,122.4,122.2,118.1,118.7,120.9,120.3,119.7,112.7,115.6,119.1,119.6,118.9,120.1,117.8,119.2,92.7,73.9,111.3,131.6
2015-06-01,123.0,119.31139638,119.24073996,127.1,127.3,123.9,131.8,121.6,128.2,111.1,132.8,139.1,137.4,94.1,125.5,119.8,130.9,129.2,125.7,126.4,122.0,119.0,119.8,117.0,121.1,118.5,112.9,116.9,123.1,112.8,95.4,127.8,122.1,122.3,124.1,83.8,125.6,124.3,124.8,121.3,126.8,114.1,145.7,132.2,118.9,130.0,127.9,132.9,138.8,130.0,133.7,137.8,128.9,127.1,128.2,134.0,121.6,128.2,121.1,124.0,129.3,125.3,109.6,101.7,177.9,106.7,122.8,123.3,109.1,131.0,127.6,117.1,138.3,182.2,159.2,143.1,,132.9,131.1,101.8,112.2,134.2,142.2,117.4,131.5,129.1,125.8,176.9,118.9,130.0,118.1,159.5,156.6,130.0,133.6,103.3,184.6,143.2,137.1,143.1,178.7,144.6,150.6,137.4,158.1,143.8,141.7,115.1,101.2,128.3,161.1,142.7,129.9,132.7,119.5,,141.3,118.9,117.7,144.5,146.4,148.6,126.8,129.6,123.9,114.2,117.0,126.7,100.9,91.6,107.9,113.5,131.8,116.1,117.3,118.6,115.4,116.3,148.6,121.6,115.7,125.7,129.4,128.8,134.2,135.4,126.2,128.2,128.0,116.0,120.0,120.9,117.1,117.6,117.3,121.0,126.7,121.0,125.8,122.0,118.4,124.9,140.1,133.0,129.9,146.5,129.5,124.5,126.2,124.4,135.2,126.7,126.0,126.5,124.4,128.0,124.9,127.2,121.8,124.2,124.0,128.1,124.9,125.8,123.5,113.5,129.1,121.9,122.0,122.5,127.1,126.3,132.6,135.8,121.6,121.3,120.3,124.3,119.7,118.6,134.6,109.5,122.8,119.2,109.5,104.7,114.6,100.8,127.6,127.5,127.5,120.7,119.1,126.8,120.8,119.5,123.1,117.6,117.5,125.0,124.8,122.4,122.6,128.5,124.3,131.9,114.4,121.2,123.7,115.0,124.1,117.9,112.6,112.5,111.9,112.2,120.4,124.4,107.1,119.1,117.5,130.3,115.4,113.6,118.6,116.3,120.4,125.9,124.3,117.9,119.3,118.0,118.5,133.5,119.3,111.4,114.4,124.5,125.5,122.9,116.2,123.2,122.3,115.2,118.6,124.6,113.9,133.6,118.2,111.3,110.0,114.5,118.2,100.2,118.3,118.8,119.7,136.5,126.6,124.8,132.3,127.2,127.4,78.1,126.1,120.2,102.1,103.8,112.9,113.1,115.9,113.7,107.9,110.1,113.1,116.8,126.4,122.9,127.4,113.3,121.4,131.6,113.2,100.0,114.8,120.1,116.2,117.5,121.7,124.4,123.3,119.1,119.6,122.1,121.1,120.5,113.7,116.3,120.0,120.5,119.4,122.8,123.0,119.2,91.9,73.3,111.1,132.4
2015-07-01,123.6,119.72231252,119.66769556,128.1,128.2,123.7,132.5,121.0,128.3,110.9,133.1,145.1,139.1,91.3,126.1,119.9,131.4,130.4,126.1,126.7,122.3,119.9,120.1,117.2,121.3,119.0,112.7,117.2,124.4,112.3,95.7,127.4,122.4,121.6,124.3,83.5,125.6,124.1,125.1,120.6,126.7,114.1,145.7,132.2,117.2,128.6,128.8,131.0,139.0,131.8,134.6,139.0,129.8,126.1,127.6,136.0,121.0,128.3,121.1,124.8,129.4,125.1,110.5,102.3,168.2,105.6,122.8,123.9,109.1,128.5,123.7,127.7,138.7,174.8,158.6,133.9,,135.7,138.4,103.2,120.0,138.4,146.2,122.3,133.5,135.1,126.1,176.9,121.5,131.3,120.0,158.0,156.1,130.0,133.6,107.4,205.0,154.8,142.2,150.3,183.1,147.9,162.8,139.1,171.7,152.2,141.4,110.2,110.5,130.8,174.5,138.9,120.6,133.4,120.2,132.4,143.9,120.8,119.5,143.6,147.8,152.1,130.0,135.1,123.6,115.7,118.5,128.1,100.9,88.3,107.2,112.7,133.3,116.6,112.3,119.2,116.2,116.3,148.5,122.4,115.4,126.0,128.8,129.3,134.6,135.9,127.0,128.7,128.6,116.7,120.0,122.0,117.3,118.0,117.6,121.0,127.4,122.5,130.4,122.6,118.0,125.0,139.6,135.8,130.6,147.7,130.8,126.3,127.0,122.4,136.3,128.6,126.9,126.8,124.7,128.4,124.6,127.7,121.8,124.6,124.4,128.4,126.9,125.8,123.8,108.8,129.4,122.0,122.7,124.1,127.3,127.8,133.2,136.5,122.1,122.0,120.7,124.8,119.4,119.6,136.0,109.8,123.3,119.6,109.5,104.7,114.7,98.7,127.1,127.7,128.0,121.4,118.6,127.6,122.4,119.6,123.3,117.8,119.1,133.9,125.4,122.8,122.5,130.4,125.5,127.1,114.3,119.3,122.2,114.7,127.1,117.8,112.5,112.5,111.9,113.0,131.4,124.7,106.8,117.5,118.2,131.9,114.8,113.7,119.1,116.2,121.5,125.9,125.9,119.0,119.5,118.4,118.3,131.1,119.6,110.7,114.9,124.8,126.0,123.2,115.9,123.3,123.3,115.6,118.6,125.4,114.0,133.6,118.9,111.6,110.4,114.6,119.1,99.2,114.0,119.0,119.6,137.1,127.1,125.0,132.2,127.3,128.6,73.2,129.9,120.2,102.2,103.7,112.9,113.1,115.4,113.8,107.3,110.1,113.3,115.8,126.4,123.4,127.8,113.7,123.7,132.0,113.4,100.0,114.8,117.7,115.0,118.3,122.2,126.0,124.0,119.2,119.9,122.4,121.6,121.2,114.0,116.8,120.5,122.7,121.0,124.1,124.4,121.0,88.9,70.0,110.1,133.4
2015-08-01,124.8,120.06695604,119.98987315,130.3,130.3,124.2,131.4,120.1,128.5,111.4,132.3,157.6,144.0,90.5,126.8,120.4,132.1,131.2,126.6,127.2,122.9,120.9,120.6,117.2,122.0,119.4,111.7,117.8,125.1,112.3,95.7,127.8,123.1,122.7,123.9,83.5,125.9,124.4,125.5,120.2,127.1,114.3,145.7,130.5,118.6,130.7,130.4,134.7,140.5,131.5,135.2,141.2,130.7,122.9,132.8,135.4,120.1,128.5,121.5,125.6,129.7,125.0,111.2,103.8,169.5,105.6,123.1,124.5,108.7,126.7,130.5,139.6,139.4,174.8,159.4,126.8,,134.6,139.4,121.8,144.0,133.5,151.1,,116.6,138.1,122.9,178.4,124.6,132.9,121.1,161.4,158.1,129.6,133.9,108.2,318.9,166.6,145.8,157.5,180.3,151.8,144.1,145.2,185.0,159.9,140.3,107.9,126.0,136.7,176.7,131.7,114.5,133.6,120.8,132.4,154.8,123.5,121.6,143.3,151.2,155.9,129.3,137.8,124.2,117.7,120.0,128.2,101.3,87.3,106.9,112.0,134.7,117.1,112.7,119.7,116.5,117.0,149.3,123.3,116.0,127.4,129.5,129.6,134.8,136.6,128.0,129.2,129.5,117.4,120.4,122.5,117.7,118.3,118.2,121.7,128.2,123.1,132.7,123.7,118.5,127.1,141.0,136.4,130.8,149.1,131.2,129.7,126.1,122.4,136.6,129.6,127.7,127.6,125.2,129.1,124.4,128.1,122.0,125.2,124.8,128.8,127.1,126.1,121.9,108.2,129.8,122.7,123.2,125.5,127.7,127.7,133.4,137.4,122.5,122.7,121.9,125.6,119.5,120.6,136.6,110.0,123.6,119.9,108.9,104.7,114.8,93.1,126.7,127.1,129.1,121.4,119.3,130.3,122.3,120.0,124.4,118.1,118.3,133.7,125.8,122.7,122.5,131.0,126.0,132.5,114.6,120.1,122.5,114.9,129.0,118.3,112.0,112.4,110.6,112.7,138.2,125.1,106.7,116.9,117.7,133.0,114.8,114.2,118.6,116.7,121.6,127.1,126.2,120.5,120.1,118.9,118.8,133.2,120.4,111.2,115.2,125.5,127.1,123.2,116.3,123.7,124.4,115.9,118.8,126.2,114.3,134.8,119.3,112.5,110.9,115.0,119.5,94.4,104.7,119.5,120.9,137.6,127.3,125.5,133.1,125.1,128.8,72.6,129.9,120.2,102.3,103.8,113.4,113.6,115.4,114.0,107.8,110.1,113.3,116.7,125.9,123.8,128.2,114.0,125.0,133.7,114.0,100.0,115.0,118.1,115.3,118.8,123.1,126.8,124.5,119.8,120.3,123.0,122.2,121.7,114.6,117.4,121.1,124.0,121.5,125.1,125.3,121.0,87.9,68.9,104.7,133.9
2015-09-01,125.4,120.4363502,120.44160677,131.3,131.2,124.6,130.4,118.7,128.9,111.9,128.4,162.2,150.0,90.4,128.4,120.7,132.5,132.0,127.2,127.9,123.4,121.6,120.4,117.5,122.6,119.8,111.3,118.3,125.7,113.4,95.8,127.9,123.8,123.3,124.4,84.4,126.4,124.8,125.8,120.7,127.5,114.5,133.1,131.8,118.7,131.8,131.9,136.7,139.2,133.7,135.7,142.9,131.2,119.8,133.2,134.6,118.7,128.9,121.9,125.9,130.4,126.4,112.3,104.7,164.4,105.9,123.2,125.2,108.7,123.9,135.3,147.2,135.3,174.4,159.0,128.9,,126.1,139.1,125.3,140.8,128.3,168.6,,98.0,135.5,123.7,178.7,125.5,133.2,121.5,162.2,159.9,130.0,134.9,105.2,378.6,165.7,147.8,160.7,175.1,152.3,139.1,140.0,174.3,156.4,144.8,105.3,124.1,134.4,192.5,130.6,119.8,129.3,121.6,132.4,167.3,126.4,123.9,144.7,154.2,161.3,129.7,138.5,125.7,119.7,122.1,129.6,101.8,87.2,107.4,114.8,136.3,117.7,112.7,120.3,117.9,117.9,149.8,126.1,117.3,128.3,130.0,129.7,135.8,136.7,129.0,129.8,129.9,117.9,120.8,122.3,118.0,118.9,118.6,122.2,128.9,124.3,131.1,124.0,120.1,127.8,141.3,137.3,131.7,149.6,131.7,127.8,125.2,123.1,137.9,130.8,128.0,128.0,125.9,129.4,125.0,128.9,122.5,125.7,125.4,129.8,127.1,126.4,122.2,108.4,130.6,123.3,124.4,127.0,128.2,128.5,135.2,139.5,123.0,123.3,122.0,125.9,120.1,121.3,137.4,110.1,123.6,120.3,108.0,105.2,115.0,91.0,125.4,127.0,128.8,120.4,120.4,131.0,122.8,120.6,124.9,117.9,120.5,124.5,126.1,123.1,122.6,130.1,126.2,128.4,114.5,118.0,122.7,115.4,128.1,118.4,111.9,112.1,110.6,112.3,137.9,125.1,107.4,119.1,117.6,134.9,118.7,114.2,119.1,118.0,121.9,127.3,127.3,119.8,120.9,119.2,119.5,135.1,121.2,110.7,116.3,127.1,127.9,123.5,116.3,124.9,125.5,116.1,118.9,126.8,114.5,135.7,120.1,112.8,111.4,115.2,120.2,91.0,101.7,120.1,120.1,137.8,128.2,126.7,134.2,127.5,129.4,72.8,131.8,120.2,101.8,103.9,114.4,113.5,115.0,113.9,108.0,110.1,113.2,117.3,125.9,124.5,128.6,115.0,129.0,133.8,114.9,100.0,115.2,119.2,115.3,119.5,123.7,127.3,124.9,120.0,121.0,123.7,122.8,121.9,115.2,117.5,121.7,123.0,122.0,126.0,124.4,120.1,89.7,68.7,103.7,135.6
2015-10-01,126.1,120.93926856,120.95940803,132.4,132.1,125.0,129.8,118.9,129.1,113.3,129.0,160.4,165.3,92.3,129.7,121.1,133.0,132.5,127.8,128.5,123.8,122.4,120.8,117.9,123.0,120.4,111.4,118.7,125.9,113.9,91.1,128.7,123.9,122.4,125.0,83.2,127.0,125.8,125.9,120.6,127.9,114.7,133.6,129.4,120.3,132.5,132.1,137.0,140.0,133.7,136.5,142.9,131.2,117.2,136.8,134.9,118.9,129.1,121.5,126.1,130.7,126.9,114.5,105.4,162.2,106.9,124.5,125.7,109.2,122.9,137.4,141.6,137.1,174.8,161.4,136.7,137.0,119.1,142.2,133.3,140.6,140.2,156.9,,94.3,143.5,128.9,179.5,128.6,134.6,122.7,161.5,161.4,130.0,135.3,109.8,334.4,158.3,159.3,163.0,169.4,155.1,156.6,141.7,154.2,149.9,142.8,115.4,123.4,138.5,211.2,136.4,123.9,131.7,122.5,331.0,199.3,133.9,129.8,151.4,158.7,176.8,131.5,141.3,128.8,121.0,126.1,132.2,101.9,89.3,108.2,115.2,138.3,118.4,113.3,120.9,118.6,118.4,150.3,129.5,117.5,128.9,130.6,129.9,136.4,137.4,129.4,130.7,130.0,117.9,121.3,122.7,118.0,119.3,118.7,122.4,129.7,124.8,131.8,123.7,120.4,127.3,141.1,138.5,132.5,150.6,131.4,132.2,125.1,124.3,139.1,130.8,128.1,128.9,126.4,129.7,124.0,129.5,123.3,126.4,125.6,130.8,128.0,127.3,122.3,111.7,131.0,123.8,124.4,128.4,128.5,130.4,135.4,140.3,123.1,123.7,122.4,126.4,120.4,122.1,138.5,110.5,123.7,120.5,107.0,105.2,114.9,91.9,126.2,125.2,129.7,119.5,122.3,133.1,122.5,121.4,125.8,118.3,124.6,126.9,126.5,123.1,122.7,130.4,127.1,132.2,114.8,117.8,122.7,115.5,129.2,118.7,111.7,112.1,110.6,111.8,139.2,125.7,109.1,120.0,119.4,136.2,118.7,114.8,119.1,118.4,122.7,127.2,127.9,119.5,121.2,119.5,120.2,136.8,121.7,111.1,118.1,128.0,128.2,123.5,116.8,125.1,126.6,116.6,118.9,127.1,114.5,136.4,120.5,112.8,111.5,115.5,120.2,91.1,102.8,120.5,120.2,137.4,128.4,126.1,132.5,129.1,130.1,73.3,129.9,120.2,101.8,103.9,114.4,113.6,114.9,114.4,109.0,110.1,113.0,117.4,125.9,125.0,129.1,115.1,125.1,134.6,115.2,100.0,116.6,121.6,115.1,119.6,124.0,127.6,125.4,119.8,120.9,124.4,123.4,121.9,115.2,118.2,122.0,121.8,122.6,126.6,120.2,121.7,90.6,70.4,103.6,136.7
2015-11-01,126.6,121.38280384,121.35139535,132.9,132.7,125.4,130.3,121.6,129.2,114.9,128.2,158.4,171.2,93.3,131.2,121.7,134.0,133.6,128.6,129.3,124.5,122.9,121.6,118.1,123.4,120.9,111.5,119.2,126.3,113.8,91.3,129.0,124.4,123.0,126.3,82.5,127.9,126.6,126.9,121.0,128.6,115.0,133.3,128.8,121.5,132.1,132.8,134.4,142.0,134.2,137.6,143.5,132.3,117.0,139.3,135.7,121.6,129.2,122.1,126.7,131.0,127.7,118.0,104.1,159.1,108.1,125.2,126.0,109.7,121.2,146.2,138.1,138.7,173.8,163.2,134.9,113.8,111.4,138.7,136.2,137.1,137.5,134.1,,94.0,143.7,128.0,180.0,126.7,134.9,123.3,163.7,162.3,130.0,135.9,117.8,281.9,137.3,156.2,171.1,165.0,143.7,203.4,135.3,125.6,139.2,133.7,124.2,119.9,137.7,220.9,140.1,125.5,134.4,122.9,331.0,207.0,136.7,133.8,156.8,162.6,187.0,133.6,146.1,131.7,123.3,129.1,134.4,101.4,90.5,108.1,115.1,139.7,118.8,113.4,121.7,119.2,119.5,152.6,131.9,120.0,130.4,131.8,130.4,137.2,138.6,129.9,131.6,131.6,118.0,121.9,123.1,118.1,119.6,118.8,123.0,130.0,125.6,130.4,124.1,119.3,128.2,142.4,139.9,134.1,150.6,132.3,137.2,127.0,126.4,140.9,135.4,129.3,129.8,128.0,130.3,124.4,130.4,123.7,127.0,126.0,131.6,128.0,128.1,125.3,118.4,131.7,124.6,125.5,129.4,129.0,130.4,136.4,141.4,123.9,124.5,124.0,126.9,121.1,122.6,139.3,110.7,124.1,121.2,107.3,105.2,115.0,93.8,125.9,126.0,130.8,119.9,119.0,136.2,121.6,121.0,124.9,118.7,122.7,126.5,127.3,126.0,123.8,131.9,127.8,129.1,114.0,118.0,122.7,115.7,130.2,119.0,112.6,111.9,111.7,111.5,139.1,126.7,120.1,120.7,119.9,135.7,118.7,115.1,119.2,118.1,123.6,125.7,128.2,121.3,121.8,119.6,120.9,137.7,122.1,111.5,118.1,128.6,128.2,124.0,115.9,125.3,127.2,117.2,120.6,127.9,114.8,136.6,120.9,112.5,111.6,115.8,120.5,90.7,104.6,121.0,120.4,138.3,129.1,126.3,132.7,132.1,130.0,74.9,129.9,120.2,102.1,103.9,114.6,113.6,115.1,114.6,109.7,110.1,112.9,118.4,128.8,125.4,129.4,116.5,125.0,135.4,115.9,100.0,116.9,119.2,115.8,119.8,124.5,128.0,125.6,119.6,121.2,125.0,124.0,122.4,115.9,118.9,122.5,122.1,123.0,126.7,120.2,121.4,88.5,68.6,105.2,138.1
2015-12-01,126.1,121.5327669,121.46520085,131.3,131.4,125.7,131.4,124.8,129.4,115.3,126.6,146.7,171.5,94.5,132.1,122.0,134.7,134.5,129.0,129.7,124.8,122.4,122.0,118.3,123.6,121.4,111.5,119.6,126.2,113.7,91.3,129.0,124.1,122.8,127.0,82.5,128.5,126.6,127.1,122.3,128.5,114.8,133.6,126.0,121.6,133.4,132.9,134.6,143.1,134.7,138.0,144.1,131.7,120.1,141.1,135.7,124.8,129.4,122.1,127.2,131.4,127.9,119.2,103.5,155.4,108.2,125.3,126.6,109.9,118.5,145.2,136.9,137.9,174.0,162.7,131.6,112.9,103.5,129.3,141.8,151.3,131.4,128.7,,93.6,141.5,122.3,179.6,125.8,136.5,124.2,162.4,161.1,129.9,135.0,111.8,219.6,125.0,139.6,204.1,163.6,136.4,163.4,140.7,111.1,128.5,127.8,138.8,132.7,135.9,153.7,140.5,120.1,138.0,122.9,331.0,205.9,138.1,133.6,156.6,162.3,192.0,135.1,146.4,131.8,124.3,130.7,134.2,101.4,92.0,107.5,114.8,143.1,119.1,113.5,121.9,119.3,120.3,154.3,133.0,122.1,131.0,133.1,131.5,137.7,139.5,130.4,131.9,131.7,118.9,122.2,123.1,117.9,120.1,119.0,123.6,130.7,126.5,132.6,124.6,120.1,130.2,142.7,139.9,134.8,151.0,133.0,138.9,126.9,128.3,141.1,136.6,129.3,130.2,128.8,130.9,126.3,130.7,123.8,127.2,126.2,132.2,128.1,128.2,126.4,119.0,131.8,125.1,126.0,130.5,129.4,131.4,137.4,142.0,124.1,124.9,123.7,127.3,121.3,122.1,139.7,111.6,124.6,121.8,109.3,105.3,114.8,93.5,125.3,126.7,130.7,119.9,118.4,134.3,122.8,121.2,125.2,116.6,125.2,120.9,127.6,125.2,124.6,135.1,127.9,130.6,113.4,118.3,122.7,115.7,133.1,118.9,113.2,111.4,111.7,112.3,139.3,126.6,122.1,121.2,120.0,135.8,119.4,115.5,119.3,118.5,124.6,126.1,128.9,120.8,121.6,119.8,121.2,140.1,122.4,111.9,118.4,128.9,128.6,124.3,115.9,126.6,128.5,117.6,119.1,128.2,115.9,137.2,121.2,113.0,111.8,115.9,121.0,89.9,104.3,121.2,119.6,138.3,129.5,127.3,135.4,134.3,129.9,77.1,129.9,121.6,101.8,103.7,114.6,113.9,116.0,114.5,110.1,110.1,113.0,119.0,128.6,126.0,129.9,116.5,125.4,135.8,116.4,100.0,117.5,119.4,116.3,120.1,124.8,127.8,125.8,120.3,121.5,125.2,124.6,122.6,116.2,119.0,123.2,123.0,122.0,126.7,120.2,121.6,87.4,66.8,104.9,138.7
2016-01-01,126.3,122.00289989,121.90209302,131.1,131.3,126.1,134.1,128.6,129.9,115.5,125.7,141.5,170.7,97.4,132.9,122.7,135.3,135.2,129.5,130.3,125.1,123.4,122.7,118.5,124.2,122.0,111.1,119.8,126.3,114.5,86.0,129.7,124.0,123.5,128.0,82.1,129.1,126.8,127.2,123.4,129.0,115.4,133.8,126.0,122.1,135.7,132.9,139.6,143.2,135.6,139.1,144.5,131.9,123.8,140.9,138.9,128.6,129.9,123.2,127.6,132.3,127.5,120.1,104.2,148.1,108.1,125.5,127.7,110.2,117.5,165.6,140.4,143.3,170.6,160.4,132.5,127.6,103.4,122.0,144.3,137.6,149.6,134.7,,95.4,131.2,123.3,177.4,125.1,136.3,124.9,155.9,159.2,129.8,134.1,102.1,192.5,117.1,135.9,211.0,159.3,132.7,152.1,136.0,104.4,122.3,135.3,153.2,155.9,137.7,127.5,138.4,120.4,141.0,122.8,331.0,201.4,137.8,133.1,156.2,163.4,195.7,135.5,149.0,133.0,125.4,131.3,135.0,101.4,95.3,108.1,117.1,144.3,119.9,113.6,122.2,119.7,120.6,154.6,134.6,124.5,131.8,133.8,132.3,138.8,140.3,130.8,132.4,131.8,119.5,123.0,124.0,117.9,120.5,119.4,124.3,131.0,126.5,137.5,125.4,121.6,131.4,143.4,140.3,134.3,151.8,133.4,139.1,130.9,128.8,143.1,139.5,130.1,130.3,129.8,132.2,126.5,131.4,123.8,127.9,126.8,133.4,128.6,128.6,127.4,119.2,132.4,126.0,126.4,129.7,130.1,132.7,138.8,143.1,124.6,125.1,124.9,127.4,121.8,123.1,140.7,111.7,125.2,121.7,111.5,105.0,115.2,88.8,123.1,127.4,131.6,120.3,118.9,135.6,124.3,121.6,125.0,116.9,125.3,122.7,128.0,126.0,125.5,136.2,127.8,131.1,115.4,117.4,122.5,115.9,137.8,119.1,113.6,111.9,111.7,112.2,129.6,126.9,122.1,122.0,121.0,137.4,119.4,115.7,120.7,118.3,125.0,127.3,129.8,118.6,122.0,119.9,122.0,141.4,122.4,112.3,118.5,128.8,129.6,124.6,117.7,126.9,129.6,117.9,119.4,128.3,115.6,138.9,121.5,112.9,112.2,116.0,121.6,88.8,101.8,121.3,119.6,138.3,129.3,127.0,136.3,133.7,130.2,72.1,131.6,125.6,101.7,103.9,114.4,114.4,116.9,114.5,109.5,110.1,113.1,119.4,126.0,126.5,130.1,116.4,130.2,137.2,116.4,100.0,116.5,119.4,116.7,120.2,124.9,127.7,126.4,120.7,121.8,126.1,125.2,123.0,116.5,119.1,123.6,124.8,123.8,126.8,120.6,122.7,89.2,65.9,106.9,139.4
2016-02-01,126.0,122.6684891,122.60608879,129.2,129.9,126.4,134.2,128.7,130.3,114.8,124.9,130.3,167.4,98.8,133.6,123.0,135.8,135.9,130.2,130.9,125.8,124.4,123.1,119.1,124.6,122.5,111.4,120.3,126.6,116.6,85.6,129.7,123.6,123.9,128.1,81.5,129.8,127.0,127.5,123.9,129.7,115.9,134.0,125.6,123.2,135.8,133.9,145.8,144.9,136.1,139.4,145.0,132.9,122.3,144.1,140.3,128.7,130.3,123.6,127.8,132.5,128.7,119.0,104.6,140.7,107.8,124.7,130.2,109.7,117.9,150.7,138.7,146.0,165.6,161.7,138.5,133.7,107.7,118.9,139.3,156.0,143.5,134.0,,98.5,115.0,121.4,175.5,124.6,136.0,125.5,153.3,154.1,129.0,135.1,97.0,165.5,112.8,115.0,193.8,153.9,126.3,115.6,122.8,94.1,111.6,138.5,151.1,173.9,135.8,104.1,129.6,123.2,138.9,122.4,331.0,192.9,135.8,131.7,154.5,162.7,197.1,132.4,151.4,133.5,125.3,131.2,135.1,101.3,97.1,108.1,118.1,142.1,120.3,113.7,122.7,119.6,122.2,154.5,136.5,126.5,132.6,134.3,133.0,139.4,140.9,131.3,133.0,132.1,119.1,123.2,124.3,117.9,121.3,119.9,124.7,132.1,126.8,139.1,125.4,121.9,133.0,144.4,140.1,134.7,153.4,133.2,135.8,132.2,125.2,143.1,140.5,130.4,130.8,130.7,132.7,126.3,132.0,124.2,128.7,127.3,134.3,129.5,128.9,127.2,118.6,133.2,126.7,125.8,130.0,130.6,134.9,140.1,144.1,125.3,125.4,125.7,128.4,122.1,124.0,141.3,113.1,125.5,121.7,109.8,104.8,115.4,88.2,125.2,127.9,133.3,121.1,123.0,138.9,124.7,121.7,125.0,117.4,125.3,128.5,128.6,126.7,126.1,135.5,128.1,132.5,113.8,117.3,122.5,115.6,147.7,119.2,113.7,112.0,111.7,111.4,129.1,127.4,122.2,121.8,122.8,138.3,119.4,115.9,121.2,118.0,125.3,127.3,130.8,120.2,122.3,120.5,122.9,143.3,123.1,112.4,118.9,129.3,129.7,124.9,117.7,127.7,129.8,118.5,119.6,128.3,116.3,139.4,122.1,113.6,112.6,116.1,122.3,88.3,101.1,121.3,119.6,138.4,129.5,127.9,135.3,131.4,130.5,69.7,131.6,125.6,102.0,104.2,115.8,114.4,116.9,114.8,109.6,110.1,113.0,120.4,127.6,127.1,130.6,116.6,132.2,138.0,117.0,100.0,117.7,119.4,116.9,120.6,125.3,128.0,127.0,120.0,122.4,126.8,125.8,123.3,117.2,120.0,123.9,126.3,124.0,127.1,121.5,129.5,94.7,68.7,108.0,140.4
2016-03-01,126.0,122.84022904,122.90389006,129.2,129.8,126.5,135.1,124.6,130.2,114.5,126.2,129.8,164.3,100.9,133.9,123.1,136.3,136.5,130.5,131.3,126.1,124.9,122.4,119.3,125.1,122.9,110.9,120.6,126.9,117.3,83.9,129.8,123.5,123.2,127.9,81.9,129.9,127.4,127.8,124.7,129.7,116.0,134.1,125.5,123.3,137.3,134.6,145.4,145.1,136.6,139.4,145.3,132.3,123.9,143.9,141.1,124.6,130.2,123.3,127.2,133.1,129.5,118.0,104.5,137.2,108.2,124.9,130.7,109.9,117.8,149.0,141.6,152.5,163.0,163.1,142.0,,114.0,119.2,147.6,165.4,166.4,128.0,,103.7,109.2,122.0,172.3,125.4,136.0,125.6,152.4,151.4,129.1,135.2,105.7,148.7,120.2,113.9,173.0,153.3,131.1,102.9,125.9,102.6,112.2,154.0,149.2,162.4,139.0,119.8,134.1,134.6,138.8,122.6,331.0,186.3,135.6,130.0,152.6,160.5,195.0,132.4,150.8,133.2,125.0,130.7,135.1,101.3,99.4,108.6,117.4,142.4,120.4,113.6,122.9,119.5,122.5,154.5,138.4,126.8,133.8,135.0,133.0,138.6,141.5,131.5,133.5,132.9,119.7,123.3,124.7,117.8,121.7,120.1,125.2,132.4,126.6,137.3,126.0,124.3,133.4,146.0,140.5,135.8,154.6,134.2,135.0,129.6,127.2,145.1,141.1,130.6,131.1,131.0,132.7,127.9,132.6,124.6,129.2,127.5,134.5,129.2,129.0,125.9,118.9,134.0,127.5,126.3,130.5,130.9,134.5,140.4,144.8,125.4,125.6,126.4,129.0,122.2,124.5,142.0,113.6,125.6,121.2,107.3,105.4,115.5,90.3,124.2,128.3,132.9,122.1,123.2,138.6,125.2,122.1,125.0,115.2,129.3,130.8,129.1,126.2,126.0,133.8,129.1,133.9,113.7,117.4,122.5,116.0,155.0,119.5,113.9,112.5,111.7,111.2,140.1,127.8,121.5,123.1,128.2,139.1,118.7,116.1,121.8,119.4,125.1,126.9,131.1,119.6,122.7,121.3,123.0,144.6,123.5,112.7,119.3,130.0,130.8,125.1,117.7,128.6,130.0,118.9,120.1,127.9,116.1,140.0,122.2,113.8,112.8,116.4,122.4,86.2,105.0,121.4,119.8,137.9,129.3,127.9,135.6,133.2,130.3,71.7,133.5,125.6,102.2,104.5,115.7,114.7,117.0,115.0,109.5,110.1,113.0,121.0,128.6,127.1,130.5,117.0,134.6,138.9,117.3,100.0,118.1,120.1,117.2,120.8,125.9,128.0,127.8,120.6,122.3,127.3,126.1,123.3,117.6,120.3,124.5,119.6,124.3,127.1,122.5,129.5,96.6,70.1,108.2,140.8
2016-04-01,127.3,123.41063908,123.57124736,131.3,131.8,126.6,136.8,122.0,130.9,114.8,134.8,135.0,167.5,106.4,134.4,123.6,136.7,137.1,131.0,131.8,126.4,125.6,122.3,120.0,125.5,123.2,112.1,121.1,127.7,118.1,83.8,130.3,124.0,123.6,128.1,81.9,129.4,127.5,128.0,125.1,129.6,115.6,134.0,124.4,123.5,138.9,135.5,147.1,146.0,136.7,139.9,146.1,132.9,126.9,146.3,142.4,122.0,130.9,124.1,127.4,133.7,129.9,117.7,106.6,130.1,109.0,125.7,130.7,111.0,122.9,142.3,143.4,157.5,161.9,168.5,145.9,,132.3,121.8,167.4,176.8,134.2,125.5,,113.3,119.1,125.1,167.8,126.9,137.8,126.3,156.2,150.0,129.8,134.7,117.1,138.3,134.9,128.2,166.2,154.9,141.5,113.8,130.6,127.5,124.4,162.9,139.3,137.3,139.1,157.4,143.6,145.0,141.3,124.0,331.0,191.7,139.5,133.4,153.6,161.6,199.7,132.7,149.4,133.5,125.5,132.9,135.6,101.3,105.7,111.6,118.3,143.2,120.8,113.8,123.2,119.6,123.1,154.7,140.3,128.2,134.1,135.2,133.1,138.0,142.1,131.8,133.9,133.6,120.5,123.6,124.8,117.8,122.9,121.0,126.0,132.5,127.0,137.9,127.2,125.2,133.3,146.5,140.5,137.0,155.9,134.1,134.6,129.1,127.2,146.3,141.5,131.3,131.5,131.2,133.1,126.9,133.1,125.1,129.6,128.2,135.1,129.7,129.5,125.0,118.4,134.6,128.0,127.2,132.5,131.6,134.0,141.1,145.9,125.6,126.0,126.3,129.2,122.8,125.3,142.6,114.1,126.1,121.7,106.3,105.6,115.7,91.4,124.7,128.4,132.8,121.8,124.0,137.5,126.1,122.2,125.8,114.7,130.0,126.2,129.6,126.1,126.4,133.0,129.8,134.7,115.4,117.8,122.5,116.6,157.6,120.1,114.5,112.8,111.7,110.8,141.3,127.9,121.9,123.4,128.5,139.6,119.2,116.1,121.8,119.1,125.5,127.5,131.6,121.2,122.6,121.6,123.2,146.5,123.3,113.1,119.5,131.0,131.4,126.1,117.7,129.2,130.9,119.3,120.2,128.6,116.3,140.1,122.8,114.1,113.1,116.6,122.7,89.6,107.5,121.8,119.5,138.2,129.6,128.4,136.0,134.7,130.9,76.0,143.1,125.6,102.3,104.6,115.8,115.1,117.3,115.1,109.3,110.1,113.1,120.5,129.8,127.4,131.2,117.0,135.6,139.8,118.0,100.0,118.4,120.1,117.4,120.9,126.3,129.3,128.0,120.9,122.7,127.7,126.5,123.3,117.7,121.4,124.7,125.3,124.8,127.3,122.3,139.8,98.2,72.0,108.1,141.6
2016-05-01,128.6,123.97635759,124.16093023,133.8,134.0,126.8,139.1,125.4,131.7,115.0,136.0,145.1,171.7,108.7,135.3,124.2,137.4,137.7,131.4,132.2,126.8,126.0,122.7,120.7,126.0,123.7,112.8,121.5,128.5,119.2,78.1,131.0,125.1,124.1,128.3,73.9,129.3,127.9,128.3,125.3,130.2,116.2,146.3,125.7,124.4,140.6,136.9,147.4,147.0,137.7,140.9,147.4,135.1,130.9,146.1,144.3,125.4,131.7,124.7,127.9,134.2,131.0,117.6,108.3,127.2,109.1,126.5,131.1,111.5,128.1,138.6,128.2,147.9,159.5,170.6,154.7,,147.4,132.4,143.5,134.0,131.9,136.0,119.8,122.9,131.3,129.2,164.8,128.2,138.2,128.2,155.0,148.7,130.0,135.5,132.1,132.0,149.0,146.8,172.8,160.1,147.5,155.4,137.9,147.3,140.7,186.5,129.0,122.8,137.5,176.4,162.8,150.9,141.3,125.7,331.0,196.4,145.1,139.5,154.6,163.8,207.5,136.7,153.6,136.7,127.9,136.8,139.7,102.1,108.2,114.2,119.8,143.2,121.4,114.0,123.5,120.6,124.8,156.1,141.6,130.7,134.2,135.4,133.5,137.5,142.8,132.4,134.5,134.3,121.1,124.1,124.9,119.0,124.3,122.2,126.6,133.1,126.4,138.6,128.1,126.1,136.4,147.4,141.4,137.6,156.6,134.2,134.6,131.9,131.7,145.9,142.5,131.8,131.6,131.3,133.8,126.9,134.0,125.5,130.0,128.7,135.5,130.4,130.6,125.4,118.1,134.8,128.2,127.0,134.7,131.6,135.0,141.9,146.7,126.0,126.5,126.1,129.7,123.0,125.7,143.1,114.8,126.3,122.3,106.7,105.9,115.8,95.5,124.2,130.2,133.1,123.9,130.9,137.9,126.5,122.3,129.7,118.4,129.6,127.3,130.1,126.3,126.8,133.1,130.4,140.4,116.3,118.3,122.8,116.7,164.8,120.5,113.1,112.9,111.7,112.5,132.8,128.5,122.4,123.3,123.3,141.7,119.2,116.4,121.7,118.3,126.1,128.9,132.3,122.5,123.1,122.0,124.0,148.1,123.5,112.9,119.2,131.2,131.7,127.0,118.3,129.6,132.0,119.5,120.2,129.5,117.1,141.2,123.2,114.3,113.3,117.1,123.1,91.0,112.2,122.0,119.8,138.5,129.8,128.9,136.7,136.5,132.3,74.8,144.0,125.6,102.5,104.8,116.3,115.1,118.2,115.4,110.1,110.1,113.2,120.5,133.0,127.9,131.9,116.6,138.7,140.4,118.3,100.0,119.2,120.0,116.6,121.2,126.6,130.1,128.6,121.0,123.1,128.4,127.1,123.4,118.2,121.0,125.2,131.4,125.5,128.1,122.2,139.8,100.4,75.8,107.7,143.0
2016-06-01,130.1,124.4939601,124.66661734,137.0,136.8,127.7,140.5,128.3,132.6,115.5,136.5,159.7,174.3,109.9,136.3,124.4,138.1,138.7,132.0,132.9,127.2,125.5,123.3,121.5,126.4,124.1,114.2,121.7,129.7,119.4,77.9,132.5,125.4,125.3,129.1,73.9,130.0,128.9,128.7,125.4,130.7,116.4,146.2,128.2,125.3,142.1,137.5,143.3,145.3,138.0,141.1,148.1,134.1,133.8,144.9,145.2,128.3,132.7,124.4,127.5,134.6,131.6,117.7,111.1,127.1,109.5,127.0,131.8,112.2,132.7,139.2,125.7,145.5,157.1,168.0,157.5,,153.3,148.6,120.7,113.9,130.4,138.1,134.2,131.6,136.2,130.7,162.6,130.9,141.1,130.7,154.5,149.0,129.8,134.9,144.8,131.2,161.7,151.6,188.3,170.2,156.1,228.3,151.1,173.8,168.3,185.7,131.2,115.3,142.3,189.4,173.4,146.7,145.7,126.8,331.0,197.4,151.4,145.9,154.7,165.7,213.5,140.3,153.4,138.2,132.0,143.0,141.5,102.1,109.4,116.6,120.4,144.1,121.7,114.7,124.1,120.6,125.6,157.0,144.0,132.0,135.2,136.7,134.0,137.2,143.7,133.3,135.3,134.5,121.5,124.2,124.4,120.0,125.2,122.8,127.3,133.8,128.0,139.1,128.6,128.3,135.8,148.5,142.0,139.7,156.7,134.5,139.2,133.6,130.7,146.5,143.0,132.4,132.7,131.9,134.3,126.7,134.6,126.1,130.6,129.6,136.2,131.3,131.5,125.3,121.7,135.3,128.7,126.7,133.2,132.2,134.7,142.7,147.9,126.4,127.1,126.3,130.3,122.9,125.1,143.7,115.1,126.9,122.7,107.7,105.9,116.3,100.2,125.3,131.4,133.6,123.5,131.2,138.0,127.3,122.8,130.4,118.8,129.6,133.9,130.6,127.0,127.0,133.8,131.5,138.9,116.6,118.3,122.8,116.0,167.0,120.4,113.2,113.3,112.8,111.2,131.2,129.5,121.3,124.1,123.5,144.2,125.6,116.9,122.0,119.0,127.1,129.7,132.6,123.5,123.5,122.4,124.2,146.6,123.9,113.0,119.2,132.1,132.7,126.9,118.3,130.0,132.3,119.9,121.9,130.2,117.4,141.6,123.6,115.3,113.7,117.6,123.8,94.6,118.9,122.1,119.9,138.9,130.5,129.5,136.7,137.1,133.8,77.0,143.1,125.6,102.4,104.8,116.4,115.2,117.8,115.5,110.5,110.1,113.3,119.5,133.0,128.3,132.3,116.9,137.8,140.6,118.6,100.0,119.1,120.0,116.5,121.8,126.9,131.7,129.5,122.2,123.6,128.7,127.4,124.0,118.7,121.4,125.8,129.0,123.3,129.3,123.7,143.0,100.2,76.1,107.8,143.4
2016-07-01,131.1,124.99403399,125.22454545,138.8,138.4,128.5,141.2,132.3,133.5,116.4,137.8,165.4,177.4,111.3,137.5,125.0,138.8,139.3,132.7,133.5,127.6,126.4,123.4,121.9,126.9,124.5,113.9,122.4,130.8,120.5,77.9,133.2,127.3,125.5,129.8,73.9,131.1,130.2,129.8,125.8,131.1,116.5,152.6,131.6,124.8,145.0,139.0,151.2,145.7,138.4,142.0,149.4,133.7,135.6,142.2,144.7,132.3,133.5,125.1,128.8,135.1,131.6,118.6,113.0,126.0,110.0,128.0,132.5,112.8,136.8,133.6,139.8,149.2,152.4,166.3,148.4,,146.7,152.6,115.5,138.3,143.8,128.7,161.8,137.3,140.9,132.2,161.7,132.8,142.3,133.1,158.0,150.5,130.4,135.0,158.0,135.2,168.7,160.0,197.7,176.9,159.9,214.9,161.6,198.5,190.4,193.0,132.3,114.5,153.0,207.6,162.2,138.6,148.6,126.8,331.0,197.1,164.9,158.6,155.0,167.5,215.0,143.0,154.5,141.5,142.5,154.7,143.3,101.8,110.8,118.8,121.0,144.3,122.3,114.7,125.2,121.6,126.3,158.2,145.6,134.4,136.3,138.5,134.5,137.2,144.3,134.3,136.3,135.2,121.7,124.8,124.5,120.1,125.8,123.1,127.5,134.9,128.7,141.4,128.5,129.9,135.2,148.8,142.1,140.9,157.3,135.4,142.1,133.7,129.6,146.1,142.7,133.2,133.5,132.6,135.2,128.8,135.0,126.5,131.3,129.8,136.8,132.6,132.3,125.3,122.1,136.1,129.1,127.1,133.8,132.8,135.0,143.7,148.3,127.0,127.6,126.3,130.9,123.1,126.0,144.3,115.1,127.1,122.7,107.7,105.9,116.7,100.4,126.6,132.4,134.3,123.4,130.5,136.9,127.5,123.4,130.7,119.0,130.5,138.9,131.1,127.3,127.3,132.8,131.7,140.1,115.9,118.8,122.8,116.1,170.5,120.6,113.6,113.2,112.8,111.8,135.8,129.9,121.5,123.8,124.3,144.8,125.6,117.2,123.6,119.5,127.3,128.9,133.1,122.6,124.2,122.7,124.8,147.2,124.3,113.8,119.7,132.7,133.2,127.0,118.3,130.5,133.0,120.2,121.9,130.7,117.6,142.4,124.3,115.6,114.2,117.8,124.1,92.8,119.0,122.4,122.1,138.9,131.0,130.1,136.4,136.2,134.6,67.0,143.1,125.6,102.6,104.9,116.7,114.7,118.0,116.3,109.7,110.1,113.4,119.9,133.2,128.6,132.9,117.5,141.7,140.8,119.5,100.0,120.4,120.7,116.5,122.6,127.3,133.1,130.2,120.6,123.9,129.1,128.1,124.2,119.3,121.9,126.1,127.6,121.6,130.7,124.1,135.7,102.7,81.2,111.2,143.7
2016-08-01,131.1,125.39118951,125.65021142,138.0,137.9,129.3,139.3,131.6,134.1,116.9,138.1,159.1,175.6,112.9,138.1,125.5,139.5,140.2,133.2,134.1,128.2,127.3,123.6,122.1,127.4,124.8,113.1,122.7,131.7,121.5,79.8,134.1,128.9,125.8,131.1,73.9,132.1,131.0,130.7,126.2,132.1,116.7,165.2,132.7,124.5,146.7,139.7,151.6,148.0,138.9,142.2,151.2,134.2,130.9,145.6,143.3,131.6,134.2,125.4,128.7,135.7,132.3,118.9,115.4,129.4,110.2,128.6,132.8,112.8,140.2,135.7,141.8,154.4,150.1,164.9,139.0,,137.8,148.6,135.4,133.0,157.9,138.7,,124.3,156.2,133.8,158.9,135.3,143.4,136.7,158.6,152.1,130.2,135.8,164.0,129.9,181.7,161.5,211.6,176.1,160.5,154.6,159.6,199.0,183.5,190.4,120.5,118.2,151.0,208.6,144.4,136.3,144.7,126.5,331.0,189.4,172.8,167.8,150.5,168.0,210.2,146.4,155.8,142.2,146.2,165.0,145.3,102.6,112.6,121.7,122.3,143.7,122.8,114.9,125.4,123.1,126.6,158.2,146.5,136.7,136.8,139.1,135.0,137.5,145.0,134.9,137.5,136.1,121.8,125.5,124.5,118.1,126.2,123.3,127.9,135.7,129.3,142.1,128.9,128.4,133.4,149.5,142.9,142.8,158.6,136.6,142.9,136.5,128.8,146.1,143.1,134.1,133.5,132.9,136.1,129.2,135.6,127.0,132.0,130.6,137.3,133.2,133.4,126.0,121.8,136.6,130.0,127.4,136.2,133.3,134.5,144.9,149.2,127.4,128.1,127.1,131.3,123.9,127.0,144.7,115.2,128.0,123.7,105.3,106.3,117.1,96.3,127.0,133.9,134.9,126.2,130.2,138.1,127.9,123.4,129.4,118.0,126.1,131.6,131.9,128.2,128.1,133.7,132.3,140.9,115.6,119.6,122.8,116.5,162.6,121.0,115.3,113.4,113.7,111.7,146.9,130.3,122.8,124.8,124.3,144.9,125.7,117.5,124.3,121.4,127.7,130.1,133.4,122.9,124.3,122.8,125.2,147.6,124.5,113.8,120.3,133.1,134.3,127.4,120.1,131.9,133.4,120.4,121.8,130.7,117.2,143.2,124.6,115.0,114.5,118.1,124.4,89.4,114.0,122.8,122.8,139.2,131.6,129.9,137.4,132.1,135.9,64.8,143.1,125.6,102.7,105.1,116.5,115.6,117.8,116.8,110.0,110.1,113.2,120.5,133.2,129.1,133.3,117.8,143.6,141.8,119.9,100.0,118.5,120.7,116.5,123.1,127.7,133.8,132.3,121.0,124.3,129.7,128.8,124.5,119.6,122.2,126.5,128.2,122.5,131.9,123.1,135.8,104.4,84.0,110.3,144.7
2016-09-01,130.9,126.03965645,126.32014799,136.5,136.6,129.9,138.0,130.5,134.4,117.2,136.1,150.7,171.5,113.8,138.8,126.0,140.2,141.0,133.8,134.6,128.6,127.9,124.1,122.8,127.9,125.4,114.3,122.9,131.8,122.1,79.6,134.8,129.8,126.8,132.0,73.9,132.6,131.7,131.8,126.6,134.6,117.1,177.7,135.9,126.1,146.8,139.9,150.0,147.8,139.6,142.4,151.9,134.7,127.2,151.6,142.9,130.5,134.5,125.4,129.2,135.5,132.6,118.5,116.7,135.1,110.3,129.1,133.4,112.9,139.5,137.4,143.7,155.0,148.9,166.0,141.6,,141.0,152.6,142.3,137.0,164.1,140.0,,111.8,154.3,134.0,155.6,134.6,143.7,140.0,160.7,152.5,130.4,135.8,159.9,125.0,171.6,155.6,216.4,169.7,159.1,133.6,149.7,180.8,160.5,156.7,113.8,121.7,138.7,208.7,143.3,146.3,135.7,126.4,331.0,179.3,176.4,171.2,146.1,167.4,202.3,146.4,158.7,141.2,147.7,171.4,145.2,103.3,113.2,124.2,122.6,143.5,123.4,115.1,125.6,124.5,127.3,157.9,146.9,137.9,137.7,140.3,135.5,139.1,145.6,135.9,138.1,137.1,121.4,126.1,124.8,117.9,126.6,123.6,128.3,136.9,129.6,144.1,128.7,129.7,134.4,150.1,143.3,143.8,158.8,137.6,142.6,137.0,129.0,148.0,144.5,134.5,134.4,133.5,136.6,128.7,135.9,127.5,132.5,131.1,138.2,133.5,134.0,126.2,121.9,137.3,130.3,127.5,134.7,134.4,137.7,145.8,150.3,127.8,128.4,127.8,131.7,124.3,127.6,145.1,115.2,128.7,124.3,104.1,107.5,117.1,98.4,128.5,134.9,135.9,127.5,130.5,138.6,128.6,123.8,128.8,117.0,126.7,131.6,132.4,128.7,129.1,133.6,133.1,139.1,115.8,119.6,122.8,116.9,147.0,121.2,116.8,113.2,113.7,112.4,146.8,130.4,123.7,125.8,124.3,144.6,125.7,118.2,123.6,123.3,127.7,129.9,135.0,124.5,124.6,123.0,125.7,147.3,124.8,114.0,120.3,132.9,135.0,128.1,120.3,133.2,134.3,120.7,126.1,131.4,117.3,145.0,125.2,115.7,114.9,118.7,125.0,92.8,116.8,123.0,120.3,139.5,131.9,130.1,139.1,132.1,135.8,73.9,143.5,125.6,103.4,105.0,116.8,116.1,118.0,117.3,110.7,110.1,113.3,120.7,133.2,129.7,133.7,117.8,142.6,142.4,119.8,100.0,119.6,120.4,116.7,123.4,128.0,134.0,132.8,121.7,125.2,130.3,129.3,124.6,120.2,122.6,127.2,129.2,123.6,131.8,123.1,137.1,104.9,83.9,109.6,145.9
2016-10-01,131.4,126.64717399,126.98659619,136.8,137.0,130.5,137.9,130.2,134.8,117.8,134.7,151.2,172.1,114.1,139.3,126.1,141.1,141.8,134.5,135.5,129.1,128.7,124.3,123.4,128.4,126.1,115.2,123.5,132.4,122.1,79.7,135.2,130.6,126.7,132.1,74.3,133.5,133.5,132.1,127.0,136.1,117.6,183.8,138.7,129.0,144.5,138.7,150.0,150.0,139.9,142.5,152.8,135.3,126.8,152.4,142.7,130.2,134.8,125.4,129.2,135.8,131.6,118.7,116.5,139.4,111.0,130.3,134.9,113.4,135.4,147.4,150.4,158.2,148.3,166.6,147.2,140.5,137.5,154.6,150.1,164.3,151.6,137.6,,103.4,156.4,139.2,154.4,135.2,142.8,143.6,161.9,152.0,129.9,135.6,156.6,125.3,162.2,153.0,219.2,164.3,164.2,134.5,155.0,175.9,157.5,144.8,125.5,128.3,141.4,221.9,148.5,142.6,137.9,126.6,331.0,177.2,191.8,183.6,141.9,166.0,197.0,149.1,160.4,141.2,154.9,182.5,147.1,104.3,113.3,125.0,123.2,143.7,124.2,116.1,125.5,125.3,127.6,159.1,148.0,139.1,137.9,139.8,136.1,139.9,146.7,136.9,139.0,137.9,122.4,126.2,124.5,117.4,127.1,123.9,128.7,137.5,131.0,146.6,129.2,128.0,136.3,151.6,143.0,145.1,159.2,139.1,146.4,137.5,131.7,147.6,144.6,135.6,135.4,134.1,137.0,129.7,137.1,127.9,133.5,132.1,138.3,134.1,133.9,126.7,121.3,138.1,130.8,128.7,137.6,134.6,138.1,146.5,151.8,128.3,129.1,128.3,132.2,124.9,128.4,145.6,115.2,128.8,124.3,104.7,108.2,117.6,100.2,127.6,134.6,136.1,129.2,130.8,139.0,128.7,124.3,128.6,118.6,126.1,134.3,132.4,129.4,129.3,134.1,133.3,139.5,114.7,120.0,122.5,117.0,153.5,121.3,116.1,113.4,113.8,112.4,154.7,130.6,123.2,126.8,123.7,145.3,129.9,118.5,123.5,123.6,128.4,130.2,135.4,122.9,124.8,123.5,126.1,150.2,125.3,114.7,120.9,134.2,135.9,128.3,120.3,133.3,135.9,121.2,128.1,132.5,117.6,146.5,125.6,115.4,115.3,119.3,125.2,95.2,119.2,123.0,126.3,140.1,132.7,130.6,138.8,133.9,136.1,77.4,144.0,125.6,103.7,105.1,116.9,117.0,117.8,117.7,110.8,110.1,113.6,121.1,133.2,130.5,134.3,118.5,139.2,143.9,120.3,100.0,119.7,120.2,124.0,123.8,128.4,134.6,132.9,120.8,126.1,131.3,130.0,125.1,120.6,123.1,127.4,131.4,119.6,131.9,123.5,137.6,102.8,81.4,109.8,147.1
2016-11-01,131.2,127.08834503,127.39033827,135.6,136.1,131.4,137.8,132.0,135.0,118.0,134.1,141.9,171.7,114.1,139.7,126.2,141.8,142.0,135.0,135.8,129.3,129.1,125.0,123.8,128.6,126.4,115.7,124.0,132.8,122.6,79.7,135.1,130.6,126.5,133.2,74.1,136.7,134.4,133.3,127.4,136.4,118.0,171.3,138.4,129.2,143.5,138.7,151.7,154.2,140.2,142.7,153.1,136.0,126.8,152.6,142.2,132.0,135.1,125.5,129.3,135.9,132.6,119.2,113.8,143.2,111.1,131.7,136.6,114.2,131.8,164.3,155.9,152.8,148.0,165.6,144.3,123.3,138.5,154.8,156.7,164.1,148.2,142.0,,102.8,155.1,138.5,151.5,132.8,143.1,147.4,163.6,150.6,129.6,135.9,148.2,127.2,136.3,138.6,221.4,157.1,150.1,114.5,136.2,137.7,143.4,133.4,125.5,127.1,137.2,218.2,137.4,131.1,135.7,127.6,331.0,173.5,203.8,193.8,139.2,164.9,189.9,147.8,164.6,141.2,158.9,194.2,146.8,104.3,113.6,124.0,124.3,144.3,124.8,115.9,125.8,125.6,128.1,159.2,148.3,140.7,138.3,139.8,136.7,139.5,147.5,137.6,139.4,138.6,122.2,126.3,124.3,117.7,127.1,123.9,128.4,137.4,131.2,146.7,129.5,130.1,136.5,152.0,143.4,145.7,159.0,139.3,140.7,138.8,130.5,147.8,144.6,135.8,135.5,134.8,137.1,131.8,137.1,127.8,133.8,132.4,139.1,134.2,134.1,129.8,122.0,138.5,131.1,129.0,138.2,134.8,138.9,147.7,152.5,128.5,129.5,129.0,132.3,125.3,128.8,146.3,115.2,128.8,125.0,106.7,109.2,119.0,102.0,126.6,135.1,136.4,128.7,131.0,137.8,129.9,124.2,129.4,117.3,127.0,133.8,132.5,131.3,129.9,135.3,134.2,139.5,113.5,120.1,122.5,117.0,158.2,121.5,116.3,113.5,113.8,114.2,151.8,131.1,123.3,126.8,124.7,145.6,130.0,118.7,125.5,123.8,128.7,130.4,135.7,122.8,125.0,123.5,126.4,150.2,125.2,114.7,120.9,134.8,136.2,128.4,120.3,133.8,136.2,121.5,128.1,132.3,118.3,147.5,125.8,115.3,115.4,119.3,125.5,96.4,121.4,123.2,126.4,140.6,132.7,130.7,139.9,133.7,136.6,84.5,138.7,128.2,103.8,105.2,117.0,116.4,119.5,118.2,110.9,110.1,113.5,122.3,133.7,130.7,134.9,119.1,139.1,144.5,120.7,100.0,119.2,120.2,130.1,124.1,128.9,135.1,133.0,120.7,126.9,132.0,130.6,125.5,121.1,123.4,128.0,132.3,119.7,132.0,123.5,139.3,103.2,81.6,110.2,147.8
2016-12-01,130.4,127.3277983,127.4330444,133.1,134.0,132.3,137.6,132.9,135.1,118.6,132.7,125.3,168.7,114.4,140.2,126.6,142.3,143.1,135.4,136.3,129.8,128.5,126.6,123.9,129.2,126.9,116.0,124.2,133.1,121.1,83.0,134.8,130.4,127.4,134.8,75.8,139.0,136.4,135.1,128.0,138.3,118.2,196.4,138.3,131.8,145.4,139.1,151.9,163.0,140.9,143.2,153.8,136.3,125.7,152.8,142.3,132.9,135.1,126.0,129.6,136.2,132.2,119.9,113.2,151.1,111.5,132.6,139.4,115.2,128.2,,149.8,140.2,149.7,165.6,138.0,112.4,133.6,143.0,156.4,168.3,144.3,129.6,,106.0,153.5,131.2,150.6,132.2,142.6,149.8,162.9,151.4,129.4,136.2,115.2,123.7,117.1,114.2,219.2,147.3,133.3,91.5,116.3,102.8,115.3,119.8,130.3,130.9,131.2,126.8,127.9,118.4,133.0,127.6,331.0,166.5,208.0,196.7,136.6,163.5,183.1,144.8,165.2,142.2,161.8,198.4,145.4,108.4,113.6,123.3,125.0,144.6,125.2,116.7,126.7,126.8,128.8,160.3,148.4,140.7,138.7,140.1,136.9,139.4,148.1,138.0,140.0,139.2,122.5,126.7,124.5,117.7,127.6,124.5,128.9,138.1,132.9,151.3,130.0,132.8,137.8,152.0,143.6,147.2,160.1,139.5,141.4,139.9,131.0,148.5,144.7,136.6,136.0,135.6,136.7,132.9,137.4,127.9,134.0,133.0,140.0,134.5,135.0,131.5,121.1,138.6,131.8,129.5,139.6,135.2,142.3,147.9,153.3,129.1,129.7,130.0,132.6,125.7,128.2,147.1,115.3,129.2,125.8,110.1,114.8,119.2,102.7,127.1,134.8,137.9,128.0,132.0,138.6,130.0,124.5,131.0,117.3,132.5,136.1,132.9,131.4,131.0,134.0,134.9,133.6,115.5,120.2,121.9,117.5,162.5,122.0,116.9,113.7,113.8,115.5,151.6,132.1,123.4,126.1,125.3,145.9,130.0,118.7,126.1,124.4,129.3,130.9,136.5,123.8,125.7,123.6,127.1,150.8,125.5,114.2,121.1,134.9,136.9,129.3,121.8,134.0,137.0,121.7,129.0,132.9,118.4,148.7,126.3,115.3,115.5,119.4,124.9,97.6,122.2,123.5,124.7,140.6,132.8,131.3,141.4,135.9,136.5,88.0,138.0,128.2,103.8,104.8,116.8,116.4,120.1,118.6,110.6,110.1,113.6,122.4,133.7,131.2,135.5,119.2,140.5,144.2,121.0,100.0,119.6,120.2,130.1,124.5,129.3,135.3,133.5,121.3,127.5,132.3,131.3,125.6,121.3,123.6,128.2,133.1,121.6,132.2,123.5,139.3,97.0,77.3,107.5,148.4
2017-01-01,130.3,127.87410417,128.02942918,131.9,133.1,132.8,138.2,132.2,135.4,119.1,133.0,119.4,159.5,115.6,139.6,126.6,142.8,143.8,135.6,136.6,130.2,129.6,126.8,124.4,129.4,127.1,117.0,124.2,133.3,121.7,82.8,135.1,130.0,127.8,134.8,75.8,139.9,137.5,135.8,128.6,138.7,118.2,196.4,139.8,132.9,147.7,139.7,152.3,168.7,140.8,144.1,154.5,137.6,125.7,153.9,142.9,132.0,135.4,126.9,129.9,136.1,132.2,120.1,111.9,159.1,112.0,133.5,142.5,116.2,128.3,152.0,147.3,139.9,155.1,166.7,139.5,123.3,129.0,131.8,155.3,170.1,139.4,132.3,,110.8,147.6,129.0,149.1,130.1,141.6,151.9,163.9,153.6,128.8,135.9,96.3,122.8,110.7,99.0,225.6,140.6,126.8,83.0,111.5,86.4,101.4,120.4,147.1,160.0,128.7,85.5,124.7,112.1,132.8,127.4,331.0,152.0,195.7,188.5,132.3,158.9,172.0,138.9,163.6,141.7,161.3,192.3,144.8,108.3,115.1,122.9,123.6,144.9,125.8,117.4,127.3,127.4,128.3,160.9,146.6,140.9,138.7,139.7,137.5,141.4,148.5,138.4,140.4,140.3,122.6,126.6,125.1,117.7,127.4,124.7,129.3,139.0,133.2,153.6,130.8,133.0,137.6,153.5,143.2,147.5,160.3,140.0,146.9,138.9,135.3,148.2,146.6,137.1,136.3,136.6,137.3,130.9,137.4,127.7,134.3,133.4,140.8,135.4,135.0,132.2,121.1,138.6,132.5,128.5,137.6,135.5,142.1,148.8,153.8,129.4,130.0,130.6,133.3,125.2,129.3,147.4,115.4,129.9,125.6,111.5,117.5,119.7,106.7,125.8,133.8,137.7,128.6,133.6,138.6,131.2,125.1,130.6,118.2,128.0,142.4,133.2,132.5,131.1,134.4,135.0,140.1,115.7,120.5,122.0,117.4,169.8,121.7,116.1,113.7,113.8,115.3,152.3,132.6,123.4,127.9,126.6,145.0,130.0,118.6,126.1,124.9,128.8,131.5,136.7,125.0,125.9,124.1,127.3,149.8,125.7,114.0,121.6,135.3,137.3,129.3,122.1,134.2,137.9,121.9,129.1,133.2,117.6,149.0,126.4,116.8,115.7,119.6,125.5,101.6,127.5,123.7,124.7,140.6,132.3,130.5,141.4,140.2,136.8,86.4,143.5,128.2,103.8,104.6,116.9,116.4,119.7,118.5,111.0,110.1,113.7,122.5,134.4,131.5,136.1,119.6,138.2,144.7,120.9,100.0,119.7,120.2,124.2,124.6,129.5,135.6,133.9,123.4,128.0,132.5,131.8,125.8,121.5,123.7,128.3,133.8,122.1,132.8,124.0,140.6,98.2,77.5,105.9,149.3
2017-02-01,130.6,128.45227189,128.53213531,131.8,133.0,133.1,138.8,129.3,135.8,119.2,135.3,119.5,152.2,117.3,138.7,126.9,143.2,144.4,135.9,136.8,130.3,130.5,127.9,124.8,129.7,127.4,117.4,124.6,133.4,122.6,83.1,135.6,129.5,127.8,136.0,76.1,140.3,137.8,136.7,128.8,138.7,118.1,184.3,141.8,133.2,147.8,139.8,152.5,171.1,141.0,144.4,154.9,138.3,127.0,157.0,143.4,129.3,135.9,127.3,130.1,136.4,132.4,119.4,110.8,171.6,112.1,134.9,143.5,116.8,132.8,141.1,148.6,140.4,166.2,168.8,147.4,132.3,123.3,127.4,158.8,157.0,139.4,124.8,,115.9,129.9,130.1,151.9,131.2,142.5,154.1,168.0,153.9,129.2,136.4,88.1,120.3,111.8,97.3,216.7,138.4,125.6,89.9,113.8,83.5,97.8,123.3,160.3,180.2,133.2,83.9,131.1,114.5,136.3,127.4,331.0,142.6,182.4,176.9,129.5,155.6,165.8,134.8,158.2,141.4,156.3,181.2,143.2,108.8,117.1,123.3,123.4,145.3,126.7,117.2,127.2,127.3,127.7,159.9,144.2,139.2,139.2,139.8,137.8,141.8,149.0,138.8,140.2,141.0,122.9,126.9,125.6,117.7,127.7,124.9,129.8,139.5,133.4,155.4,130.9,133.0,138.7,153.8,144.1,148.0,161.7,140.9,146.7,140.7,137.0,147.7,147.4,137.3,136.6,136.8,137.6,131.6,137.4,128.2,134.6,133.3,141.6,135.6,135.3,131.8,121.1,138.9,132.6,128.9,137.3,135.7,142.5,148.7,154.4,129.7,130.0,130.9,133.5,125.1,130.2,147.5,115.3,129.9,125.7,115.2,117.9,119.9,107.7,126.3,133.3,138.5,127.0,134.3,138.5,131.7,125.6,130.5,118.5,123.8,144.8,133.5,133.8,131.6,134.5,135.2,140.9,113.9,120.3,121.8,117.6,175.8,122.1,116.1,113.7,122.3,115.5,152.3,133.1,123.0,128.0,127.7,145.1,130.1,118.5,125.9,126.7,129.2,131.6,136.7,128.0,126.6,124.3,127.4,150.3,126.1,114.4,121.7,135.5,137.2,129.5,122.1,134.7,137.9,122.1,129.0,132.2,118.0,149.8,126.5,117.1,115.8,120.3,125.4,102.3,129.2,124.0,125.0,140.8,132.6,130.7,141.0,140.7,136.9,95.3,143.5,128.2,103.9,104.9,116.3,116.6,120.1,118.7,110.8,110.1,113.7,122.7,135.3,132.0,136.5,119.6,137.0,144.6,121.4,100.0,119.8,118.2,124.9,124.8,129.7,135.7,134.1,123.2,128.2,133.1,132.2,125.8,122.0,124.2,128.7,135.0,123.4,132.9,124.0,141.9,100.1,79.5,108.2,149.8
2017-03-01,130.9,128.96348356,128.94374207,131.8,133.1,133.3,139.0,128.6,136.3,118.8,138.3,120.5,143.9,118.0,137.9,127.2,144.0,145.1,136.4,137.3,130.6,131.1,129.1,125.1,130.1,127.8,117.6,125.0,133.8,122.6,83.4,136.2,129.4,127.9,138.1,74.4,139.8,136.8,136.1,129.0,139.3,118.5,184.0,146.2,133.0,145.2,140.8,153.6,173.6,141.1,145.2,155.1,137.4,126.8,154.8,143.7,128.6,136.4,127.5,130.4,137.4,132.3,118.3,110.7,174.2,111.6,135.7,144.2,116.9,136.4,146.8,146.6,146.7,170.0,171.4,151.3,,117.8,127.7,167.3,154.7,146.2,121.3,,120.6,121.2,130.8,150.6,129.1,142.7,154.9,166.6,153.9,129.0,136.0,83.9,119.7,117.5,104.0,191.3,138.2,130.0,100.7,119.0,92.2,103.4,126.2,158.8,159.2,134.7,94.2,143.3,122.9,138.0,128.0,331.0,132.0,166.7,163.1,125.5,151.2,158.3,132.6,156.1,140.1,153.7,170.1,141.5,108.9,117.9,123.6,123.8,145.3,127.2,116.8,127.7,127.3,127.4,159.5,142.2,138.2,139.6,139.3,138.2,142.3,150.2,139.4,141.1,141.2,122.5,127.3,126.1,117.7,128.0,124.5,129.9,139.8,133.7,155.2,131.7,132.5,140.4,153.7,145.8,148.6,163.6,141.2,146.0,141.0,137.7,148.6,148.1,137.7,137.3,136.9,137.8,133.6,138.1,128.6,135.0,133.9,142.7,136.2,135.4,131.7,121.0,139.5,133.2,129.5,137.3,136.2,146.9,149.8,154.7,130.2,130.2,130.7,133.8,125.6,130.9,147.7,115.8,130.0,125.6,120.5,121.1,120.1,107.7,127.0,134.2,138.5,128.4,135.2,139.6,131.7,126.3,131.5,118.0,124.5,138.8,133.8,134.2,131.8,134.9,136.0,141.5,114.4,120.6,121.6,117.5,183.5,122.5,114.8,113.8,122.3,115.8,151.7,133.9,123.2,128.2,128.7,146.5,130.1,119.0,126.3,126.9,130.3,131.7,137.2,128.2,127.6,124.8,127.7,150.2,126.2,114.5,122.0,136.0,137.1,129.3,122.1,134.6,138.6,122.5,129.3,134.1,118.0,149.6,127.3,116.4,116.2,120.7,125.6,102.9,129.9,124.4,126.7,140.6,132.6,131.0,140.8,142.3,137.2,93.0,143.5,128.2,103.9,105.2,116.2,116.5,120.3,118.8,111.6,110.1,113.7,123.0,135.2,132.4,136.9,119.7,137.2,145.1,121.7,100.0,120.8,120.2,130.9,125.1,130.3,136.1,134.0,123.0,128.7,133.7,132.7,126.0,122.6,124.9,129.0,135.3,123.0,132.7,124.0,142.5,99.5,79.0,106.1,150.0
2017-04-01,131.1,129.24907647,129.16940803,132.1,133.5,133.0,139.4,126.1,137.2,118.4,139.9,123.4,140.9,118.5,136.5,127.4,144.2,145.4,137.0,138.0,131.1,131.7,129.8,125.1,130.4,128.1,116.6,125.1,134.5,123.1,83.4,137.2,129.5,128.1,139.1,74.4,137.0,136.5,136.3,129.0,139.7,118.7,184.0,150.1,133.0,144.0,139.4,154.1,177.1,140.8,145.6,156.7,137.8,126.4,156.3,144.3,126.1,137.2,127.8,130.1,138.1,133.4,117.1,110.9,178.6,111.1,136.9,144.6,116.9,141.3,143.2,142.2,148.0,173.7,175.3,157.9,,118.9,130.2,145.7,155.8,160.8,136.9,,126.5,116.3,129.3,153.6,130.4,143.5,155.7,166.3,154.7,129.7,136.1,85.8,118.9,131.1,130.3,172.2,139.9,136.7,108.2,124.9,112.0,117.7,131.9,140.9,130.2,132.1,131.3,152.1,135.0,141.3,127.5,331.0,127.5,161.6,157.9,125.8,148.2,157.0,131.3,154.3,139.9,151.4,164.0,141.0,111.7,118.2,124.6,124.3,145.4,127.6,116.7,127.9,127.4,126.4,159.1,138.7,137.6,139.5,138.7,138.2,142.2,150.5,139.5,141.2,141.2,122.5,127.4,126.1,117.8,128.4,125.1,130.4,139.3,134.3,154.5,132.0,132.2,141.9,154.0,146.7,149.6,163.8,140.9,147.4,144.6,138.7,149.2,148.8,139.0,137.9,137.9,138.3,133.1,138.8,129.0,135.7,134.1,143.4,136.8,135.8,131.3,120.8,140.2,133.6,130.1,139.8,137.4,148.4,150.2,155.8,130.4,130.6,131.1,134.4,126.2,131.5,148.0,116.0,130.0,125.6,122.7,121.5,120.7,103.8,127.9,135.6,139.3,128.7,129.2,140.3,132.6,125.8,132.8,122.7,123.8,141.2,134.4,132.3,132.5,134.8,135.8,141.6,114.8,121.0,121.6,117.6,185.2,122.9,114.9,114.2,125.7,115.7,151.8,134.7,123.2,128.1,129.1,147.0,130.1,119.2,127.9,128.0,130.3,131.8,137.8,127.3,127.3,125.0,128.3,152.2,126.5,115.1,122.0,136.9,137.5,130.2,122.1,135.2,139.6,122.9,129.3,134.9,118.1,149.7,127.7,116.2,116.4,121.1,126.1,99.0,125.2,124.6,126.0,140.0,132.5,131.0,141.8,141.3,137.9,94.2,158.7,134.1,104.0,105.0,116.4,116.8,120.3,118.8,112.5,110.1,114.2,122.7,135.2,132.8,137.1,120.0,137.5,145.5,121.9,100.0,119.5,120.5,140.6,125.6,130.4,136.8,135.1,123.3,129.6,133.8,133.1,126.1,122.7,124.8,129.2,135.7,122.8,132.8,124.0,142.5,99.9,79.2,109.5,150.7
2017-05-01,131.4,129.43684891,129.44217759,132.4,133.7,132.9,141.6,126.3,137.7,118.1,137.9,125.6,138.3,119.4,136.0,127.6,144.5,146.2,137.2,138.2,131.4,132.1,129.4,125.3,130.9,128.4,116.7,125.7,134.8,123.0,83.4,137.6,129.8,127.9,139.9,74.4,135.5,136.0,136.3,129.3,140.0,118.7,196.5,150.4,134.8,144.8,138.7,154.1,177.2,141.6,146.7,157.3,138.2,130.4,147.6,146.2,126.3,137.8,128.6,130.9,138.6,134.2,116.3,111.0,179.9,110.3,138.2,144.8,116.9,142.0,135.6,127.1,152.2,176.0,179.4,155.1,,126.2,132.5,118.5,123.2,175.1,135.7,130.3,130.4,116.6,127.8,152.8,132.7,144.2,156.4,164.6,154.8,129.8,137.5,89.0,115.6,143.3,155.9,167.0,140.4,142.8,106.3,131.5,137.5,133.2,140.3,123.3,113.5,130.3,154.6,160.6,134.2,139.5,128.1,331.0,123.9,158.5,154.8,125.0,146.7,154.4,128.9,155.5,139.9,150.3,159.9,141.2,114.1,118.9,125.8,124.8,146.7,127.8,116.6,128.0,128.4,126.1,158.0,135.7,137.4,140.5,139.7,138.6,142.3,150.8,139.6,141.5,141.4,122.6,127.6,126.4,117.7,128.6,125.3,130.6,140.7,134.5,155.6,132.5,133.1,144.1,153.7,147.7,150.9,164.4,141.4,144.5,144.8,134.5,150.9,149.9,139.5,138.0,137.7,138.2,131.5,139.2,129.3,136.1,134.6,143.7,137.5,136.5,130.2,120.7,140.5,133.6,131.4,138.8,137.4,148.2,150.8,156.1,130.7,130.8,131.4,135.1,126.4,131.9,148.2,116.0,130.0,126.1,118.9,125.5,121.2,103.2,126.3,135.8,138.8,128.1,129.8,139.9,133.3,125.9,133.3,123.2,123.9,138.6,135.3,132.7,132.6,134.7,137.0,142.1,117.5,120.9,122.1,117.5,189.6,123.6,116.7,114.8,125.7,116.2,147.6,135.1,123.1,126.6,129.4,148.3,130.1,119.5,128.6,124.6,130.9,132.2,138.0,127.1,127.3,125.2,128.4,154.6,126.3,115.2,122.5,137.4,139.2,130.4,122.1,135.6,140.4,123.1,129.5,135.0,119.0,150.2,128.0,116.5,117.0,121.2,126.4,98.9,124.3,124.8,128.8,140.1,132.9,131.3,142.1,141.7,138.3,99.6,177.7,135.5,104.1,104.9,116.2,116.5,120.4,119.4,113.0,110.1,114.3,123.1,134.8,133.1,137.2,120.1,137.9,146.6,122.7,100.0,120.0,121.0,131.0,125.9,130.6,137.2,135.0,123.8,130.2,134.5,133.7,126.8,123.5,125.0,129.6,134.2,123.0,133.1,124.3,143.2,98.5,76.6,108.6,151.3
2017-06-01,132.0,129.38483561,129.46940803,134.1,135.2,133.3,145.5,128.1,138.1,118.2,139.2,133.3,136.2,119.6,135.3,127.8,144.9,146.5,137.5,138.5,131.7,131.4,128.8,125.5,131.2,128.5,116.5,125.9,135.4,123.4,83.4,138.4,130.5,128.8,141.7,73.9,135.2,135.2,136.4,129.3,140.2,119.0,196.5,149.9,136.7,144.6,139.1,156.3,176.4,141.7,147.5,160.2,139.0,136.8,148.4,149.7,128.1,138.2,129.1,131.4,139.9,133.6,116.1,110.4,184.0,110.3,139.2,145.2,116.9,143.4,140.4,126.0,161.5,177.6,181.3,157.4,,133.2,140.0,109.0,115.0,153.2,139.5,143.8,134.2,126.0,130.2,152.9,133.7,144.0,156.6,162.5,154.0,130.3,139.2,94.0,117.7,155.6,171.3,163.6,144.8,150.4,135.2,142.9,158.2,149.8,152.8,123.6,106.4,132.6,165.2,162.8,128.5,142.2,129.0,331.0,121.1,155.3,152.6,123.7,144.4,152.8,129.3,152.7,139.8,149.5,157.6,141.1,109.6,119.2,126.5,124.1,149.9,128.4,116.4,127.7,128.5,126.1,156.8,133.3,137.7,140.8,139.7,139.1,143.3,151.5,139.9,141.7,141.6,123.4,127.7,126.3,117.6,128.9,126.1,131.0,140.4,135.3,147.2,133.1,132.4,143.9,154.5,148.2,152.2,165.1,142.1,145.0,144.6,136.3,149.4,150.6,140.2,138.3,138.0,138.4,133.5,139.6,129.4,136.5,135.0,144.2,138.5,137.2,128.2,119.6,140.7,134.3,130.3,140.6,137.5,148.1,150.8,157.0,130.9,131.3,132.1,135.1,126.6,131.2,148.4,116.1,130.1,126.7,114.8,126.9,121.3,101.8,127.1,135.9,138.6,129.3,136.4,139.6,133.9,125.8,133.0,123.3,121.0,131.2,135.2,132.8,132.6,134.5,138.1,134.3,117.5,121.1,121.6,117.6,197.0,123.6,117.6,114.6,125.7,115.2,154.2,136.4,124.9,127.5,129.3,147.6,130.1,119.6,128.6,124.5,130.9,132.5,138.1,126.2,127.6,125.3,128.8,153.5,126.1,114.8,122.1,137.8,139.8,130.6,122.1,136.7,140.5,122.9,129.5,135.3,119.1,150.7,128.4,117.3,117.3,121.6,126.4,97.7,122.5,124.8,129.9,139.7,133.4,131.6,142.5,145.6,139.2,87.3,168.0,140.3,104.4,104.8,116.5,116.8,121.0,119.5,112.7,110.1,114.6,123.4,134.8,133.2,137.4,120.4,139.3,147.6,122.8,100.0,120.1,121.0,131.0,126.2,130.8,137.8,135.7,124.3,130.3,134.8,134.2,126.8,123.9,125.2,129.9,134.4,123.7,134.4,124.3,145.5,99.0,76.5,108.1,152.1
2017-07-01,134.2,130.06429627,130.16035941,138.3,139.0,133.6,145.7,129.6,138.5,118.1,141.8,159.5,133.6,120.5,135.2,128.5,145.8,148.2,138.3,139.3,132.1,132.6,129.4,125.9,131.9,129.4,116.0,126.6,136.8,123.6,83.4,139.1,131.2,129.0,142.6,73.4,135.2,134.9,136.1,129.8,140.4,119.5,171.5,148.8,136.7,145.9,139.2,156.3,177.6,141.8,147.6,161.8,140.5,136.9,152.7,149.9,129.6,138.6,130.7,131.9,140.6,133.9,115.5,110.4,185.5,110.1,141.2,146.1,117.3,143.9,132.8,142.5,156.3,180.5,180.6,153.8,,136.1,144.2,117.6,131.2,144.3,143.1,144.6,136.3,136.6,132.1,153.1,131.7,143.8,157.4,159.6,155.3,130.2,139.9,98.0,121.7,174.6,179.8,161.2,152.2,158.4,321.9,161.8,190.4,163.8,174.3,135.4,110.4,146.2,189.2,163.3,119.0,151.3,130.3,331.0,118.2,152.9,151.4,122.2,141.4,147.7,129.5,151.4,139.9,148.2,155.0,141.7,109.6,120.1,128.4,125.0,149.4,128.7,117.0,128.2,129.3,126.2,155.4,132.0,139.8,141.0,139.7,139.5,143.2,152.5,141.1,142.5,142.7,123.8,128.5,126.9,117.7,129.5,126.6,131.3,142.7,136.7,142.3,133.6,133.1,141.7,155.4,149.4,154.5,169.0,143.4,141.6,146.4,138.8,151.2,152.3,141.6,139.0,138.6,139.4,134.2,140.5,130.0,137.4,135.5,145.3,139.5,137.9,128.1,120.5,141.5,135.3,130.9,141.6,138.6,148.2,151.5,158.4,131.5,132.1,132.7,135.5,126.4,132.5,148.5,116.1,130.1,127.1,114.6,138.9,121.6,100.7,126.8,138.7,138.0,128.2,136.7,140.8,135.3,125.7,133.7,123.4,122.9,137.6,136.0,133.3,133.1,137.3,138.5,135.1,116.4,121.4,121.6,118.6,196.2,124.2,117.6,115.3,125.7,115.5,151.9,136.3,125.3,128.0,129.8,148.2,130.1,120.1,130.3,124.6,131.3,140.6,138.1,128.2,128.3,126.1,129.7,152.8,126.7,115.0,122.3,138.5,140.9,132.4,122.1,137.3,141.3,124.0,130.0,136.2,119.5,151.8,128.8,117.6,117.1,121.9,126.7,95.1,120.5,124.6,132.6,140.1,133.4,131.6,143.3,149.1,140.1,90.2,168.0,135.5,104.7,105.0,116.8,116.8,121.0,120.4,113.0,110.1,114.8,123.9,134.8,133.8,137.9,120.3,142.5,149.8,123.5,100.0,120.0,121.0,134.6,126.9,131.2,139.6,136.8,125.8,131.1,135.5,135.0,127.5,124.5,126.2,130.6,134.8,122.7,135.5,124.3,145.9,97.6,74.6,107.0,153.2
2017-08-01,135.4,131.11135944,131.30099366,140.1,140.6,134.3,143.4,129.3,139.0,118.1,145.5,168.6,132.7,121.2,135.6,128.7,146.8,149.8,139.3,140.3,133.0,134.4,129.8,126.8,132.8,130.2,117.3,127.3,137.6,124.5,84.0,139.7,131.7,130.3,143.0,73.8,135.7,134.9,136.3,130.3,141.1,120.0,196.5,150.1,137.6,147.8,141.0,150.3,179.7,142.5,147.3,163.1,141.5,131.4,154.7,148.5,129.3,139.0,130.6,132.4,141.4,135.1,114.9,109.6,189.3,110.0,142.6,147.8,117.0,148.5,150.8,153.6,155.3,183.7,181.9,148.9,,136.7,148.2,152.4,137.4,131.6,140.8,,125.4,145.0,136.1,154.6,132.5,145.7,158.6,167.0,156.7,130.5,141.2,101.0,193.6,185.4,177.4,157.6,158.1,163.2,298.7,177.6,204.9,175.0,171.8,136.0,131.1,153.2,195.4,163.2,118.0,154.9,131.1,331.0,117.3,152.4,151.5,121.3,139.8,146.2,129.1,148.8,139.5,147.4,155.1,142.3,112.4,120.7,129.8,125.7,140.9,129.5,117.2,128.8,130.0,127.1,155.5,131.5,143.5,141.1,140.5,139.8,142.7,153.6,142.0,143.5,143.3,123.4,128.6,128.1,117.8,130.0,126.9,131.6,145.3,137.0,148.1,134.2,133.3,141.9,156.4,150.0,157.4,170.9,144.9,147.8,144.9,143.7,154.4,153.4,142.6,140.3,139.3,140.6,135.0,141.8,131.0,138.3,136.4,146.5,139.9,138.7,127.9,118.6,142.7,136.2,132.6,142.6,139.9,149.5,152.2,158.9,132.5,133.0,132.8,136.5,127.3,134.4,148.9,116.2,129.6,127.7,112.6,140.1,122.8,103.6,126.8,141.1,139.5,132.2,137.3,140.9,136.3,126.6,134.2,124.0,120.3,141.1,136.7,133.2,133.4,138.8,138.5,137.0,116.5,122.3,123.9,119.6,197.9,125.1,116.9,115.3,131.7,117.2,157.3,137.6,124.9,128.5,130.7,150.3,130.1,120.4,130.8,125.3,132.7,140.7,139.1,130.7,129.3,126.5,130.0,155.4,127.5,115.3,122.7,140.0,141.7,133.7,122.1,138.5,141.9,124.7,130.3,137.0,119.8,153.1,129.6,118.0,117.3,122.7,127.6,98.7,123.9,125.2,138.6,140.5,133.7,132.2,144.4,144.9,141.0,90.4,168.0,135.5,104.9,106.8,117.4,116.5,122.4,121.2,113.3,110.1,115.2,123.2,134.7,135.0,138.5,120.5,139.9,151.4,123.9,100.0,121.5,121.0,140.7,127.6,131.9,140.3,137.7,130.6,131.9,136.8,135.8,128.2,124.8,126.3,130.9,133.5,122.9,136.9,124.3,145.7,98.9,75.5,106.4,154.2
2017-09-01,135.2,131.99931659,132.14382664,138.2,139.0,134.7,142.4,130.2,139.6,118.4,143.0,156.6,132.9,121.5,135.6,128.8,147.3,150.8,140.0,141.1,133.4,135.7,131.0,127.5,133.3,130.6,118.3,127.9,137.4,125.7,84.0,140.4,133.2,130.4,143.8,73.8,135.6,135.8,136.7,130.5,141.7,120.4,196.6,152.1,137.4,148.1,140.8,150.3,183.6,143.4,147.5,163.9,142.0,129.5,160.0,146.9,130.2,139.7,131.3,132.8,142.0,136.2,115.0,108.3,200.5,109.8,143.8,148.8,117.6,147.5,136.6,158.4,159.5,191.9,183.8,147.9,179.4,135.8,148.0,142.7,152.9,131.7,148.0,,111.9,149.7,132.2,160.7,133.2,148.7,160.0,163.9,158.8,130.9,142.8,98.9,196.8,182.9,166.8,152.7,155.0,166.3,204.6,164.1,196.2,176.5,160.0,124.4,125.0,149.1,211.7,156.2,120.5,150.1,132.7,331.0,117.9,153.7,152.3,121.0,139.1,144.9,130.1,145.0,140.5,145.6,156.0,142.2,116.0,120.7,130.9,125.8,147.9,130.3,117.4,129.2,129.4,126.9,154.5,131.4,145.8,142.1,140.8,140.7,143.7,154.0,142.5,144.1,144.3,123.6,128.6,128.1,117.9,130.9,127.2,132.4,145.9,136.9,152.0,134.6,133.2,139.4,156.7,149.2,159.3,173.5,145.7,147.2,144.1,143.9,155.4,155.4,143.9,140.9,140.2,141.1,134.3,143.0,131.5,139.3,137.2,147.2,140.6,139.1,128.1,118.2,143.4,136.4,132.6,141.6,140.5,149.3,152.5,160.3,132.9,133.2,133.3,137.1,127.7,135.6,149.6,116.3,129.6,127.7,116.5,143.6,123.5,107.2,127.0,140.5,140.4,131.8,126.8,141.7,136.3,127.1,134.4,124.3,119.9,143.5,137.5,133.6,133.9,140.7,139.0,137.3,116.1,123.1,123.6,119.1,198.8,124.9,118.3,116.2,131.7,117.1,154.2,139.8,125.2,129.4,130.8,150.0,130.1,120.5,131.9,125.8,133.9,140.8,140.2,133.3,129.9,126.5,130.4,156.2,127.9,115.3,123.1,139.7,142.0,134.2,122.1,139.0,142.1,125.3,130.6,137.5,120.2,153.1,129.6,118.4,117.9,123.3,127.7,101.9,127.3,125.2,139.3,140.0,133.8,133.2,145.1,145.0,141.6,81.3,168.0,135.5,104.8,106.7,117.3,116.4,123.0,122.0,113.7,110.1,115.4,123.1,135.1,135.6,138.8,120.9,140.4,152.1,124.5,100.0,122.8,121.4,136.1,127.8,132.1,140.6,135.1,130.3,132.7,137.3,136.3,128.8,125.1,126.8,131.1,137.5,125.3,137.5,124.3,144.7,101.3,77.3,109.9,155.2
2017-10-01,136.1,132.68479867,132.75490486,139.4,140.1,135.3,142.2,131.2,140.6,119.0,141.5,162.6,132.3,121.8,136.3,128.7,148.1,151.6,140.8,142.0,134.1,137.3,132.2,127.7,133.6,131.3,117.8,128.4,137.9,126.2,84.0,141.3,134.1,132.2,143.9,74.7,135.8,136.3,137.2,131.1,141.5,120.7,165.5,150.8,139.0,145.3,140.8,151.8,184.9,143.3,147.9,163.3,142.3,129.7,158.8,146.4,131.2,140.6,131.9,134.0,142.3,137.2,115.4,107.8,212.2,110.0,144.8,149.5,117.9,143.1,139.8,151.5,157.2,197.6,183.8,155.6,155.3,137.2,150.4,149.0,168.0,122.6,139.2,,104.3,144.2,130.0,167.2,132.6,149.0,161.1,164.5,160.2,131.6,143.3,98.3,227.1,178.7,178.0,149.4,156.1,175.0,201.4,174.6,188.7,191.9,163.8,131.4,135.2,152.6,222.0,164.4,122.5,155.0,133.9,331.0,117.7,153.4,152.5,120.7,137.2,143.3,129.8,144.2,140.2,145.9,155.6,140.9,121.0,120.7,132.1,127.2,150.9,130.4,117.7,129.6,130.1,127.7,154.1,132.0,150.8,142.7,140.9,141.2,144.4,155.1,143.3,144.5,144.6,123.3,128.3,128.4,117.9,131.3,127.4,133.2,145.5,138.0,153.3,134.7,134.5,140.2,158.0,150.4,159.9,174.6,145.2,146.7,143.8,143.7,156.8,156.9,144.8,141.7,141.2,142.4,135.4,144.1,132.5,140.3,137.9,147.6,140.9,139.5,130.3,118.3,144.5,137.4,133.6,141.5,141.1,148.1,153.1,161.4,133.2,133.8,133.8,138.1,128.3,137.4,150.1,116.4,130.1,128.1,120.8,145.9,124.0,105.3,128.1,141.2,140.4,132.5,128.3,143.1,136.7,127.2,135.1,124.4,115.9,142.5,138.1,134.7,134.6,142.9,141.4,138.0,115.6,123.6,125.2,119.4,197.0,124.7,118.0,116.2,133.9,117.4,156.2,140.4,125.2,130.6,130.9,150.6,130.1,120.8,132.7,127.2,134.1,140.9,141.4,134.5,129.7,127.2,131.6,153.1,128.6,115.3,125.8,140.4,142.9,135.7,122.1,139.8,142.9,125.8,133.5,137.8,120.0,154.8,130.2,118.1,118.4,123.4,128.0,100.1,124.6,125.1,138.4,140.7,134.2,133.5,144.2,146.5,141.8,76.9,168.0,135.5,104.7,106.1,117.1,116.2,124.4,122.7,114.2,110.1,115.7,129.0,134.7,136.2,139.3,121.0,141.2,152.9,124.9,100.0,123.1,121.4,136.1,128.1,132.3,141.1,135.3,130.0,133.2,137.8,136.8,129.5,125.5,127.4,131.9,138.6,124.9,137.7,124.3,145.3,101.5,76.9,113.4,156.3
2017-11-01,137.6,133.87536018,133.66934461,141.5,142.1,135.7,142.4,142.9,140.8,119.2,142.2,173.8,131.2,123.0,136.8,129.2,148.9,153.2,141.8,143.0,134.8,138.6,135.3,128.4,134.4,132.6,118.3,128.9,138.6,126.8,84.0,141.9,134.2,134.6,143.8,74.7,136.2,136.6,137.7,131.7,143.0,121.0,165.6,147.7,139.9,142.4,138.7,152.1,185.4,143.9,148.6,164.0,143.2,128.4,159.7,147.4,142.9,140.8,132.3,133.7,143.2,137.4,115.5,107.1,224.2,109.9,145.3,149.9,119.4,140.0,150.3,158.2,157.9,208.0,184.4,153.5,130.6,135.9,152.0,147.9,176.5,128.1,141.3,,100.6,156.7,130.6,172.3,131.7,151.0,162.3,167.5,160.0,132.2,143.8,101.4,292.5,164.3,196.5,145.0,150.6,167.3,250.4,174.4,165.9,194.0,159.1,143.3,143.0,156.1,205.6,166.3,119.1,160.1,134.6,331.0,117.1,152.4,151.4,119.8,136.4,140.0,129.1,145.3,140.8,145.8,154.0,140.4,149.8,120.7,130.7,130.4,151.1,130.9,116.9,130.2,130.2,127.5,153.3,131.9,158.3,143.6,141.2,141.7,145.4,156.1,144.0,145.0,145.8,123.5,128.8,129.2,117.7,131.6,127.5,133.8,146.2,139.7,154.7,135.3,136.6,139.2,158.2,151.6,161.6,177.2,146.7,147.6,144.9,140.2,159.1,160.1,145.2,142.3,143.2,143.2,136.3,145.0,133.2,141.2,138.6,148.7,141.7,140.1,137.2,121.0,144.8,138.2,136.3,143.1,141.7,148.6,155.7,162.6,134.1,135.0,135.2,138.6,128.5,138.7,150.3,116.8,131.1,128.4,130.7,146.1,123.8,107.0,128.6,144.0,143.4,134.8,129.0,144.7,137.4,128.2,131.3,125.3,115.5,144.4,139.2,138.2,136.3,144.6,141.9,139.0,115.5,125.2,125.2,120.4,200.2,125.0,118.5,116.3,133.9,118.1,156.2,141.0,124.8,129.2,130.5,150.5,130.1,121.8,134.1,134.1,136.5,141.1,141.8,136.0,130.6,128.9,132.4,157.8,129.3,116.8,126.1,140.6,142.7,136.2,122.8,140.2,145.8,126.7,133.8,138.0,121.0,158.1,130.7,118.6,118.6,124.1,128.7,101.2,125.8,125.1,139.8,142.8,134.0,134.4,147.0,148.7,142.8,77.7,168.0,138.0,104.9,106.1,116.8,116.6,123.6,123.1,114.7,111.9,115.7,128.7,140.1,136.8,139.9,122.8,139.6,155.0,125.1,100.0,123.3,121.4,132.5,128.3,133.6,141.7,137.0,128.9,133.1,138.4,137.9,130.8,126.1,128.1,132.9,139.1,123.7,137.7,124.3,145.9,101.4,78.2,111.8,157.5
2017-12-01,137.2,134.30530107,133.97346723,139.7,140.5,135.8,143.3,145.2,141.0,120.5,141.5,161.7,129.1,121.5,137.1,128.8,149.0,154.2,142.0,143.1,135.1,139.1,136.6,128.6,134.7,133.1,118.5,129.0,138.5,126.5,83.8,142.0,133.7,134.4,143.1,75.4,136.2,135.9,137.6,131.8,143.2,121.1,165.5,146.3,140.0,142.5,138.0,152.1,181.7,143.7,149.5,166.2,144.0,129.6,164.2,147.8,145.2,141.0,132.4,134.3,143.5,137.7,116.5,107.2,243.4,111.0,145.0,150.7,119.7,137.3,155.2,158.6,156.4,211.6,184.4,154.9,120.0,136.0,146.0,158.5,177.8,133.4,148.6,,100.2,151.2,128.9,169.7,129.2,151.5,162.6,168.2,159.1,130.5,142.6,101.6,320.6,141.5,172.5,136.6,142.2,149.6,174.3,149.0,136.4,166.6,147.2,151.7,161.2,155.7,142.6,154.5,112.2,157.2,135.4,331.0,115.7,149.2,148.5,117.8,134.4,135.7,128.7,144.2,139.5,144.4,151.8,140.8,149.8,119.0,129.7,131.2,150.8,131.2,117.0,130.3,131.6,126.8,152.8,131.1,171.2,142.7,141.5,142.2,146.1,156.1,144.3,144.6,145.6,125.1,128.4,129.6,117.6,132.2,127.8,133.6,147.5,140.8,157.7,135.9,136.1,141.9,158.9,151.2,163.0,178.5,147.6,153.3,141.2,147.2,161.0,160.1,145.5,142.4,144.0,143.2,137.2,144.7,133.0,141.2,139.3,149.1,142.5,140.9,139.3,122.7,144.6,137.5,135.7,144.9,142.3,149.8,157.1,162.3,134.8,135.2,134.6,139.3,128.0,139.2,150.9,117.5,131.9,129.0,133.0,148.0,124.3,107.5,130.1,145.0,144.9,131.9,129.9,146.3,136.6,127.9,131.7,124.9,123.6,145.4,139.2,139.2,136.6,144.2,141.5,137.1,115.6,129.1,125.2,119.9,202.5,125.2,117.6,116.3,133.9,118.6,151.1,143.0,124.3,128.1,132.6,150.3,130.6,122.3,137.6,132.8,136.7,142.3,142.1,134.3,130.7,129.9,132.0,157.0,129.4,118.1,126.0,140.3,143.0,137.2,122.8,140.5,147.3,127.1,133.8,138.7,122.0,158.5,130.9,120.2,119.0,125.1,128.2,101.1,126.8,125.2,139.2,142.8,134.0,134.6,148.3,144.8,142.5,75.7,175.6,138.0,104.8,106.2,117.5,116.4,123.6,124.3,114.4,111.9,115.5,130.2,145.8,137.3,140.0,122.9,142.8,156.0,125.6,100.0,118.5,122.8,132.5,128.5,133.7,141.7,136.2,130.5,133.1,138.7,138.2,131.2,126.1,128.7,133.2,139.6,123.8,137.7,123.9,154.5,99.5,76.3,112.4,158.7
2018-01-01,136.9,134.86680827,134.61617336,138.1,139.2,136.0,144.2,143.7,141.1,120.7,141.3,151.6,127.3,118.8,137.5,129.0,149.5,154.7,142.3,143.5,135.5,140.4,136.6,129.1,134.9,133.3,119.3,129.7,139.0,127.3,83.8,141.9,134.0,134.1,143.4,75.4,136.8,136.2,138.1,131.6,144.3,121.7,165.6,149.3,140.1,144.1,138.1,152.7,178.3,144.2,150.3,165.8,144.7,131.1,165.4,148.3,143.7,141.2,133.3,134.3,143.2,136.8,116.4,107.0,250.7,111.3,144.8,151.3,119.8,136.1,174.3,154.1,156.6,217.7,184.6,155.7,138.6,135.9,137.8,164.7,165.7,116.8,133.6,,100.3,141.9,127.7,172.8,126.6,152.4,162.6,169.1,158.5,130.0,143.0,93.8,311.1,129.1,146.3,131.0,137.0,142.9,125.7,142.9,125.5,144.8,145.3,159.5,189.0,153.9,118.2,142.9,110.3,155.0,135.5,331.0,114.5,145.7,145.9,117.4,132.1,132.4,127.8,142.1,137.5,143.1,149.6,140.7,149.8,116.1,127.2,129.3,151.8,131.6,117.1,129.9,132.9,126.6,151.5,131.5,176.7,143.0,142.0,143.1,146.6,156.7,144.3,144.7,145.5,125.5,128.4,129.4,117.5,132.8,128.1,134.1,146.5,142.1,157.0,136.4,136.1,144.8,160.9,150.9,164.0,179.2,148.7,153.3,141.6,150.4,161.8,159.7,145.8,143.0,145.0,143.6,138.1,144.6,132.9,141.6,139.4,149.8,142.9,141.7,140.6,126.3,144.9,137.6,134.7,144.5,142.5,150.0,158.6,162.8,134.9,135.5,135.0,139.5,128.8,140.5,151.4,117.4,133.5,129.7,133.5,148.9,125.0,112.1,131.3,144.5,143.5,131.7,129.3,147.2,136.9,127.8,136.6,124.9,123.9,145.6,139.1,140.1,137.0,145.2,142.2,140.4,117.5,128.9,125.2,119.5,198.4,125.6,117.9,116.3,133.9,120.0,153.1,143.1,124.3,129.1,133.3,151.4,130.6,121.7,140.4,131.2,136.9,142.9,142.5,136.3,130.0,129.0,132.4,158.6,129.7,117.4,126.2,141.0,144.2,140.5,123.6,141.4,146.4,127.4,133.8,139.2,122.3,158.8,131.2,119.9,119.3,125.3,128.3,103.1,132.4,125.4,139.5,143.0,136.0,134.3,147.9,143.0,142.6,70.4,175.6,138.0,104.8,106.2,117.3,116.4,124.8,124.9,115.7,111.9,115.5,131.0,145.8,137.7,140.5,124.2,146.1,157.0,126.5,100.0,119.2,128.0,133.3,129.1,133.5,142.2,136.3,130.8,133.3,139.0,138.8,131.2,126.4,129.0,133.2,139.9,124.5,137.4,123.9,154.5,101.7,76.1,112.8,159.4
2018-02-01,136.4,135.35336165,135.15862579,136.1,137.6,135.9,143.5,140.3,140.9,120.4,142.9,140.5,125.8,117.1,137.3,128.6,149.6,154.9,142.6,143.8,135.6,141.3,136.7,129.6,135.2,133.8,120.2,129.9,139.0,127.7,83.8,142.1,134.0,134.8,143.7,75.4,136.6,135.9,138.1,131.5,144.3,121.9,165.6,146.4,138.5,144.1,138.2,152.7,175.5,143.8,150.8,165.9,144.9,129.1,168.0,147.8,140.3,140.9,133.5,134.6,142.9,138.2,116.3,106.3,249.1,111.4,144.1,151.5,119.6,139.4,171.9,163.5,162.5,223.6,187.3,160.4,128.8,135.8,136.3,170.6,158.3,140.9,125.4,,103.8,126.8,128.9,176.5,126.7,152.8,163.2,168.9,157.5,130.8,143.3,89.1,255.5,123.5,119.5,127.3,135.7,139.4,102.5,133.6,107.8,127.3,150.0,165.3,231.3,153.5,103.2,137.5,110.3,154.2,135.8,331.0,113.7,142.7,143.0,116.6,130.1,130.1,126.0,141.8,135.7,140.8,147.3,139.2,151.2,114.1,125.1,128.6,150.7,132.0,118.0,129.7,132.3,126.5,150.2,131.6,179.5,142.4,141.3,142.9,146.3,157.2,144.0,145.1,145.3,126.3,128.0,129.2,117.6,132.8,128.2,133.1,146.5,141.4,157.5,137.7,134.6,146.3,161.5,150.6,164.8,179.3,149.7,153.3,141.1,148.0,160.8,160.7,146.4,143.6,145.3,143.6,138.9,145.0,132.8,141.7,140.1,150.6,142.7,141.7,140.6,128.7,145.2,138.2,134.5,143.6,143.2,149.8,159.1,163.6,135.1,136.0,134.7,139.4,129.3,141.5,152.4,117.7,134.2,130.2,133.5,150.3,125.3,114.2,132.0,142.9,143.2,133.3,135.4,145.8,137.7,127.7,136.5,125.1,125.0,145.6,139.0,140.2,137.1,147.0,142.5,140.7,117.5,129.3,125.2,119.5,193.6,125.9,117.2,116.4,133.9,120.5,153.4,145.6,124.6,129.2,133.5,152.0,130.6,121.4,141.1,132.1,136.9,142.7,142.6,136.5,130.1,128.9,132.4,158.6,129.0,117.5,125.9,141.0,144.2,145.4,124.6,142.1,147.6,127.7,133.8,139.8,122.4,159.7,131.3,119.3,119.4,125.8,128.9,104.8,136.0,125.4,143.2,143.2,138.6,134.5,147.5,142.2,142.4,74.0,175.6,138.0,104.9,106.2,117.0,116.2,125.1,125.0,115.3,111.9,115.7,131.5,145.8,138.0,140.7,124.2,145.0,158.2,126.5,100.0,118.7,128.0,133.8,129.2,133.6,142.3,136.3,129.1,132.7,138.5,139.2,131.0,126.3,129.0,133.1,140.3,125.2,137.3,123.9,154.5,103.4,75.9,114.1,159.9
2018-03-01,136.5,135.94630587,135.86623679,135.5,137.2,136.2,143.6,138.3,141.2,120.7,146.2,134.6,124.6,116.1,137.8,129.1,150.4,156.3,143.1,144.3,136.2,142.0,136.5,130.3,135.6,134.3,121.0,130.4,139.8,128.2,83.8,142.5,134.9,135.0,144.0,75.4,136.7,135.6,138.1,131.2,144.3,122.6,165.6,146.5,138.5,144.5,138.4,152.7,178.7,144.9,151.5,167.3,146.6,128.0,172.9,148.4,138.3,141.3,134.0,134.9,143.1,139.5,116.3,106.6,244.6,112.5,143.9,151.9,120.6,141.3,176.6,161.5,171.8,225.1,189.5,164.8,,140.0,136.3,173.3,159.5,138.8,123.3,,111.7,122.0,134.0,179.5,126.5,154.4,163.4,169.1,158.1,131.3,144.3,97.6,199.7,130.8,114.2,124.1,136.3,142.1,94.1,129.7,104.9,120.2,153.3,162.3,200.8,151.8,106.2,138.5,130.8,153.5,136.0,331.0,113.7,140.3,139.8,116.4,128.6,127.7,125.3,141.7,135.1,140.1,144.0,139.5,151.0,113.1,124.8,129.2,149.7,132.2,118.3,129.9,132.2,126.4,149.6,132.4,183.1,144.0,142.0,143.1,146.6,158.0,145.3,145.7,146.3,125.9,128.5,129.6,117.4,133.8,128.4,134.1,147.4,142.6,161.5,138.8,136.7,152.5,163.4,150.8,166.4,181.2,150.5,149.2,146.8,155.3,160.6,161.1,147.2,144.5,145.3,144.3,140.1,145.7,133.0,142.1,140.7,151.3,142.9,141.6,140.1,127.8,145.5,137.7,135.5,142.6,143.2,149.1,160.9,163.9,135.4,136.7,136.0,140.0,129.6,142.2,153.2,117.9,135.7,130.2,130.8,151.8,125.9,114.3,130.1,140.8,143.5,138.1,136.2,147.0,138.1,127.9,138.8,125.5,125.5,145.3,139.7,139.8,137.2,148.0,143.8,128.9,116.2,129.4,125.2,119.6,193.6,126.4,119.2,116.5,133.9,121.3,153.3,148.5,124.7,129.4,133.7,153.1,130.6,121.8,143.3,132.6,137.7,141.5,143.1,137.2,130.1,128.8,132.6,160.1,129.4,117.1,125.7,141.6,144.6,148.1,125.1,144.0,149.0,128.1,133.8,140.0,122.8,160.4,131.9,119.6,119.5,126.0,128.5,105.0,136.5,125.5,135.2,143.3,142.1,134.9,148.9,142.8,143.0,71.9,175.6,138.0,105.1,106.3,117.5,116.2,125.3,125.7,115.0,111.9,115.6,131.1,145.8,138.5,140.9,123.1,145.8,158.6,127.1,100.0,120.8,131.1,134.2,129.9,134.1,143.1,137.3,132.0,132.9,139.0,140.0,131.6,126.7,128.7,133.6,141.2,125.6,137.6,122.5,154.5,103.9,75.8,114.3,160.8
2018-04-01,137.1,136.77172146,136.8110148,135.8,137.5,136.4,144.4,133.9,141.6,121.0,153.5,132.6,123.5,113.7,138.2,129.6,151.2,156.9,144.0,145.3,136.7,142.9,136.5,131.3,136.6,135.2,121.9,131.3,141.4,129.2,83.8,143.2,136.0,134.4,145.3,75.4,136.1,135.2,137.7,131.0,145.0,123.1,165.1,145.1,137.5,144.1,139.1,154.0,177.5,145.9,152.1,168.0,148.5,128.2,171.5,150.1,133.9,141.7,135.1,134.4,143.7,139.0,116.3,106.6,244.2,113.2,143.8,152.4,121.0,143.7,151.1,142.7,168.7,225.8,195.1,174.5,,147.4,137.7,192.6,170.1,140.4,130.4,,122.3,130.9,136.6,180.8,125.5,156.7,164.0,170.2,158.0,127.7,145.2,112.1,157.9,139.1,118.9,121.9,141.3,150.2,95.2,133.0,118.1,123.7,146.4,141.5,146.1,143.1,137.0,142.4,154.2,149.2,136.7,331.0,112.8,137.2,136.3,116.5,127.1,127.1,126.8,139.7,135.9,138.6,141.2,138.6,149.5,110.4,123.8,129.6,149.1,132.7,118.7,130.8,131.4,126.8,148.4,134.6,182.0,144.5,142.8,143.5,147.2,159.0,146.6,146.4,147.5,125.7,128.9,130.0,117.3,134.9,129.1,134.5,149.1,143.4,162.2,139.6,136.7,153.7,164.1,151.6,167.1,181.9,151.7,149.2,147.9,159.2,159.2,159.6,148.6,145.6,145.7,145.7,141.1,146.6,134.1,142.9,141.3,152.9,144.1,142.9,139.1,128.0,146.7,138.7,135.6,144.4,144.0,149.7,162.5,165.5,136.0,137.2,136.5,140.9,129.5,143.0,154.9,118.4,136.9,129.8,127.8,152.6,127.0,117.6,131.2,139.9,145.6,139.9,132.7,148.3,138.8,127.8,140.4,125.3,126.5,147.1,140.5,137.5,137.4,146.6,143.1,129.7,119.0,130.1,124.8,119.8,193.6,127.5,119.6,116.8,133.9,119.7,150.7,149.4,124.7,130.8,134.7,155.2,131.3,122.6,145.6,132.7,138.3,142.2,144.3,135.7,130.9,129.4,134.0,160.4,130.1,117.3,126.3,142.5,146.8,149.8,125.1,145.7,149.9,129.0,133.8,140.6,122.8,161.9,132.6,119.5,119.8,126.6,128.8,106.9,140.6,125.8,136.6,143.7,143.3,135.2,149.6,145.2,144.8,78.8,175.6,138.0,104.8,105.8,117.5,116.3,125.9,126.7,115.2,112.4,115.8,131.0,145.8,139.4,141.6,123.9,145.1,161.1,127.7,100.0,121.8,131.4,131.0,130.8,134.7,144.7,139.5,132.5,133.7,139.3,140.9,132.0,127.4,129.0,133.9,142.3,125.2,138.0,121.3,154.5,105.4,76.4,115.7,162.5
2018-05-01,137.8,137.42491688,137.50082452,136.5,138.1,136.6,146.6,133.6,142.1,121.0,154.6,135.6,122.3,109.6,138.1,129.9,151.7,157.9,144.7,146.0,137.4,143.2,136.9,132.1,137.4,136.0,122.9,131.8,142.1,129.9,84.2,143.6,137.5,135.0,144.7,75.3,136.0,135.1,137.2,130.8,145.5,123.0,165.2,143.8,136.0,143.0,138.4,156.5,175.9,147.1,152.5,168.5,148.0,132.9,175.2,151.3,133.6,142.1,134.8,135.2,144.6,140.1,116.0,106.5,243.4,113.4,144.0,152.7,120.7,146.7,158.7,132.1,178.9,227.1,198.8,183.6,,158.1,148.3,154.5,141.6,128.8,145.9,152.5,136.3,147.2,141.6,187.0,126.2,158.3,163.9,170.8,157.0,128.6,146.2,134.1,142.0,147.6,129.4,120.6,162.6,156.8,99.7,136.8,138.0,132.6,143.6,120.4,120.1,136.1,159.0,148.5,150.0,144.0,138.0,331.0,111.6,134.6,132.8,117.0,125.9,126.1,126.6,138.3,134.8,137.9,138.5,138.0,154.5,105.7,122.7,127.8,148.1,133.3,119.0,131.1,130.2,127.6,146.8,135.3,180.0,144.1,143.2,143.7,147.2,159.5,147.1,146.6,148.1,126.2,129.2,129.8,116.8,135.7,129.8,134.4,151.8,143.8,156.5,140.1,137.5,153.1,164.6,152.5,167.7,182.8,152.2,149.2,147.8,166.7,160.5,162.0,149.3,146.9,146.1,146.1,142.0,147.6,134.2,143.5,142.0,153.1,145.2,144.0,138.4,122.1,147.5,139.2,136.3,145.5,145.0,153.9,163.5,166.3,136.6,137.8,137.1,141.7,130.1,143.4,155.3,118.4,138.1,130.0,127.2,155.6,127.0,120.6,132.2,140.6,146.1,141.8,131.9,148.5,139.4,128.4,141.3,127.0,132.2,146.7,141.6,138.2,137.7,147.7,144.0,129.8,121.3,130.2,124.8,121.1,192.8,128.7,120.3,116.8,140.5,121.4,161.8,150.5,124.7,131.5,135.4,156.4,131.3,122.8,145.0,133.4,138.7,142.1,145.2,135.3,131.5,129.8,134.8,157.1,130.4,117.7,126.1,143.8,148.7,150.4,125.1,145.1,150.7,129.8,133.8,141.3,122.3,162.8,132.9,120.1,120.1,127.0,128.6,109.1,144.8,126.7,137.4,144.0,144.0,135.7,151.8,146.0,145.9,83.0,175.6,138.0,104.9,104.9,117.9,116.1,127.7,127.3,115.7,113.0,115.9,131.3,145.8,140.2,141.9,124.2,147.0,161.2,128.4,100.0,122.9,131.4,136.7,131.5,135.2,145.5,139.9,132.5,134.3,139.9,141.4,132.5,127.6,129.7,133.9,143.0,125.0,138.7,121.7,155.6,106.3,77.2,117.4,163.3
2018-06-01,138.5,137.78575914,137.74031712,138.0,139.4,136.9,148.7,135.6,142.3,121.3,153.2,143.7,121.4,111.1,138.4,130.3,151.8,158.3,145.2,146.4,138.1,142.5,138.1,132.6,137.9,136.2,123.7,132.6,142.8,130.1,88.3,143.8,139.3,135.3,144.4,75.6,136.2,135.0,137.6,130.9,145.8,122.9,171.5,143.2,135.4,143.7,138.8,156.9,175.1,147.0,152.9,169.0,146.5,136.2,178.5,153.8,135.6,142.4,134.8,135.9,144.6,141.3,116.5,106.4,245.1,114.1,143.2,152.5,121.6,145.5,148.5,136.6,177.4,223.7,198.9,179.6,,165.9,160.5,123.4,135.0,131.0,151.2,139.4,145.7,153.8,142.5,189.7,125.8,159.2,164.9,172.6,159.0,130.0,146.3,142.3,149.1,164.8,140.8,120.2,170.1,163.6,127.0,143.7,157.4,144.7,148.6,119.9,117.5,142.0,171.2,155.6,135.6,146.3,138.5,331.0,111.0,132.2,129.6,116.4,124.5,125.0,129.2,136.8,134.0,136.1,137.4,137.8,155.0,107.4,123.4,129.5,147.6,133.6,119.6,131.8,130.3,127.7,145.2,136.0,182.2,144.6,143.2,144.2,146.5,159.6,147.0,146.7,148.4,125.9,129.5,129.5,117.3,135.9,130.1,135.3,153.1,143.9,156.6,142.3,137.6,151.5,165.5,152.6,168.0,183.1,151.5,150.9,146.3,165.6,161.2,162.2,149.4,147.5,146.4,146.9,142.0,148.2,134.3,143.7,142.4,153.7,145.7,144.9,137.3,121.5,147.8,139.6,136.5,145.6,145.2,154.8,164.1,167.2,137.1,138.0,138.9,142.6,130.5,142.6,156.0,118.5,139.3,130.6,130.9,160.2,127.5,122.5,132.3,141.4,146.9,142.3,131.3,148.3,139.6,129.2,141.7,128.6,129.8,145.9,142.3,138.7,137.6,147.9,145.5,130.4,120.0,131.0,125.0,121.4,186.0,129.2,121.3,117.7,135.2,122.0,162.6,151.1,124.7,132.4,135.9,165.5,131.3,122.8,145.4,134.7,137.6,142.6,145.4,136.6,132.1,130.4,134.9,156.1,130.6,117.6,127.4,144.4,149.2,152.3,125.1,145.4,150.7,129.9,134.5,141.9,122.9,163.3,133.3,119.8,120.6,127.2,128.6,110.5,147.1,126.7,138.1,144.3,145.2,136.6,151.5,145.7,147.6,81.5,175.6,138.0,104.9,105.1,118.2,116.0,128.7,127.8,116.3,115.2,116.0,132.2,145.8,140.4,142.8,124.3,151.9,162.8,129.3,100.0,122.9,131.4,124.2,132.0,135.4,146.5,140.3,133.1,134.4,140.2,141.9,132.8,127.6,130.2,133.6,143.1,125.4,140.4,125.7,157.5,105.7,77.8,117.3,164.4
2018-07-01,139.8,138.5194311,138.34871036,140.1,141.4,137.5,149.1,139.2,142.5,121.4,151.6,155.9,121.7,113.5,138.9,130.3,152.3,157.5,145.6,146.8,138.4,143.6,139.7,133.2,138.6,137.0,123.6,133.1,144.7,130.1,84.2,144.5,140.6,135.9,145.8,78.3,137.3,135.8,138.2,130.9,146.4,123.3,172.9,141.4,135.3,144.1,138.8,165.4,176.1,147.8,153.2,170.9,147.1,136.1,180.1,154.3,139.2,142.6,133.6,135.9,144.4,141.5,116.7,106.3,244.2,114.4,143.0,153.1,121.7,142.0,147.1,150.5,165.8,224.5,196.2,163.3,,160.6,156.6,114.3,160.9,142.2,108.2,145.6,147.7,153.7,140.6,191.7,125.7,162.7,165.5,172.9,160.6,130.8,146.5,150.5,171.1,181.4,151.3,121.4,176.3,168.2,160.1,153.9,185.5,160.7,162.7,128.8,122.1,153.7,185.8,157.5,121.7,152.5,139.4,296.1,111.4,131.8,128.8,117.1,124.8,125.2,133.0,139.1,134.5,136.4,137.4,138.1,155.0,110.1,124.7,129.5,147.7,133.8,120.2,132.5,131.0,128.0,143.7,136.8,184.6,144.9,142.8,144.7,147.8,160.0,147.8,147.0,148.5,125.5,129.6,129.2,117.4,136.3,129.8,135.4,144.7,144.7,157.1,142.4,138.8,149.1,165.8,152.9,168.9,183.9,151.5,152.3,144.5,165.0,162.2,162.8,149.7,147.6,146.8,146.8,141.9,148.3,134.1,144.2,142.7,154.4,146.7,145.7,140.1,124.2,148.4,140.2,137.2,146.0,146.0,152.4,164.4,168.2,137.8,138.8,139.0,142.7,130.4,143.7,156.7,118.9,139.4,130.8,136.2,165.1,128.0,122.8,132.7,141.9,148.0,143.4,131.1,148.3,140.9,129.5,142.6,130.7,129.8,147.9,142.8,139.4,138.5,149.1,145.7,131.6,119.9,130.6,126.0,121.6,186.0,130.2,121.4,118.5,144.9,122.2,162.0,151.5,125.0,132.0,136.2,166.2,131.4,123.5,145.5,136.9,137.1,143.0,146.2,135.6,133.2,130.9,135.2,155.6,131.0,118.1,127.3,145.5,150.3,151.8,125.1,145.6,151.2,130.7,134.6,142.5,123.3,164.4,133.8,119.4,121.0,127.3,127.5,110.2,147.2,126.6,137.8,144.2,146.4,137.4,152.1,146.1,149.1,70.9,182.2,138.0,104.7,106.2,116.9,115.7,129.4,128.4,116.0,116.3,116.1,132.9,145.8,140.9,143.9,125.0,154.2,163.9,129.7,100.0,123.3,129.6,124.7,132.6,136.3,149.0,141.6,135.2,134.9,140.4,142.4,133.0,127.9,131.0,133.5,141.8,125.7,142.7,125.6,157.6,104.4,76.8,117.5,165.6
2018-08-01,140.4,139.30108977,139.06987315,140.5,141.7,138.3,148.0,138.1,142.6,122.2,150.6,156.6,122.4,114.7,139.4,131.1,153.0,157.9,146.1,147.3,138.8,144.6,140.9,133.9,139.4,137.7,124.3,133.6,146.0,130.1,84.2,145.0,141.7,136.8,146.6,74.3,139.0,138.4,140.1,131.8,147.5,123.7,166.2,141.4,137.5,147.0,139.3,161.0,177.3,148.8,153.6,172.1,148.4,132.5,180.7,154.1,138.1,142.7,133.6,135.5,144.3,141.6,117.6,107.3,244.8,115.4,142.7,153.1,121.9,142.6,151.2,162.3,159.7,222.3,198.5,151.2,,151.6,154.2,135.5,153.9,151.5,113.5,,130.8,154.5,136.4,192.5,127.8,164.4,165.8,170.2,161.7,133.1,147.6,152.5,174.2,189.3,163.5,120.7,176.4,167.7,149.1,160.7,191.7,170.9,158.6,128.2,130.6,157.1,188.7,154.1,115.8,152.4,140.1,179.7,111.4,133.1,130.2,117.7,125.3,125.6,138.0,140.4,134.6,135.8,138.9,139.5,155.0,111.3,126.2,129.5,149.5,134.1,121.3,132.9,131.4,128.3,143.7,137.8,184.4,145.7,143.6,145.6,150.9,160.7,148.4,147.5,148.9,126.8,130.6,130.2,117.2,136.6,130.0,135.8,144.0,146.1,158.3,143.6,139.0,147.0,166.7,152.5,169.9,184.4,151.0,151.2,144.9,161.3,161.3,163.4,150.5,148.1,147.5,148.6,141.4,148.9,134.6,144.9,143.3,155.3,147.8,146.2,137.0,122.4,149.1,140.7,138.1,144.6,146.5,154.0,165.7,169.1,138.5,139.3,140.1,143.0,130.7,144.7,157.8,120.1,140.1,131.3,139.6,168.4,129.4,124.2,133.7,140.0,148.5,142.0,127.7,148.0,141.8,130.6,143.5,129.5,132.9,154.1,143.3,140.0,139.2,149.6,145.5,132.5,119.8,128.4,126.3,121.2,186.0,130.0,123.3,118.5,144.9,124.2,157.7,153.1,125.5,131.2,137.4,167.3,131.4,123.7,144.2,136.8,138.1,142.7,147.0,135.1,134.0,131.3,135.7,159.1,131.2,118.4,127.0,145.9,151.2,155.7,125.5,145.7,154.2,131.3,135.2,142.4,120.7,165.3,134.3,120.3,121.4,127.7,127.2,111.5,149.0,126.5,140.4,144.4,147.6,138.1,152.3,148.2,150.6,64.5,182.2,145.5,105.0,107.0,116.9,115.8,130.0,128.9,114.8,116.3,116.4,131.4,151.0,141.3,145.1,124.8,148.8,164.5,130.1,100.0,124.9,128.4,124.8,133.2,136.6,150.4,143.6,130.9,135.7,140.6,143.0,133.4,128.2,131.5,133.3,142.0,126.7,144.4,125.6,158.6,102.7,75.3,116.5,167.0
2018-09-01,140.2,140.13202808,139.81852008,138.9,140.4,138.6,145.8,135.1,142.9,122.1,145.4,150.0,121.4,113.7,139.5,130.8,153.8,159.2,146.5,147.7,139.1,145.3,142.3,134.7,139.7,138.4,126.0,134.5,146.2,130.9,84.2,144.3,142.8,137.7,145.7,75.7,140.5,140.0,141.2,132.4,148.9,123.9,166.6,141.5,138.7,149.7,138.8,162.5,175.8,149.1,153.0,172.3,149.5,129.4,186.2,150.9,135.1,143.0,134.0,135.0,144.4,140.6,117.3,108.0,241.5,115.9,141.6,153.2,121.1,137.1,166.3,167.5,158.1,212.2,194.6,152.2,,143.0,152.6,155.5,168.5,139.4,106.8,,109.9,151.5,134.2,194.6,125.8,162.3,166.2,168.4,164.3,135.2,148.7,150.6,161.8,190.4,163.9,113.2,175.3,170.4,123.6,155.8,189.5,163.0,145.0,120.6,126.7,149.7,203.1,145.7,121.4,147.8,139.0,179.7,109.9,132.0,129.9,116.8,124.7,123.9,141.6,140.0,133.7,136.5,138.1,137.7,152.9,110.2,126.6,129.2,148.6,134.3,121.3,133.0,132.0,128.4,142.7,137.7,184.1,146.8,143.6,145.3,149.6,162.1,148.8,148.4,149.5,127.3,130.1,130.4,117.3,136.8,130.6,135.3,148.1,146.8,161.2,144.2,142.1,144.8,167.9,154.0,170.2,184.8,151.1,146.5,145.7,162.1,162.6,164.2,150.8,148.4,147.7,147.9,141.7,149.0,134.9,145.0,142.9,155.2,147.2,145.9,139.8,123.8,149.6,141.3,137.5,142.7,147.2,153.5,166.0,169.9,138.7,139.7,140.2,143.4,130.8,145.4,158.9,120.4,140.3,131.1,144.8,170.7,129.5,132.2,135.3,140.3,149.9,141.4,126.9,146.3,141.5,130.6,142.1,129.2,134.5,156.5,143.5,139.7,139.5,150.3,146.4,133.6,119.7,129.0,126.3,121.9,186.0,129.6,121.6,118.2,144.5,122.8,164.6,151.6,126.0,132.3,137.9,169.1,129.8,123.9,147.7,139.4,140.7,142.4,147.5,133.9,134.4,131.6,136.6,161.1,131.5,118.2,127.8,145.2,152.0,157.4,126.1,146.4,153.8,131.8,135.7,142.3,120.1,167.3,135.0,119.6,122.6,128.6,127.3,116.5,157.6,127.1,138.3,144.9,148.1,139.4,153.3,147.4,151.5,71.1,171.9,146.2,104.7,103.6,116.8,116.4,130.6,130.1,114.5,116.3,116.0,131.3,152.6,141.7,146.0,126.0,149.0,164.4,131.1,100.0,126.5,130.3,123.0,133.5,136.7,150.5,144.4,129.9,136.4,140.8,144.1,133.6,128.5,131.4,133.6,142.5,128.0,144.3,126.9,163.5,104.3,74.5,117.4,167.8
2018-10-01,140.7,141.29248245,140.97325581,138.2,139.9,138.8,146.7,134.2,141.8,121.5,142.2,149.4,118.6,112.5,140.0,131.7,153.7,160.8,145.8,147.1,138.4,146.3,143.5,136.3,141.6,141.5,126.9,134.8,146.5,132.7,84.0,142.6,144.3,136.4,149.0,76.0,142.3,141.2,141.9,133.0,151.3,126.0,185.5,151.8,147.0,147.5,138.8,161.3,178.1,151.4,153.7,169.5,150.8,130.9,186.7,152.4,134.2,141.8,138.2,137.8,144.8,140.6,117.0,108.8,227.5,115.7,140.2,152.9,119.8,134.4,166.3,149.9,171.7,207.1,192.7,163.9,162.6,134.2,157.2,,,147.0,,,100.9,157.9,139.8,204.5,124.2,163.7,167.1,178.6,165.3,136.3,150.9,155.6,163.0,179.0,168.8,108.8,175.2,172.7,120.1,151.0,168.8,151.3,138.6,121.7,122.6,144.1,231.4,152.7,129.6,148.1,141.6,209.4,106.5,128.5,127.8,114.6,121.3,119.4,150.6,135.1,132.8,136.7,136.5,138.0,150.9,108.8,126.8,130.5,148.3,134.8,121.1,133.3,132.0,127.5,145.1,139.5,187.0,151.2,141.5,144.6,151.0,161.4,149.4,148.9,151.2,131.3,131.1,130.7,117.4,136.5,130.7,138.0,155.3,146.6,155.6,144.1,143.2,143.1,166.8,155.6,171.7,186.6,152.8,153.7,146.0,172.3,163.6,165.3,151.3,148.1,147.9,144.8,143.9,147.6,136.5,142.2,142.6,155.9,145.0,143.2,139.7,130.3,148.3,142.8,136.7,144.1,145.7,156.7,166.3,168.3,138.4,138.6,142.0,141.6,130.8,146.3,159.5,124.8,141.4,130.6,153.0,172.8,130.9,131.6,135.2,139.9,148.8,144.4,125.7,147.0,150.5,131.1,147.4,130.1,140.4,155.2,144.0,141.7,141.8,140.3,146.6,124.7,119.7,130.1,127.8,121.1,160.3,128.0,120.5,118.7,145.3,119.2,153.3,155.3,125.8,138.0,137.7,168.6,129.9,124.4,151.7,148.1,140.6,143.6,148.2,141.5,135.0,133.2,140.1,165.7,131.9,119.3,130.2,150.3,155.2,152.8,126.1,152.8,157.1,135.4,138.9,144.9,127.5,168.3,138.6,121.5,124.2,127.8,125.1,116.4,159.5,127.3,136.1,144.2,149.1,140.9,157.0,146.8,152.7,82.4,171.9,150.5,104.2,103.9,117.8,117.2,130.1,130.6,115.8,116.3,116.9,127.0,157.3,141.9,146.7,127.7,151.0,162.8,131.2,100.0,129.6,128.0,125.6,134.8,136.1,150.9,144.6,128.3,137.9,141.2,146.7,135.2,130.8,132.0,133.8,142.7,129.7,144.8,125.2,160.8,106.4,75.1,121.0,171.0
2018-11-01,140.8,141.79390469,141.31581395,137.8,139.7,137.4,149.2,137.1,141.8,121.1,142.8,146.7,119.1,111.9,140.9,133.5,154.5,162.6,146.7,148.0,139.1,146.9,145.1,136.3,142.2,142.1,125.5,136.5,147.8,132.0,84.0,139.8,143.3,136.8,147.1,76.0,142.8,142.8,141.6,133.2,151.7,125.5,167.3,151.9,145.2,149.5,142.1,163.6,175.6,147.1,156.0,172.1,153.2,132.3,194.2,156.2,137.1,141.7,142.2,141.4,146.2,139.1,116.4,109.9,222.9,115.4,139.8,153.2,120.1,134.4,,160.4,159.4,207.0,193.3,172.5,137.6,128.1,161.2,,,,,,96.9,168.5,140.0,206.7,124.2,165.9,167.4,182.0,166.8,140.2,153.9,153.5,167.0,160.2,160.6,103.0,173.4,161.8,119.6,149.1,144.5,141.8,130.9,128.3,129.1,140.9,250.9,147.3,128.2,148.1,141.7,199.5,106.5,129.3,127.3,115.5,120.5,121.3,154.0,138.7,134.5,133.4,135.5,142.6,150.9,108.2,125.3,136.4,146.6,135.4,121.4,133.3,133.4,127.6,150.2,140.6,187.4,154.8,139.9,143.6,151.5,162.0,150.8,149.2,153.6,135.4,133.0,134.9,117.4,136.8,130.9,140.1,149.5,146.0,175.7,143.8,141.3,149.1,166.3,160.5,175.1,188.7,161.3,156.3,150.2,185.7,168.0,171.1,151.8,148.1,149.9,144.0,152.2,147.1,137.8,140.6,144.7,157.9,146.2,145.4,143.7,143.3,149.5,146.5,140.8,140.3,144.5,167.6,168.4,169.5,139.6,139.7,144.5,140.7,132.7,146.8,160.4,129.0,142.5,129.5,163.0,176.8,132.9,125.9,139.9,146.2,147.3,147.1,127.9,149.4,156.8,131.9,148.0,131.8,144.8,157.9,143.0,145.1,140.8,137.9,141.1,125.1,121.6,129.1,128.0,120.6,125.4,128.0,118.4,118.3,153.5,121.1,151.6,155.1,126.3,142.2,139.7,165.9,131.1,121.9,150.0,144.6,137.5,144.3,147.9,140.1,135.1,134.3,140.7,174.9,130.7,118.9,132.2,151.2,156.6,156.3,126.1,153.9,158.2,136.3,139.0,144.1,128.0,167.7,137.7,122.3,125.8,126.1,120.9,109.5,152.9,126.7,130.5,145.3,150.4,143.5,158.0,152.1,153.7,76.3,171.9,150.5,104.0,105.0,117.9,117.2,132.9,135.2,116.7,116.3,116.7,127.6,158.0,143.5,148.4,130.3,146.3,165.0,131.8,100.0,136.4,128.5,124.2,136.9,135.2,151.8,148.0,130.8,137.6,139.4,148.4,134.2,129.9,132.1,134.7,143.6,135.9,144.5,123.5,174.6,105.7,74.3,119.5,168.8
2018-12-01,140.1,141.70748061,141.56395349,136.0,138.2,137.5,150.5,138.8,142.1,122.0,139.4,135.2,119.8,110.3,140.6,133.8,154.6,163.0,146.8,148.1,139.4,146.5,142.7,136.8,143.2,144.9,123.6,136.8,150.1,132.2,84.0,139.7,141.5,136.8,146.6,76.0,143.6,142.5,141.4,133.1,151.8,125.4,186.0,150.9,145.6,147.4,139.7,166.0,177.6,144.9,158.3,171.1,153.4,134.7,198.7,156.1,138.8,142.1,143.0,140.8,147.0,140.5,117.4,111.5,226.5,116.0,139.9,153.4,121.1,131.1,,149.9,145.1,199.2,188.7,165.7,131.3,125.4,152.1,,,,127.1,,95.2,166.4,131.3,205.8,122.6,161.3,166.6,180.3,167.2,136.2,154.1,128.8,144.4,143.0,138.3,103.2,166.2,151.2,111.7,140.2,130.4,130.4,126.0,142.0,140.6,138.6,161.2,142.2,119.1,147.4,142.5,190.8,108.3,129.4,128.0,115.6,119.0,122.7,156.1,136.7,134.5,136.0,135.2,143.7,150.8,106.5,122.8,134.7,146.6,135.2,121.4,132.1,133.8,127.1,148.6,139.7,187.8,156.3,139.6,142.8,151.1,161.8,151.4,149.9,154.7,138.2,133.1,137.6,117.5,136.2,130.7,140.9,150.4,144.1,171.6,142.6,142.6,152.5,165.1,162.8,174.6,190.6,165.1,155.8,149.3,190.8,171.2,173.7,152.3,147.8,151.0,143.5,152.1,146.9,138.6,140.3,144.5,158.5,147.0,145.8,144.9,145.1,149.2,147.2,142.5,154.7,144.5,166.2,167.4,168.6,139.5,139.3,144.0,140.4,135.4,146.3,161.3,129.4,142.9,129.6,149.2,180.6,133.0,115.4,142.2,150.4,146.2,144.9,132.0,152.8,161.3,133.7,149.9,131.9,151.3,164.0,143.0,146.2,143.4,138.3,140.4,126.6,122.1,129.7,128.5,122.2,113.7,128.2,118.1,118.8,154.4,121.4,152.2,158.2,126.7,150.3,140.8,167.2,131.0,121.8,155.4,141.9,137.4,145.7,147.2,145.0,135.2,135.0,142.0,179.3,131.3,118.0,135.5,153.3,157.5,158.1,126.1,157.4,163.6,139.6,138.6,145.8,131.2,167.2,139.2,123.3,126.5,125.4,120.1,101.0,139.3,126.2,129.8,144.8,150.9,144.9,158.8,145.8,153.9,79.5,174.0,151.2,103.7,105.8,118.7,117.8,130.5,136.4,117.1,117.5,117.4,127.3,160.3,144.1,149.5,130.3,147.9,168.3,131.6,100.0,133.7,129.7,125.4,140.9,135.6,153.2,153.8,131.7,136.9,138.7,149.1,134.3,130.4,132.0,135.1,141.2,136.3,144.6,123.5,187.9,106.5,73.9,117.3,168.9
2019-01-01,139.6,141.53925009,141.83414376,135.0,137.4,137.1,151.4,140.2,142.1,121.8,135.4,131.3,120.3,109.1,139.4,133.3,154.6,163.2,146.4,147.6,139.0,147.7,139.5,136.9,143.6,145.1,123.3,136.7,150.2,132.8,85.4,138.9,139.2,134.0,143.9,76.4,144.3,141.1,140.6,130.8,151.1,124.5,186.4,150.4,146.3,149.3,138.1,149.7,177.9,143.1,159.6,171.1,153.5,135.8,198.5,156.8,140.2,142.1,142.6,141.0,146.5,140.9,116.8,111.6,234.9,115.5,140.6,153.0,119.8,128.5,,165.3,140.0,193.6,188.2,156.6,115.5,122.1,132.6,,,,116.5,,93.2,146.4,121.9,206.6,121.9,157.8,166.1,180.8,166.0,134.7,154.6,111.8,133.5,129.1,121.5,107.1,170.8,145.9,120.7,134.5,114.3,120.8,127.1,164.0,178.4,140.1,114.1,140.1,117.6,151.9,143.3,210.0,109.5,128.9,127.2,116.3,119.1,123.1,155.6,140.8,134.7,134.5,134.1,143.8,150.8,105.4,119.6,133.5,146.4,135.1,120.6,131.1,132.6,126.1,146.9,138.5,185.8,155.3,137.5,142.8,151.0,161.9,151.6,150.2,154.6,137.9,132.8,136.6,117.6,134.9,130.3,139.2,153.5,144.6,166.3,141.5,141.6,153.7,164.3,163.2,175.0,190.7,161.9,161.3,149.7,185.7,169.6,172.9,150.1,147.4,150.5,142.4,150.7,146.7,138.7,139.6,144.8,157.6,146.5,145.6,145.0,135.1,148.7,146.2,142.1,156.6,143.9,169.2,167.0,167.6,139.3,139.4,145.5,139.5,134.5,147.7,161.9,129.4,143.0,129.6,136.7,183.7,133.0,114.3,139.1,139.3,144.2,142.6,130.2,150.8,162.1,133.7,150.8,132.4,155.0,168.1,142.9,148.2,144.3,139.4,140.6,126.2,121.8,130.3,128.8,122.9,113.7,128.3,118.1,121.2,154.4,123.6,152.9,158.9,126.9,152.1,140.8,168.4,131.6,121.9,155.8,141.0,138.0,145.8,148.0,145.4,134.9,135.7,142.2,175.1,131.1,118.1,136.2,154.6,158.5,157.1,126.6,160.2,166.2,139.5,138.2,144.9,131.5,167.3,139.5,123.8,126.7,125.7,120.3,100.3,138.1,126.4,130.0,145.3,150.9,145.5,158.8,145.8,154.0,76.3,174.0,151.2,102.8,106.5,118.3,117.8,124.6,135.4,115.6,117.5,117.5,126.9,161.8,143.8,149.5,130.0,154.2,167.6,132.0,100.0,132.2,128.9,127.4,141.1,135.6,153.6,153.0,131.0,137.1,138.5,149.5,133.8,130.9,131.8,135.0,142.1,136.5,144.6,123.5,187.9,109.1,75.6,118.3,167.4
2019-02-01,139.9,141.83147396,142.32769556,135.1,137.5,137.6,152.0,141.5,142.2,122.0,136.4,129.7,121.0,109.0,139.7,133.6,154.9,163.4,146.5,147.7,139.7,148.5,138.4,137.4,143.7,145.6,123.9,137.1,150.3,134.1,85.4,139.4,139.4,133.8,142.6,76.1,144.9,141.4,141.4,131.6,152.4,125.9,186.4,151.2,144.0,150.9,138.7,149.7,179.4,143.0,160.2,170.5,154.3,135.8,181.8,158.4,141.5,142.2,142.0,140.6,145.8,140.3,116.8,112.0,242.7,115.9,139.8,153.1,118.0,128.6,,160.4,143.2,201.5,188.3,160.3,,124.3,130.9,,,,128.4,,99.1,128.1,124.3,205.2,121.1,158.2,165.9,177.0,166.6,134.5,154.3,108.1,129.0,122.1,109.0,107.6,174.0,138.8,116.4,130.2,104.9,113.2,131.0,184.3,209.6,142.0,98.6,142.1,116.3,158.7,141.2,184.7,111.4,128.2,127.4,116.7,119.4,123.3,158.1,144.9,134.4,134.1,133.6,144.3,150.8,105.4,119.0,134.3,146.5,135.1,120.8,131.5,132.8,126.6,146.8,138.9,183.0,156.1,137.9,143.3,152.4,162.3,151.8,150.3,155.3,136.2,133.1,136.5,117.6,134.9,130.4,139.7,154.5,145.2,166.2,142.4,141.6,157.1,165.7,164.2,175.4,190.6,162.8,160.9,147.9,185.7,169.3,169.3,149.3,147.7,149.3,141.0,148.9,147.0,139.4,140.1,144.1,156.8,144.8,144.0,143.1,136.3,149.2,146.7,142.2,157.7,142.9,168.9,167.9,168.1,140.2,140.0,146.3,140.3,135.2,148.5,162.4,129.6,143.4,129.7,132.2,183.4,132.0,117.7,139.2,142.1,144.2,143.8,130.9,147.2,162.3,134.1,150.9,132.9,155.8,169.3,143.8,148.5,144.8,138.0,140.8,126.0,122.6,129.6,128.5,122.0,113.7,128.7,118.2,122.3,153.5,126.3,153.6,159.9,126.6,150.8,141.3,165.8,133.2,121.8,157.1,141.0,136.2,145.9,147.4,145.1,135.4,136.2,143.1,171.4,131.3,118.0,135.4,155.7,158.6,160.5,126.6,157.1,165.5,140.0,138.2,144.4,126.5,168.7,140.4,123.3,127.1,125.8,120.2,101.3,141.5,126.5,133.7,145.6,150.9,146.0,159.4,139.7,154.1,75.1,174.0,154.5,102.6,106.8,119.2,117.8,124.6,135.9,114.5,117.5,117.2,125.3,162.0,144.0,150.3,130.2,147.7,167.2,132.6,100.0,132.9,129.6,127.7,141.0,136.8,153.4,153.8,130.9,137.7,139.7,149.9,134.5,130.7,131.8,135.0,142.3,137.6,144.5,123.9,187.9,112.5,77.2,120.5,167.8
2019-03-01,140.4,142.27415959,142.64640592,135.9,138.1,137.8,153.0,140.3,142.3,122.0,137.6,132.6,121.8,109.0,139.5,133.7,155.2,163.5,146.7,147.9,139.9,149.0,139.7,137.7,143.8,146.2,124.6,137.7,150.3,133.4,85.4,139.7,138.8,133.2,143.2,75.1,145.3,141.8,141.7,131.4,151.8,126.3,186.2,151.9,142.1,153.0,138.3,149.4,180.0,140.7,161.4,170.3,154.6,136.4,181.8,160.1,140.3,142.3,142.1,140.1,145.8,139.7,116.6,111.9,244.5,116.1,139.5,153.0,117.5,130.0,,157.9,150.1,202.8,193.2,166.3,,124.5,129.9,,,,128.4,,106.4,116.5,123.8,203.4,120.9,158.9,165.3,180.0,165.9,134.2,155.8,102.5,120.3,129.8,115.6,110.9,177.3,140.5,124.8,133.2,112.9,120.5,141.9,187.9,233.0,145.8,107.5,150.9,123.8,160.0,140.7,171.0,113.6,127.8,127.3,116.9,119.2,123.3,160.7,143.5,134.3,135.0,133.3,144.6,154.7,105.4,119.3,131.4,146.5,135.4,120.9,131.7,132.6,126.7,145.9,138.8,180.3,155.2,137.8,143.5,152.5,162.6,152.1,150.5,155.3,136.7,133.2,137.2,117.6,135.3,130.7,140.0,152.8,145.4,162.3,141.8,142.3,162.8,165.6,165.2,175.5,191.6,161.8,156.3,145.5,185.2,169.3,169.4,150.2,148.3,149.7,141.4,150.1,147.3,139.7,140.4,144.3,157.3,144.9,143.6,142.3,136.2,149.5,145.9,141.8,160.6,143.3,169.5,168.2,168.7,140.1,139.7,147.4,140.4,135.6,149.0,162.8,129.6,143.6,129.9,137.3,187.1,131.7,118.8,140.1,143.5,144.4,144.7,130.4,148.4,163.4,133.1,150.4,132.9,155.8,167.1,144.0,147.6,144.7,138.4,140.1,126.1,123.0,129.9,128.3,122.2,113.7,128.9,119.6,122.4,153.4,124.9,153.6,159.6,126.4,150.6,141.9,166.7,133.2,121.9,157.7,138.0,136.0,146.1,146.9,145.9,135.4,136.0,142.7,173.9,131.2,118.0,135.5,155.5,158.8,161.0,126.6,156.8,165.7,140.8,143.8,144.2,127.8,169.2,140.2,123.9,127.5,125.6,119.9,103.1,143.5,126.6,134.9,145.6,151.0,145.7,159.3,142.1,154.3,75.6,174.0,154.8,102.5,106.8,119.8,117.9,123.1,136.1,115.6,117.5,117.2,126.0,162.1,143.3,150.6,130.1,148.4,167.4,134.1,100.0,130.3,130.3,131.5,141.0,136.8,153.5,154.0,131.0,137.8,139.1,150.0,134.1,130.7,131.8,135.0,144.8,137.0,144.5,123.9,191.6,110.1,75.6,119.7,168.3
2019-04-01,141.2,142.62770595,143.00769556,137.3,139.4,138.0,155.3,136.5,142.2,121.9,146.0,136.4,122.5,109.1,139.3,133.8,155.3,163.6,146.9,148.1,140.1,149.7,140.0,138.0,143.5,146.6,124.9,138.6,151.3,133.2,85.4,139.9,139.2,132.6,145.8,75.4,145.5,142.5,142.3,131.7,152.5,126.4,186.2,152.2,142.3,154.3,140.8,151.5,179.6,140.7,161.9,171.0,155.0,141.3,178.0,161.3,136.5,142.2,140.8,140.2,146.0,139.9,116.6,111.5,245.5,116.0,139.4,153.2,117.0,132.4,,145.3,150.5,201.4,196.6,173.3,,133.0,132.8,186.2,209.3,,,,114.1,119.7,124.0,204.5,121.1,159.6,164.5,180.5,165.1,133.5,155.2,107.3,123.6,140.9,127.3,114.6,180.4,145.5,132.3,139.4,123.9,129.1,148.6,174.1,181.5,143.0,121.9,161.5,136.4,162.9,139.2,166.7,115.3,127.8,126.9,117.8,119.2,123.6,161.3,142.2,134.5,135.1,133.8,144.5,154.7,105.4,120.1,129.6,145.8,135.4,121.2,132.0,131.9,127.0,143.9,139.3,176.8,154.6,138.0,143.8,153.0,162.9,151.6,150.7,155.4,136.5,133.5,136.3,117.6,135.5,131.4,139.1,154.2,145.6,153.7,142.4,144.6,163.5,165.9,164.2,175.7,192.2,162.2,166.5,145.3,186.3,168.2,169.6,150.4,148.9,148.9,142.0,145.3,148.0,140.1,140.8,144.4,157.1,144.9,144.3,141.1,136.2,149.4,145.5,142.6,160.8,143.6,167.0,168.8,168.6,140.5,139.8,147.4,140.7,135.6,149.7,163.0,129.8,144.3,129.9,138.2,190.9,131.1,118.3,139.6,144.5,144.4,140.8,129.7,146.2,159.7,132.7,150.3,132.3,149.6,162.2,143.7,147.7,144.5,138.7,140.4,126.6,124.6,130.1,128.4,123.0,113.7,129.2,120.0,123.2,153.4,124.5,153.7,159.2,126.5,149.8,140.2,168.5,133.5,121.5,153.6,139.1,136.0,147.5,146.7,146.6,135.2,136.2,141.7,171.4,131.1,117.9,133.9,155.2,158.7,161.2,127.2,156.4,166.5,141.1,143.8,144.8,128.6,169.6,140.6,124.5,127.9,125.8,120.1,103.7,142.4,127.0,134.9,145.7,150.9,146.3,159.4,144.4,155.0,78.0,174.0,154.8,102.5,107.0,119.9,118.1,123.2,136.2,115.1,117.5,117.2,125.2,163.4,143.6,151.3,128.1,149.5,169.2,135.6,100.0,130.3,131.1,131.6,141.3,137.0,154.7,154.4,131.6,137.8,139.5,150.4,134.0,130.7,131.9,135.1,145.0,136.3,143.7,123.9,191.6,108.9,74.5,110.3,168.6
2019-05-01,142.0,142.91485039,143.29298097,139.0,140.9,138.3,158.5,136.0,142.5,122.0,146.5,143.0,124.9,109.9,139.9,134.0,155.5,164.1,147.3,148.4,140.4,150.1,140.3,138.2,143.7,146.9,124.9,139.2,151.6,133.4,85.6,140.2,139.6,132.6,145.9,75.4,145.6,142.2,142.4,131.9,152.7,126.4,186.2,157.1,143.7,157.2,143.0,151.5,180.2,140.7,163.6,173.0,155.1,146.1,179.5,164.4,136.0,142.5,140.1,140.4,146.4,141.4,116.7,112.2,240.8,116.1,140.0,153.2,117.3,138.5,167.5,130.5,161.5,204.6,200.6,178.0,,145.4,141.0,152.3,158.4,,,134.7,122.6,129.3,127.4,205.7,122.2,159.9,163.4,179.7,165.0,131.8,155.8,113.4,127.5,154.9,148.3,128.7,193.9,151.1,169.6,142.6,144.6,139.9,160.0,146.3,147.0,137.0,136.0,168.7,145.5,152.8,138.1,158.3,119.1,128.9,128.2,120.1,121.1,125.4,162.5,143.4,135.9,135.3,134.7,144.8,154.7,106.3,121.6,131.5,147.6,135.3,121.8,132.1,132.3,127.4,143.6,140.2,176.0,154.9,139.0,144.1,153.0,163.2,151.6,150.9,155.1,136.8,133.6,136.1,117.7,135.7,131.7,139.4,156.5,146.3,154.0,143.1,145.9,164.3,166.3,164.3,175.8,192.8,160.9,166.7,143.3,186.3,164.6,169.2,150.5,149.4,148.2,142.0,145.6,148.6,140.1,141.0,144.9,157.6,144.7,144.4,143.8,136.6,150.1,145.4,142.5,157.7,143.7,167.5,168.6,169.6,140.5,139.8,148.2,141.1,135.9,150.1,163.1,129.9,144.4,130.0,139.0,193.0,131.3,118.3,138.3,144.3,144.9,139.1,129.0,145.0,160.3,133.1,151.1,132.4,150.0,164.7,144.0,147.6,144.6,136.2,140.4,126.9,125.9,130.5,130.3,123.2,115.1,129.3,120.4,123.3,153.4,123.7,153.8,159.4,127.3,149.8,140.7,170.4,133.5,121.6,152.9,137.9,135.6,148.5,146.8,146.6,135.3,136.2,141.8,173.3,131.1,117.1,134.0,155.4,159.1,161.2,127.1,156.9,166.9,141.5,143.8,146.0,129.4,169.9,140.8,125.4,128.0,126.0,120.4,102.7,142.8,127.4,134.9,145.7,151.2,146.3,158.1,144.7,156.0,77.5,174.0,154.8,102.6,107.0,120.1,118.8,124.2,136.4,113.9,117.5,117.6,124.4,163.6,143.9,151.6,128.6,152.0,169.7,136.4,100.0,130.7,133.1,131.8,141.7,137.4,155.0,155.1,131.9,138.0,139.6,150.9,134.2,130.9,132.1,134.9,145.9,136.6,142.4,123.9,189.8,109.4,73.8,110.6,168.8
2019-06-01,142.9,143.15482083,143.43750529,141.1,142.7,138.7,162.1,137.8,143.3,122.2,146.8,150.5,128.3,111.0,140.6,134.2,155.9,164.9,147.4,148.6,140.4,149.4,141.2,138.6,143.8,147.4,124.6,139.6,152.5,134.3,82.2,140.7,139.6,133.0,147.0,75.4,145.9,142.0,142.8,132.2,153.5,126.7,186.2,164.9,145.2,160.7,143.1,151.5,181.9,140.8,166.0,174.1,156.1,151.2,177.1,167.9,137.8,143.2,140.6,141.2,146.5,141.7,116.7,113.5,234.4,116.1,141.4,153.1,117.4,140.3,118.8,115.9,150.6,200.6,202.0,182.3,,154.2,146.1,132.0,121.0,,,122.4,131.6,140.4,130.9,207.6,123.7,163.2,162.9,181.7,165.3,130.9,156.2,123.7,142.8,165.0,166.2,144.3,216.3,154.8,190.3,147.0,159.5,155.1,166.8,130.1,121.2,132.7,154.3,177.6,143.3,147.8,137.8,173.1,124.7,130.4,129.4,123.3,123.6,128.3,166.2,144.6,137.2,137.1,135.8,145.9,149.5,107.2,124.1,133.4,147.8,135.7,121.4,132.7,132.4,127.5,143.8,141.6,174.8,155.0,139.6,144.6,154.0,163.6,152.0,150.8,155.5,137.1,133.9,136.1,117.9,136.4,132.0,139.7,157.7,147.0,154.6,144.0,147.2,163.1,166.7,165.3,176.6,193.4,160.4,170.8,144.7,186.3,165.2,170.4,150.8,149.7,148.0,141.8,145.3,148.9,139.5,141.4,144.7,157.5,144.9,144.6,144.0,135.6,150.3,145.3,142.9,156.3,144.1,167.1,169.3,170.0,140.6,139.6,148.6,141.2,135.6,149.4,163.4,130.0,144.2,130.3,141.9,194.5,132.0,115.9,139.6,144.5,145.2,140.2,127.0,146.4,161.0,133.5,151.7,132.4,150.1,165.5,144.1,146.7,144.0,136.6,140.7,126.8,125.1,129.7,129.9,122.1,137.8,129.2,120.8,124.0,153.4,120.0,154.2,158.9,126.8,150.4,140.6,172.0,133.6,121.7,153.3,138.6,135.4,149.1,146.7,148.8,135.3,136.3,141.9,173.8,132.1,117.5,134.6,156.0,159.4,161.1,127.1,156.5,167.6,141.9,165.2,147.6,129.3,170.6,140.9,126.6,128.5,126.3,120.7,101.0,139.3,127.6,134.9,145.6,151.5,146.7,159.0,142.5,157.1,71.9,174.0,154.8,102.4,107.2,120.4,119.5,125.4,136.5,114.0,117.5,118.0,128.1,162.6,144.0,152.1,128.5,150.8,170.2,136.9,100.0,130.6,134.5,131.5,142.8,137.9,156.2,155.1,132.1,138.2,140.0,151.1,134.4,131.1,132.1,135.2,145.7,137.7,142.1,123.9,189.2,112.4,74.0,112.2,168.9
2019-07-01,144.2,143.64606576,144.27454545,143.4,144.7,139.3,162.7,140.0,144.0,122.5,150.3,160.3,130.0,111.1,141.7,134.7,156.2,165.2,147.6,148.9,140.5,150.6,139.3,139.5,144.2,147.9,125.6,140.5,154.0,135.7,82.2,141.3,140.0,133.0,147.9,75.4,146.5,142.0,143.1,132.8,154.3,126.9,199.5,169.4,147.3,162.5,144.9,169.0,183.7,141.4,167.1,174.1,156.9,150.5,178.5,169.4,140.0,143.9,140.4,141.9,146.9,142.7,116.6,115.2,228.4,116.3,143.6,153.2,116.5,140.9,123.8,129.1,158.6,199.1,202.9,176.7,,160.2,154.1,131.9,132.2,144.8,,,140.5,160.2,134.0,208.4,127.2,164.6,162.1,183.1,166.6,131.8,157.5,130.0,158.4,191.1,179.4,156.9,239.6,161.6,205.5,158.3,179.5,176.0,173.7,130.4,123.0,139.1,173.0,174.3,134.5,152.9,137.9,171.0,127.4,130.8,130.1,125.0,125.5,129.8,168.2,143.4,138.3,138.0,136.6,146.5,149.9,107.1,126.0,132.9,147.2,136.3,120.8,133.8,133.0,128.3,143.9,143.6,174.1,155.1,140.4,144.6,154.9,164.3,151.8,151.0,155.7,136.7,134.4,136.4,118.0,136.8,132.1,139.7,158.8,147.3,152.7,145.0,149.4,162.4,167.3,166.4,176.9,193.4,160.4,172.6,145.5,186.2,165.2,170.9,151.2,150.1,148.8,141.9,145.6,149.0,139.8,141.9,144.6,157.9,145.0,144.3,145.2,135.0,150.4,145.5,142.9,153.1,144.5,167.0,169.7,170.6,140.7,139.8,148.8,141.3,135.8,150.6,164.1,130.9,144.4,130.5,130.0,198.6,132.1,117.8,139.6,144.4,145.3,138.0,125.2,148.0,160.8,133.5,151.9,132.6,150.6,170.7,144.4,147.4,144.4,135.9,140.8,126.8,125.0,129.8,129.3,122.4,137.8,129.5,121.4,124.2,153.4,120.6,154.1,159.1,127.4,150.6,140.5,173.2,133.3,121.8,153.2,138.6,135.9,149.3,146.5,149.4,135.7,136.9,142.3,172.9,132.5,117.6,135.2,156.3,160.3,161.4,127.1,157.6,168.3,142.4,168.3,149.1,130.0,170.6,141.4,126.9,129.0,126.6,120.9,103.6,142.2,127.7,134.9,146.0,151.7,147.2,159.0,147.1,157.7,74.7,174.0,153.5,102.4,107.5,120.6,120.6,125.4,136.9,115.9,117.5,118.3,127.5,163.3,144.6,152.7,128.7,152.0,170.9,138.3,100.0,130.8,132.4,128.7,143.4,138.4,158.0,156.0,133.0,138.5,140.4,151.6,134.7,131.3,132.4,135.6,146.1,137.9,141.4,125.0,189.8,116.1,76.1,114.2,169.3
2019-08-01,145.0,144.15971555,144.97816068,144.7,145.9,140.1,160.6,138.5,144.7,122.9,149.4,167.4,130.9,112.0,142.6,134.9,156.6,165.8,147.9,149.1,140.6,151.6,138.5,140.2,144.5,148.5,125.8,140.9,154.9,138.4,82.2,141.7,140.2,133.2,147.6,75.4,147.7,142.9,143.7,133.4,154.8,127.3,199.5,173.2,153.6,165.9,146.8,169.0,185.2,141.5,167.3,174.6,158.6,145.5,179.5,168.3,138.5,144.7,139.3,142.6,147.2,142.8,116.7,116.8,229.4,116.6,144.4,153.8,116.8,140.5,132.5,155.1,159.7,199.3,200.1,162.8,,157.4,171.7,144.7,,141.7,,,123.8,159.9,135.8,207.4,131.6,165.5,161.1,189.0,169.6,131.5,159.0,131.9,185.3,198.1,187.5,166.8,248.6,168.8,207.6,166.9,209.3,193.0,168.0,125.6,121.0,143.7,197.7,173.2,129.6,153.3,138.3,205.2,128.6,130.7,130.5,126.0,126.0,130.3,170.7,144.8,139.9,139.9,136.9,146.9,149.9,108.0,128.6,134.7,147.8,136.5,121.2,135.2,133.1,128.6,144.4,145.3,174.3,155.2,142.0,145.0,154.9,164.8,151.9,151.6,155.8,136.7,134.5,136.4,118.0,137.1,132.4,140.2,159.6,148.1,155.2,146.1,150.2,161.9,168.0,167.0,177.3,193.7,161.4,167.3,144.8,187.7,164.3,171.3,151.0,150.2,149.4,142.1,145.9,149.2,140.0,142.1,144.6,158.2,145.6,144.3,146.2,135.3,150.5,145.4,142.8,154.0,144.6,167.3,170.8,171.3,140.7,139.8,148.7,141.7,135.8,151.7,164.7,131.0,144.7,130.8,123.8,202.5,132.5,117.4,139.3,147.1,145.4,143.1,125.6,147.6,162.1,133.9,153.3,132.7,148.9,170.8,144.3,147.1,145.3,137.0,140.3,127.7,125.0,130.4,129.5,127.5,137.8,130.0,121.5,123.9,153.6,119.1,154.0,159.3,128.6,150.3,141.2,173.5,133.3,121.8,153.2,138.6,136.3,149.4,146.6,147.7,135.4,137.1,142.7,172.9,132.8,117.7,135.6,156.6,160.9,160.8,127.1,159.2,168.8,143.2,168.7,150.1,130.6,170.6,141.6,128.6,129.5,126.8,121.3,103.4,141.7,127.8,138.4,145.8,152.0,147.2,158.8,144.6,159.0,73.2,174.0,153.4,103.2,107.9,120.9,120.5,126.1,138.1,116.7,117.5,118.5,127.7,163.3,144.8,153.3,129.9,151.0,170.9,138.6,100.0,131.0,130.9,130.9,144.4,138.9,159.1,156.1,133.5,138.6,140.5,152.0,134.9,131.3,132.6,135.9,146.2,138.5,140.9,125.7,189.8,124.6,82.9,125.2,169.7
2019-09-01,145.8,144.65206871,145.44048626,146.0,147.0,140.9,160.8,139.6,145.4,123.5,146.6,173.2,131.6,113.2,144.1,135.0,156.8,166.5,147.9,149.2,140.6,152.2,139.2,140.7,144.6,149.0,126.1,141.3,155.2,139.7,77.3,142.4,140.5,134.4,146.7,71.6,148.7,144.3,144.2,133.6,155.3,127.5,199.5,174.0,157.1,167.9,149.6,165.5,187.4,142.2,167.9,176.2,159.5,144.0,183.7,169.4,139.6,145.4,140.5,143.0,147.9,142.4,116.6,117.6,237.3,117.0,145.6,154.1,117.4,142.7,134.1,153.9,154.6,197.5,201.4,163.1,,159.2,182.5,,,124.7,,,106.6,154.0,137.0,206.5,135.6,165.7,160.2,187.9,170.9,131.2,160.8,131.4,269.2,203.9,181.5,191.7,241.2,171.9,163.8,169.4,209.4,190.3,160.1,120.4,122.4,146.7,214.9,166.1,138.2,153.8,138.5,195.6,129.2,130.5,130.4,126.7,126.9,131.5,173.7,149.0,140.0,139.9,137.1,148.0,150.9,109.4,130.9,136.7,148.5,136.7,120.9,136.0,133.6,129.5,144.3,148.3,177.0,155.2,142.3,145.6,156.3,165.0,151.9,151.7,156.1,137.2,134.6,136.6,118.0,137.3,132.5,139.9,160.1,148.5,157.6,147.0,151.1,164.1,168.4,167.7,177.4,191.6,161.3,165.0,139.9,183.2,164.2,175.3,150.9,150.7,149.7,141.8,145.8,149.5,140.4,142.5,144.9,158.4,145.7,144.7,140.6,138.3,150.6,144.9,142.9,154.8,144.7,166.4,171.6,172.0,140.4,139.7,148.5,141.7,136.5,152.3,164.7,131.4,144.7,131.9,124.6,203.6,132.9,119.5,140.1,140.7,146.2,145.4,127.2,146.3,163.0,133.8,154.2,132.9,153.4,162.0,144.5,146.9,145.5,136.1,139.4,127.2,125.0,129.0,130.0,128.9,139.3,130.2,121.3,129.9,153.5,118.6,155.6,159.7,130.5,150.6,141.5,174.0,133.3,122.0,151.9,139.2,136.0,152.2,147.5,146.0,135.6,137.4,142.5,176.8,132.9,117.8,136.1,156.7,160.9,161.0,127.1,158.0,169.4,143.9,166.3,150.1,132.5,170.7,141.7,127.8,129.7,126.8,121.4,104.3,142.6,128.1,136.3,145.4,152.1,147.2,159.1,142.6,159.3,70.1,174.0,153.4,103.5,108.4,121.3,121.4,128.4,138.1,115.4,118.2,119.0,131.6,163.3,145.0,153.7,130.4,151.8,172.3,139.1,100.0,130.7,131.2,134.5,144.8,139.2,159.3,156.3,134.8,138.5,141.2,152.5,135.1,131.1,132.7,135.4,145.1,137.8,140.8,121.7,189.5,128.2,88.7,129.7,170.0
2019-10-01,147.2,145.19722941,145.8620296,149.1,149.6,141.8,161.0,142.6,146.2,123.9,148.0,188.4,132.5,114.0,145.4,135.1,157.1,167.1,148.2,149.4,140.8,153.0,140.6,141.0,145.0,149.4,126.3,141.7,155.4,140.0,77.0,143.1,141.1,135.6,148.5,73.5,150.0,145.1,144.5,134.2,155.7,127.5,199.5,175.0,159.4,168.6,151.4,165.5,188.5,142.7,169.1,177.4,161.0,144.2,183.8,168.6,142.6,146.2,141.5,143.4,148.4,143.2,116.9,117.9,237.8,117.1,147.3,154.5,117.5,144.6,134.1,155.1,163.7,201.3,202.6,174.6,189.0,158.8,193.2,,,129.1,,,101.1,156.4,140.8,208.3,138.6,167.5,160.2,190.5,171.7,131.6,161.5,142.4,322.1,205.5,190.8,221.0,229.9,179.0,195.7,179.8,207.6,196.9,158.7,133.5,145.8,157.0,232.2,168.3,139.6,158.4,138.4,190.3,129.8,130.6,130.8,127.3,127.9,134.5,176.9,149.4,140.4,140.9,137.6,146.0,150.7,110.0,131.3,136.5,152.5,137.1,121.4,136.4,133.7,130.1,144.4,151.5,178.4,155.4,142.6,146.1,157.7,165.3,152.1,152.4,156.0,137.3,134.6,136.5,118.1,138.0,133.1,140.0,160.9,150.1,157.5,148.1,153.5,163.7,168.4,168.3,177.6,192.1,162.2,166.4,140.3,174.8,164.4,175.4,150.9,151.2,151.2,141.9,145.4,149.6,140.8,142.7,145.2,158.5,145.1,144.9,142.0,138.7,150.4,144.8,143.8,155.5,144.9,165.9,172.4,172.2,140.7,139.7,149.1,141.5,136.9,153.1,165.2,133.0,144.7,133.7,126.0,211.5,131.6,121.0,141.5,143.4,147.0,145.2,127.7,145.7,164.9,134.4,153.9,133.2,153.3,178.5,144.6,146.9,145.5,136.2,139.3,127.5,125.2,128.9,128.8,129.8,146.1,130.1,121.3,129.5,153.5,118.7,155.7,161.7,130.5,151.2,141.8,174.4,133.3,122.0,152.7,139.0,135.9,152.3,147.5,145.7,135.6,137.5,142.7,181.0,133.2,117.7,136.5,157.1,160.8,161.5,127.2,159.4,169.6,144.4,165.8,150.2,132.2,170.9,142.0,127.3,130.0,126.8,121.5,105.5,144.0,128.1,135.8,145.5,152.0,147.2,159.5,144.5,159.4,69.8,174.0,153.4,103.6,108.4,120.7,120.7,128.1,137.7,114.9,118.2,119.2,130.8,163.3,145.1,154.0,129.7,152.2,174.1,139.3,100.0,131.4,131.2,132.7,145.4,139.3,159.6,156.0,136.2,138.0,141.5,152.8,135.2,131.4,132.8,135.6,145.7,138.0,140.6,121.7,189.5,129.1,88.1,131.1,170.5
2019-11-01,148.6,145.7453454,146.24357294,151.6,151.9,142.5,163.2,145.6,146.7,124.3,147.4,199.6,135.7,114.2,147.0,135.3,157.5,167.9,148.6,149.9,141.0,153.5,142.3,141.3,145.3,149.9,126.6,142.1,155.5,140.3,77.0,143.8,141.9,136.3,148.6,73.5,151.1,146.3,145.3,134.4,156.0,127.7,186.9,174.6,163.2,168.1,153.4,165.5,189.1,143.2,171.3,177.3,162.2,148.0,187.5,170.1,145.6,146.7,142.5,144.4,149.1,143.3,117.4,118.1,237.7,117.5,148.2,154.8,117.9,141.8,134.1,159.7,156.5,201.4,203.7,181.4,148.8,155.9,195.5,,,,,,95.5,162.4,143.3,208.2,140.0,167.8,159.7,192.4,173.4,131.3,162.3,157.1,410.3,179.4,195.5,251.6,215.3,177.7,190.6,178.1,178.7,192.3,147.2,145.7,164.6,157.5,210.4,163.5,130.2,163.8,138.7,190.3,132.1,131.7,131.1,131.3,129.4,146.5,179.5,150.0,142.2,142.4,138.3,147.3,150.7,110.2,131.4,137.6,152.3,137.5,120.9,137.0,134.3,131.0,144.6,156.0,178.3,155.5,143.3,146.5,158.3,165.7,152.3,153.0,156.3,137.8,134.9,136.8,118.2,138.3,133.3,140.1,162.0,150.9,161.1,149.3,155.5,167.7,169.2,169.2,178.0,192.3,162.7,165.7,141.1,175.4,164.3,175.2,151.5,151.9,150.7,142.7,145.5,150.0,141.6,143.2,145.4,159.0,145.2,145.2,143.3,139.3,151.0,145.1,143.9,155.2,145.2,165.6,172.7,172.6,140.9,139.9,149.5,141.7,137.3,153.6,165.6,133.0,145.5,132.6,135.8,213.7,132.7,119.2,141.4,143.2,147.3,143.9,128.9,145.2,166.5,134.6,153.5,133.5,162.9,180.3,145.0,148.6,146.1,134.0,139.0,127.4,125.5,127.8,128.9,130.8,145.2,130.0,121.5,129.3,141.1,118.9,155.1,161.9,131.2,151.0,142.1,174.8,132.0,122.3,153.1,137.6,135.9,152.4,148.0,146.7,135.8,137.5,142.9,184.2,133.6,117.8,136.5,157.7,161.6,162.5,127.2,156.8,170.0,145.1,166.0,145.6,132.2,171.1,142.2,127.3,130.5,127.1,121.7,105.9,143.1,128.5,135.8,145.6,152.3,147.7,158.2,147.3,159.8,67.8,174.0,153.4,103.8,108.4,121.0,120.9,128.1,137.7,115.1,113.9,118.9,131.3,163.3,145.4,154.5,129.8,152.6,175.5,139.9,100.0,132.1,132.8,132.8,145.7,139.6,159.6,156.3,136.5,137.7,142.0,153.2,135.4,131.5,132.9,135.7,146.0,137.7,140.5,121.7,189.5,129.7,87.8,132.2,171.1
2019-12-01,150.4,146.49434799,146.89843552,155.3,155.0,143.5,165.0,151.1,148.3,125.7,145.7,217.0,138.3,114.0,148.7,135.8,158.0,168.5,149.0,150.3,141.3,152.8,143.7,142.5,145.8,150.4,129.8,142.3,155.7,140.4,77.0,144.6,141.7,136.6,148.6,73.5,152.5,146.7,146.1,134.8,156.5,127.8,199.5,173.7,167.0,169.8,155.8,166.0,188.9,144.0,173.3,177.1,164.6,149.1,192.2,172.6,151.1,148.3,142.8,145.3,150.0,143.1,118.6,119.1,239.8,119.3,149.3,155.3,118.9,139.0,134.1,178.9,161.7,203.6,204.3,174.2,136.3,152.9,189.6,,,,,,93.3,160.5,138.6,206.0,138.0,169.2,160.0,195.2,175.2,131.5,164.0,177.2,617.2,156.5,185.4,261.6,205.1,160.8,151.1,167.3,159.3,176.6,136.7,161.1,177.4,159.2,148.3,159.0,119.9,164.7,139.0,185.5,134.1,132.9,131.6,134.2,130.6,156.2,180.9,151.7,143.2,142.3,138.6,148.4,150.7,110.1,130.8,142.1,152.3,137.6,120.5,137.5,134.6,131.8,144.9,160.7,180.6,155.9,144.0,146.9,158.4,166.4,152.8,153.6,156.7,138.4,135.4,137.1,118.1,138.4,133.4,140.1,162.4,152.3,161.2,151.0,155.4,171.3,170.1,170.6,178.2,192.6,162.3,167.7,142.3,180.7,164.5,175.2,151.9,152.2,151.8,142.9,145.8,150.1,142.1,143.6,145.9,159.1,145.3,145.5,145.5,139.4,151.5,145.2,143.7,155.5,145.2,165.3,173.3,172.7,141.4,140.0,150.2,142.0,137.4,152.8,165.9,133.4,145.9,133.1,139.3,217.2,133.2,119.9,141.1,143.9,148.5,142.9,130.0,146.7,167.8,135.0,153.8,133.7,160.5,180.5,145.2,155.7,147.2,133.9,139.4,127.5,125.5,127.7,129.1,131.3,148.5,129.9,121.4,129.3,141.1,117.6,155.3,162.4,131.3,151.2,142.0,175.9,132.1,122.5,153.8,138.0,136.2,152.4,148.4,145.9,135.8,137.5,143.2,188.3,133.9,117.9,136.6,158.3,162.0,163.1,127.4,157.1,170.3,145.6,165.9,146.1,132.6,171.6,142.5,128.1,131.0,127.3,122.0,107.4,143.9,128.9,135.8,145.7,153.5,148.1,157.6,150.6,160.0,71.9,174.0,153.4,103.8,111.8,132.1,121.2,127.7,137.1,114.8,114.0,119.0,131.8,163.3,146.2,155.0,129.9,152.9,175.3,140.2,100.0,132.1,132.2,133.3,145.7,139.7,159.9,156.3,137.8,137.6,142.4,153.4,135.7,131.5,132.8,135.9,146.3,137.8,141.1,121.7,189.5,129.8,87.5,132.1,171.8
2020-01-01,150.2,147.33832656,147.7343129,153.4,153.5,144.3,167.4,154.9,150.1,129.9,143.2,197.0,140.4,114.1,150.9,136.1,158.6,169.2,149.2,150.5,141.5,153.9,144.6,143.4,146.2,151.2,130.9,142.8,156.1,142.3,77.0,144.7,142.0,136.8,151.0,73.5,154.5,148.4,147.0,135.3,157.7,128.0,187.0,173.4,170.9,178.8,158.6,175.1,188.9,144.6,176.2,176.7,166.3,151.6,194.9,175.3,154.9,150.1,143.6,145.9,151.0,144.0,123.3,121.4,240.9,124.2,151.3,158.5,123.4,135.9,,170.1,156.5,205.1,203.8,166.4,,143.5,170.8,,,,155.2,,94.9,151.6,130.7,204.3,135.8,171.3,159.5,196.8,173.7,131.5,164.4,182.1,461.8,141.2,175.1,264.8,193.7,150.3,134.2,160.0,136.8,152.3,132.5,180.8,260.7,160.0,136.7,150.9,111.7,163.9,138.4,185.5,134.5,132.7,132.4,138.8,133.7,161.5,185.5,153.5,144.9,144.3,139.1,149.9,150.7,110.1,132.1,143.4,153.0,137.7,120.4,137.8,135.0,132.7,145.0,167.2,181.6,156.8,145.4,147.4,158.8,166.9,153.1,154.4,157.7,139.0,135.8,137.7,118.1,138.8,133.8,140.5,162.5,152.9,163.0,153.3,156.3,174.2,171.7,171.9,178.1,192.9,163.0,167.7,143.1,183.1,166.5,173.7,151.9,152.6,152.4,142.9,146.0,150.2,142.4,144.0,146.2,159.3,144.9,144.8,146.2,140.9,151.7,145.0,143.9,156.6,145.3,166.1,173.9,173.2,141.6,140.1,151.0,141.8,137.9,153.9,166.8,133.7,146.0,133.3,143.3,218.8,133.3,122.5,141.7,144.1,149.3,143.8,131.2,147.3,168.4,135.6,154.4,133.6,161.6,186.7,145.3,156.3,147.7,134.4,139.0,127.9,125.4,128.2,129.9,131.5,146.8,129.7,121.2,129.5,141.1,119.6,155.7,162.4,131.1,151.9,142.4,174.7,131.9,122.6,154.3,138.8,136.2,152.5,148.5,147.6,136.2,137.5,143.5,192.7,134.1,117.8,136.7,159.0,162.5,165.8,127.3,158.5,171.7,146.3,166.1,146.5,133.6,172.2,142.8,129.0,131.6,127.4,121.8,107.7,147.0,129.6,135.8,146.4,154.0,148.8,158.2,153.1,160.0,70.6,174.0,153.4,104.2,112.5,135.0,123.1,128.0,136.9,114.8,113.3,119.2,132.1,170.2,146.6,155.3,130.0,152.8,176.5,140.8,100.0,133.0,132.8,133.9,146.0,139.9,160.4,156.4,137.2,137.3,142.9,153.8,135.9,131.8,132.8,136.2,145.8,138.7,141.1,121.7,189.5,135.5,90.9,135.6,172.1
2020-02-01,149.1,148.01457333,148.13236786,149.7,150.5,144.8,167.5,151.8,150.8,131.4,141.8,170.7,141.1,113.6,152.0,136.5,159.1,170.1,149.5,150.8,141.7,154.8,147.2,143.6,146.4,151.7,130.3,143.2,156.2,143.4,77.0,144.8,141.1,137.1,151.5,73.5,155.5,149.1,147.5,135.9,159.6,128.2,187.0,173.6,174.4,180.8,159.6,175.1,188.6,145.4,178.7,177.4,168.0,148.6,195.7,176.7,151.8,150.9,144.2,146.5,152.6,143.6,124.8,122.4,243.9,125.7,152.7,159.5,125.3,134.0,,156.0,159.4,207.2,205.4,168.4,,135.5,168.2,,,,141.6,,98.4,132.3,130.3,202.9,133.6,175.8,158.8,197.7,173.7,130.9,165.0,158.9,310.0,129.4,153.6,264.7,184.5,143.3,111.4,152.1,112.4,129.5,131.1,185.5,358.1,157.4,126.0,143.0,109.8,162.1,139.0,175.9,133.9,131.9,132.2,142.2,135.0,163.2,188.0,154.8,144.9,144.1,139.1,150.6,150.7,109.6,131.6,141.6,153.6,138.2,120.6,138.3,134.8,133.0,144.6,171.0,182.3,157.0,145.5,148.0,159.0,167.4,153.6,155.0,158.1,139.5,136.2,137.7,118.0,139.0,134.2,140.8,163.4,154.2,164.2,156.1,156.3,178.1,172.7,172.6,178.4,193.9,163.4,166.9,143.2,183.5,166.5,174.1,152.1,153.3,152.3,143.1,146.9,150.4,142.7,144.1,146.5,159.6,144.7,145.1,145.3,140.9,152.1,145.1,143.1,157.3,145.7,166.6,174.2,173.4,142.1,140.3,150.9,142.0,137.9,154.9,167.2,134.1,146.1,133.6,155.4,220.3,134.1,118.4,141.0,144.1,150.1,144.3,131.0,147.0,169.5,136.1,154.7,133.7,161.6,188.0,145.5,156.1,147.0,134.2,139.1,128.6,124.9,128.6,129.5,131.1,146.9,129.7,121.4,128.1,141.1,119.5,156.4,163.1,131.1,152.1,142.4,175.8,131.9,122.7,153.2,139.0,136.3,152.6,148.8,148.1,136.1,138.0,143.9,192.9,134.3,117.7,136.8,159.4,162.9,166.2,126.9,158.4,172.6,146.9,166.1,146.8,134.1,172.5,143.2,130.1,132.2,127.7,121.7,104.5,141.8,130.1,137.3,146.7,154.7,149.0,158.5,150.7,160.2,70.0,174.0,153.7,104.3,112.9,135.4,123.4,128.5,137.1,117.9,115.0,119.4,132.0,170.2,146.8,155.8,130.4,152.8,177.5,141.1,100.0,133.7,132.8,132.4,146.2,140.1,160.5,156.6,137.2,136.7,143.0,154.0,136.0,131.9,132.9,136.2,145.8,139.8,141.7,121.7,190.5,139.4,91.6,136.9,172.8
2020-03-01,148.6,148.36270779,148.28501057,147.8,148.9,145.1,167.0,148.1,151.5,131.2,142.5,157.3,141.1,113.2,153.2,136.7,159.6,171.2,149.8,151.2,141.9,154.5,148.9,143.8,146.4,152.3,129.9,143.7,156.1,145.2,,,,,,,,,,,,,,,,,,,,,,,,,,,,,,,,,,,,,,,,,,,,,,,,,,,,,,,,,,,,,,,,,,,,,,,,,,,,,,,,,,,,,,,,,,,,,,,,,,,,,,,,,,,,,,,,,,,,,,,,,,,,,,,,,,,,,,,,,,,,,,,,,,,,,,,,,,,,,,,,,,,,,,,,,,,,,,,,,,,,,,,,,,,,,,,,,,,,,,,,,,,,,,,,,,,,,,,,,,,,,,,,,,,,,,,,,,,,,,,,,,,,,,,,,,,,,,,,,,,,,,,,,,,,,,,,,,,,,,,,,,,,,,,,,,,,,,,,,,
2020-04-01,151.4,149.2033986,149.94139535,153.4,154.0,148.7,169.7,148.8,155.6,135.1,149.9,168.6,150.4,120.3,157.1,136.8,162.4,173.2,152.0,153.4,144.0,155.6,144.1,145.5,148.9,150.7,132.3,146.5,159.3,147.5,,,,,,,,,,,,,,,,,,,,,,,,,,,,,,,,,,,,,,,,,,,,,,,,,,,,,,,,,,,,,,,,,,,,,,,,,,,,,,,,,,,,,,,,,,,,,,,,,,,,,,,,,,,,,,,,,,,,,,,,,,,,,,,,,,,,,,,,,,,,,,,,,,,,,,,,,,,,,,,,,,,,,,,,,,,,,,,,,,,,,,,,,,,,,,,,,,,,,,,,,,,,,,,,,,,,,,,,,,,,,,,,,,,,,,,,,,,,,,,,,,,,,,,,,,,,,,,,,,,,,,,,,,,,,,,,,,,,,,,,,,,,,,,,,,,,,,,,,,
2020-05-01,150.9,149.4563539,150.46230444,151.8,152.7,148.4,183.8,147.8,155.1,136.5,149.4,150.8,151.2,116.5,157.4,138.4,162.1,174.4,152.3,153.6,144.2,155.6,142.5,146.2,149.2,152.9,132.5,146.8,159.6,147.7,,,,,,,,,,,,,,,,,,,,,,,,,,,,,,,,,,,,,,,,,,,,,,,,,,,,,,,,,,,,,,,,,,,,,,,,,,,,,,,,,,,,,,,,,,,,,,,,,,,,,,,,,,,,,,,,,,,,,,,,,,,,,,,,,,,,,,,,,,,,,,,,,,,,,,,,,,,,,,,,,,,,,,,,,,,,,,,,,,,,,,,,,,,,,,,,,,,,,,,,,,,,,,,,,,,,,,,,,,,,,,,,,,,,,,,,,,,,,,,,,,,,,,,,,,,,,,,,,,,,,,,,,,,,,,,,,,,,,,,,,,,,,,,,,,,,,,,,,,
2020-06-01,151.8,149.92310676,151.08331924,153.4,154.0,149.6,192.7,151.4,153.3,136.3,147.2,156.5,150.9,114.2,159.5,139.4,161.8,183.5,151.4,152.5,144.4,154.7,141.9,147.0,146.4,154.4,135.0,148.3,156.4,151.6,84.2,151.5,148.3,146.3,147.2,64.5,156.9,155.4,155.6,140.1,164.8,129.4,171.6,181.2,177.1,174.8,160.7,168.0,196.6,147.5,206.4,202.1,178.8,189.6,172.6,186.0,151.4,153.4,149.0,148.5,157.0,143.4,129.0,132.3,240.1,131.0,155.9,161.8,130.7,139.3,146.3,113.5,150.9,205.6,217.5,200.3,,144.7,161.1,135.5,103.5,,,129.1,122.8,125.2,134.7,207.2,142.5,185.5,161.8,212.7,176.9,136.4,172.2,189.9,165.2,161.8,144.7,201.3,199.8,154.9,132.3,149.4,152.0,152.6,140.0,113.8,116.9,134.1,155.6,154.6,119.4,142.0,140.1,222.7,143.7,137.8,138.6,159.8,145.6,172.7,190.6,170.4,151.7,151.0,143.7,156.8,122.9,111.0,137.0,144.0,157.9,141.0,123.0,140.8,139.1,138.8,147.4,180.9,206.2,161.7,152.2,149.0,153.7,172.6,154.5,155.9,160.6,141.2,139.1,138.0,118.1,145.6,137.2,142.3,178.7,181.4,190.9,184.8,166.3,188.1,178.3,181.0,187.7,206.0,173.5,196.2,138.8,197.1,190.5,171.3,154.8,153.5,154.6,144.1,155.4,151.9,145.7,146.1,149.1,158.2,146.4,146.1,140.6,150.6,154.8,148.5,141.9,153.9,148.9,137.4,177.7,175.9,144.1,143.2,149.0,147.5,138.5,154.4,173.6,137.5,151.2,135.6,142.7,143.9,142.4,122.5,150.9,136.4,148.2,161.7,125.0,144.8,172.1,137.4,153.2,136.6,162.3,179.1,148.1,155.5,150.6,135.1,143.9,146.4,132.8,127.5,136.8,143.3,111.5,129.7,124.0,134.6,103.4,116.1,158.3,153.8,133.2,146.7,145.4,167.6,121.7,125.0,155.4,141.2,139.2,178.4,150.7,156.8,139.5,140.4,145.2,185.4,136.6,118.3,134.1,164.1,161.6,169.5,138.7,157.2,174.9,149.4,167.8,144.8,139.1,178.3,144.8,129.2,142.3,130.5,126.8,109.2,148.8,131.3,157.1,143.0,163.2,153.1,178.0,169.9,166.5,203.9,186.0,162.0,108.2,111.4,135.2,118.6,128.3,142.9,115.9,115.6,121.5,140.5,100.0,150.3,160.5,131.1,180.4,189.9,147.5,,128.6,135.6,162.5,150.3,143.0,160.7,151.1,136.7,138.7,144.5,155.7,138.7,133.5,137.2,138.0,149.9,158.6,143.6,124.6,217.0,160.6,96.0,141.6,182.1
2020-07-01,153.9,151.25367566,152.44723044,156.7,157.0,148.9,190.9,150.8,153.3,137.4,150.4,178.1,150.4,115.1,160.0,140.6,162.3,182.6,151.7,153.1,143.4,155.5,143.0,149.0,148.4,155.0,138.5,146.0,158.5,154.3,84.4,150.3,149.0,145.9,149.2,65.7,155.8,155.4,155.2,140.9,165.0,130.3,171.6,177.9,173.2,175.7,161.3,164.0,196.5,149.3,205.8,190.6,180.6,186.2,191.0,186.7,150.8,153.3,147.2,152.3,157.5,145.4,132.2,134.5,235.0,131.2,155.3,161.6,130.4,137.6,155.9,125.3,142.0,206.9,214.7,177.1,,151.9,162.6,133.0,136.4,147.2,,,132.2,136.8,141.9,205.8,141.1,191.5,159.8,211.5,174.7,132.4,171.3,219.1,171.3,195.3,156.3,202.9,205.9,170.9,227.9,166.0,184.2,169.2,148.6,117.2,135.4,145.4,178.5,154.9,108.7,149.5,140.9,222.7,143.0,136.3,137.2,156.9,148.5,171.0,195.2,174.9,153.2,147.7,143.7,155.0,133.3,111.3,139.8,146.6,161.1,141.8,126.6,141.7,138.7,138.9,147.6,181.8,210.0,161.9,152.8,149.7,159.5,172.7,154.9,156.6,160.8,139.0,140.7,137.6,117.9,145.2,138.2,143.3,180.1,182.5,185.4,183.1,172.9,186.2,177.2,176.7,188.2,196.1,172.1,194.8,143.4,186.3,186.4,173.6,155.3,155.4,153.5,146.3,154.4,152.6,146.6,147.1,149.0,160.7,147.4,146.1,140.0,147.0,154.6,147.6,143.1,137.7,149.1,143.7,179.2,176.3,143.8,142.3,144.0,146.4,138.7,155.3,172.4,136.4,156.2,134.8,143.0,172.8,141.8,130.6,150.7,155.9,148.2,153.5,133.2,144.5,165.7,138.9,155.6,134.1,159.1,197.0,147.1,154.7,149.0,135.6,141.7,135.9,133.7,127.7,137.8,135.1,146.9,130.6,124.0,129.1,,117.0,156.4,154.7,143.4,151.9,142.8,175.1,130.6,124.8,158.4,142.3,135.8,149.8,149.4,155.2,138.9,140.6,145.2,186.4,136.4,118.1,134.4,163.0,169.4,174.8,136.6,156.1,175.1,150.2,167.8,143.9,139.0,177.2,144.8,132.5,143.3,130.4,126.7,115.2,160.7,132.2,157.4,136.1,166.4,154.0,171.2,152.8,168.8,162.5,185.4,167.8,107.9,114.2,139.1,120.1,127.4,142.2,116.4,115.6,122.4,126.2,141.5,150.2,159.9,133.3,180.2,191.4,147.8,,129.1,125.6,176.8,150.0,143.9,162.7,156.8,139.9,139.4,145.1,156.6,138.4,135.1,138.0,138.7,156.0,150.8,145.6,121.5,203.5,168.4,105.1,147.9,179.9
2020-08-01,154.7,152.0282416,153.34826638,157.8,158.0,148.4,187.1,152.5,153.6,138.2,150.9,186.7,149.8,116.4,160.3,142.2,162.9,184.4,152.0,153.4,144.3,156.3,142.9,150.0,148.7,155.6,139.6,146.6,157.5,158.4,81.7,150.2,148.3,146.2,148.1,68.6,154.7,154.1,154.6,141.8,166.2,130.4,171.6,172.2,173.0,173.0,161.7,160.7,196.6,150.2,205.2,192.0,181.6,179.2,202.7,182.6,152.5,153.6,147.5,152.3,157.3,141.6,134.3,134.9,235.8,131.0,154.8,161.7,131.7,139.2,161.5,142.6,148.0,208.7,214.4,154.4,,152.2,165.1,137.4,,147.4,,,129.7,142.5,136.5,204.0,141.0,195.2,158.6,204.6,176.1,131.2,171.5,236.9,178.1,208.5,173.3,211.6,208.5,177.5,222.1,173.0,208.6,180.3,165.3,123.0,150.6,150.6,219.8,162.9,105.5,152.3,140.2,222.7,142.0,135.8,137.6,157.3,148.9,168.8,197.1,178.5,153.4,147.7,143.1,153.4,155.5,111.6,141.2,146.2,158.6,142.8,126.6,142.0,138.0,138.9,147.6,182.1,211.7,162.8,152.9,151.0,160.3,173.0,155.8,157.4,160.4,138.0,142.7,137.0,117.7,145.3,137.2,143.2,181.5,185.8,185.1,185.1,175.3,184.6,179.0,176.1,188.1,205.7,173.8,189.6,145.1,187.4,187.7,174.1,155.1,156.0,151.9,146.8,154.8,152.3,146.8,147.2,149.3,161.4,147.5,146.7,139.2,147.5,155.0,147.6,141.7,141.0,149.6,147.9,179.1,176.6,143.8,142.8,148.8,146.9,139.5,156.1,173.6,136.2,161.5,135.6,139.5,180.3,143.2,131.7,149.5,155.4,147.8,152.4,133.1,144.4,165.2,139.9,152.8,133.3,155.7,199.5,147.6,155.5,147.3,131.7,137.8,145.0,132.5,127.7,136.4,131.1,148.6,131.1,124.6,131.2,132.0,121.3,156.7,155.1,144.3,154.2,142.5,173.7,133.0,125.0,158.0,139.2,136.6,152.9,148.2,156.8,139.0,140.6,145.4,188.8,136.5,117.6,137.9,163.8,168.3,178.5,152.0,159.0,175.2,150.9,168.0,143.4,141.4,177.5,145.6,132.8,145.3,130.4,126.9,115.8,161.8,132.9,157.4,151.6,167.2,153.9,172.6,151.1,168.7,177.6,185.4,175.4,108.1,114.3,140.0,121.7,125.6,143.4,113.0,115.6,124.0,128.0,211.0,150.8,160.0,134.5,178.6,,148.1,,130.4,136.9,166.7,150.1,144.5,161.7,153.3,141.0,139.8,145.6,156.9,138.6,134.7,138.5,138.5,159.1,148.5,146.3,121.5,203.5,180.3,126.7,155.8,180.4
2020-09-01,156.4,152.33173255,153.66672304,161.6,161.4,147.5,188.9,161.4,153.6,140.1,151.2,209.2,150.9,116.2,161.0,144.0,163.2,184.3,152.3,153.7,144.6,156.5,143.1,150.4,148.7,156.3,140.6,146.5,158.5,157.0,85.0,149.7,147.8,146.5,148.6,70.3,152.3,153.5,154.6,142.1,166.9,130.9,171.6,170.3,172.3,170.3,159.0,160.7,195.3,150.5,205.6,194.4,180.2,184.6,202.0,181.7,161.4,153.6,148.9,151.4,157.7,141.2,136.4,137.5,242.7,133.0,154.7,160.1,132.5,140.5,,156.9,155.4,211.3,214.4,149.3,,149.8,163.2,,,143.4,,,125.5,147.3,136.0,202.4,140.6,202.7,157.4,204.0,171.8,130.3,169.8,265.4,235.5,233.7,193.2,220.8,201.4,193.1,253.0,191.4,229.8,198.9,182.0,139.1,168.2,163.9,249.2,182.5,111.5,163.2,140.8,157.5,143.3,137.9,139.4,156.3,150.3,168.7,202.9,178.7,156.1,150.1,144.1,154.7,157.7,111.1,143.2,148.4,159.0,143.3,126.4,142.6,138.2,139.9,146.6,183.1,214.6,163.4,153.6,151.4,160.2,173.0,156.7,157.7,161.2,137.9,145.1,137.1,117.8,145.5,137.2,143.4,182.2,184.4,182.8,186.0,176.6,184.6,178.2,177.5,188.5,206.0,174.9,191.3,144.6,196.9,179.1,175.5,155.3,156.2,152.4,147.5,151.6,152.6,147.2,147.4,149.4,161.3,148.1,146.6,141.0,149.7,155.7,148.6,141.9,132.2,149.9,148.8,178.6,176.6,144.3,143.5,146.0,147.5,140.0,156.2,175.7,134.3,165.4,136.0,138.8,182.3,142.6,131.0,149.2,155.4,149.1,152.0,136.5,142.6,168.1,140.6,154.0,133.4,155.7,202.0,147.9,155.0,147.1,133.2,139.2,144.9,131.6,127.8,137.3,130.5,151.8,132.4,123.1,129.8,128.3,120.4,157.9,158.0,133.7,154.4,143.5,174.9,132.9,125.7,160.2,140.4,137.7,141.7,148.8,154.4,139.2,141.1,145.3,189.9,136.8,117.8,137.9,166.3,165.8,173.0,168.2,157.3,175.8,151.7,168.0,143.2,140.9,177.7,146.4,132.7,145.4,130.8,127.1,116.8,160.0,133.9,152.3,151.6,170.5,156.8,172.3,141.9,161.9,169.4,185.4,181.8,108.9,115.2,140.8,122.8,129.9,142.5,111.4,115.6,123.8,130.0,194.3,151.2,160.8,135.1,178.6,,148.5,,130.3,137.7,153.9,150.4,144.7,162.4,158.0,140.4,139.9,146.7,157.7,139.0,135.2,138.9,139.2,161.0,138.9,147.0,121.5,203.5,174.0,123.2,155.9,181.1
2020-10-01,158.4,152.91311415,154.25987315,165.5,164.7,146.8,191.0,173.6,153.8,142.7,148.4,230.0,156.8,115.7,161.8,146.5,163.8,184.8,152.8,154.3,144.9,158.0,143.6,150.7,149.2,157.2,140.4,148.4,158.6,156.9,84.0,148.8,147.7,147.6,151.8,79.9,150.4,153.3,154.3,143.1,167.8,131.3,171.6,168.0,173.8,168.4,154.9,172.5,193.3,151.3,206.6,194.3,182.9,189.0,205.2,182.9,173.6,153.9,149.0,151.6,158.3,140.0,139.1,139.6,246.6,136.9,154.1,160.5,134.3,137.5,,176.0,157.1,218.9,215.0,163.6,174.2,143.5,169.1,,,137.6,,,107.6,151.5,141.8,200.1,139.2,203.7,155.3,204.6,171.9,129.2,169.9,291.4,353.8,216.4,226.1,224.0,185.5,201.4,230.9,199.3,238.4,232.1,198.5,154.3,185.1,174.3,249.3,187.1,114.1,175.6,141.8,145.2,154.8,142.7,143.0,158.0,152.6,173.6,209.6,182.5,156.6,154.2,146.6,155.7,159.7,110.5,142.1,149.7,159.9,143.4,125.3,143.2,137.5,140.2,146.7,184.3,219.2,164.3,155.7,151.9,159.7,173.5,157.5,158.1,162.3,139.3,148.3,137.1,117.8,145.7,137.7,143.8,182.3,183.2,189.2,185.9,178.4,186.1,179.5,178.3,189.3,206.9,175.0,197.7,146.2,202.9,178.3,176.0,155.7,156.9,153.2,147.6,151.4,153.1,147.8,148.0,150.0,161.6,149.7,148.0,143.8,151.1,156.1,148.4,142.8,135.1,150.2,147.7,179.4,177.2,144.7,143.9,145.9,148.0,140.4,157.9,176.6,134.3,160.1,136.7,138.8,183.4,142.2,128.5,149.8,157.5,150.6,151.9,138.4,143.8,169.0,140.8,155.3,134.2,155.8,203.3,148.7,158.7,148.4,134.8,139.5,148.9,131.4,128.1,138.8,130.5,153.5,131.7,123.4,131.9,141.8,121.6,157.0,159.0,141.3,155.8,144.6,175.0,132.9,126.1,159.2,140.8,137.6,150.1,150.9,153.6,139.0,141.7,145.7,194.2,137.3,117.8,138.2,167.1,166.5,172.3,155.5,158.2,177.0,152.7,167.3,153.2,140.5,177.9,146.9,133.4,146.1,131.0,128.2,116.2,156.5,134.0,151.2,150.7,170.3,157.2,172.6,141.9,162.7,160.6,185.4,186.3,109.3,115.4,140.3,124.0,130.1,142.7,113.6,115.6,124.4,132.0,194.3,151.8,161.2,135.9,179.0,176.7,149.9,,127.9,133.6,137.7,149.5,145.1,162.4,159.0,143.3,140.0,146.9,158.4,139.1,135.3,139.0,139.6,146.8,139.7,147.0,120.7,203.5,172.8,120.5,157.8,182.4
2020-11-01,158.9,153.49826376,154.78503171,166.0,165.4,146.0,191.0,175.3,154.1,146.6,147.7,230.5,160.2,115.3,163.0,149.2,164.8,185.4,153.6,155.0,145.4,158.4,144.6,151.2,149.7,158.3,140.7,148.5,159.4,157.1,83.0,148.0,147.5,148.2,155.7,79.7,148.9,152.4,154.0,143.2,168.7,131.4,171.6,166.5,174.4,167.0,153.3,168.0,193.2,152.1,207.5,190.4,184.2,187.5,197.0,184.5,175.3,154.1,149.5,151.5,159.1,140.3,145.0,141.7,253.8,140.6,153.7,160.2,137.0,134.8,,183.5,162.1,222.5,212.6,168.5,143.2,138.6,165.0,,,140.5,,,104.0,154.8,144.9,200.8,138.5,206.3,154.2,203.0,170.5,129.6,170.5,325.2,407.2,169.7,214.7,219.3,168.8,180.9,208.9,183.3,179.3,216.6,180.4,153.4,179.9,166.7,244.5,174.5,108.9,172.7,142.9,143.7,160.0,144.9,145.3,159.9,154.1,177.5,216.0,184.6,158.0,156.3,147.9,156.8,159.7,110.2,140.8,150.7,159.7,144.0,125.8,143.8,136.7,140.4,146.5,188.0,222.7,164.9,157.9,152.9,160.1,174.3,158.5,159.2,163.4,139.0,151.8,137.2,117.8,145.9,138.3,143.9,182.8,182.6,194.5,187.3,177.4,186.9,180.6,178.9,189.3,207.5,174.5,198.6,146.6,206.0,177.9,177.0,155.9,157.4,153.7,148.3,152.7,153.5,148.3,148.7,150.8,162.2,150.7,149.2,150.1,152.9,156.6,148.4,143.9,136.3,150.8,149.9,180.7,178.0,145.1,144.3,145.8,148.3,141.3,158.3,177.7,134.6,158.5,137.9,138.6,180.0,143.6,128.6,152.5,157.5,151.4,153.3,140.5,146.6,170.3,141.1,155.7,134.7,155.7,206.9,149.3,158.3,149.7,133.9,139.6,153.2,131.8,128.5,140.1,132.1,159.9,131.9,123.5,132.4,141.8,121.9,156.8,159.4,142.7,156.4,145.6,174.3,132.0,126.5,159.4,140.8,137.7,156.8,151.2,153.1,139.3,141.6,146.2,196.1,137.7,117.7,138.4,168.8,167.3,169.6,152.3,159.4,177.8,153.9,168.1,153.5,139.5,179.3,147.3,133.3,147.7,131.7,128.3,116.5,156.8,134.5,150.9,148.2,170.8,158.6,171.9,135.4,159.2,156.0,185.4,190.3,110.1,115.6,140.5,125.6,130.5,142.7,106.0,115.6,124.3,128.9,194.7,152.4,161.6,135.9,179.0,167.5,150.6,,124.1,129.7,140.2,149.8,145.4,163.4,159.6,143.7,140.2,147.2,158.8,138.9,135.8,139.0,140.5,138.7,140.6,146.6,120.7,204.1,172.5,123.0,161.2,183.6
2020-12-01,157.3,154.27186923,155.1932981,160.6,161.0,144.9,190.1,175.3,154.1,150.9,149.6,194.2,160.4,114.6,164.0,151.8,165.6,186.5,154.2,155.5,146.1,157.7,147.9,151.9,150.0,159.3,141.9,149.6,159.2,156.8,84.3,146.9,145.9,147.9,156.6,77.3,147.5,151.0,153.4,143.9,169.0,131.6,171.6,165.5,174.5,162.9,153.0,168.0,192.9,153.0,208.8,191.3,185.3,184.1,181.0,184.1,175.3,154.2,150.0,151.9,159.0,144.0,149.5,144.5,266.1,146.2,153.5,160.4,141.1,133.4,,177.4,160.7,228.1,212.6,168.3,130.4,134.0,158.4,,,,,,106.8,164.8,149.3,204.0,138.5,207.7,153.0,200.0,170.2,129.6,170.3,253.7,330.3,131.5,171.5,211.6,152.7,154.0,175.2,157.8,123.7,166.4,158.9,157.6,181.0,158.3,143.7,159.5,105.2,166.0,143.7,136.4,159.7,144.8,145.1,160.4,153.7,178.5,220.4,185.3,159.3,157.8,148.3,157.7,163.0,109.6,138.4,150.9,159.2,144.3,126.6,145.0,136.2,140.5,146.5,191.5,225.6,165.4,159.3,153.5,160.1,175.2,159.6,160.2,164.3,139.4,155.2,137.4,117.6,146.2,138.6,144.1,183.1,183.8,202.8,188.3,178.9,193.2,182.2,181.2,190.1,208.5,174.2,198.6,147.8,206.2,177.7,177.2,157.3,157.9,155.0,148.9,152.4,154.0,148.9,149.3,151.3,162.7,150.5,149.4,151.1,157.6,157.2,148.3,147.3,126.7,151.3,151.8,182.0,178.7,145.8,144.8,146.4,149.2,142.0,157.5,179.5,134.8,155.7,137.9,152.1,185.0,144.2,132.8,153.1,152.9,152.6,155.3,143.4,149.3,171.9,141.6,157.3,135.0,155.3,210.3,149.8,160.7,151.1,134.3,139.4,154.7,131.1,128.7,141.3,132.4,155.1,132.0,122.5,132.5,142.1,122.7,158.3,160.4,145.6,156.9,146.5,173.2,132.0,127.2,160.5,142.0,137.5,156.1,152.4,154.7,139.5,142.1,146.5,197.8,138.2,117.6,138.9,170.1,167.8,168.5,139.3,159.2,179.3,155.0,168.5,151.6,139.2,180.3,148.1,133.7,148.7,132.7,129.0,119.5,162.8,134.7,152.3,149.0,172.0,159.1,169.6,126.0,158.7,164.2,185.4,184.3,111.1,115.4,140.5,126.5,133.5,143.9,105.6,115.6,125.1,128.2,195.3,152.7,162.6,136.7,179.0,169.6,151.5,,124.5,135.9,141.4,149.9,145.8,163.1,159.1,143.9,140.6,147.7,159.1,138.9,136.3,139.8,140.8,137.1,142.5,146.5,120.4,204.1,169.6,126.6,163.8,184.7
2021-01-01,156.3,155.33690432,156.0797463,156.4,157.6,144.5,188.4,174.9,154.2,155.6,150.3,165.8,159.1,113.8,164.4,154.0,166.7,187.6,154.9,156.3,146.8,158.9,150.2,152.7,150.4,160.4,143.2,150.6,159.4,157.5,84.3,146.3,144.7,147.5,157.7,76.7,147.0,150.2,152.7,144.2,169.1,132.0,229.4,163.4,174.9,161.8,151.5,168.0,192.3,153.8,210.6,191.0,190.7,177.2,203.1,184.5,174.9,154.2,151.4,152.1,158.9,144.3,153.7,147.4,267.0,154.1,153.0,161.1,146.9,131.0,,155.9,153.8,232.2,212.9,172.9,132.2,130.9,149.4,,,,143.1,,113.3,157.6,150.0,208.0,140.1,209.0,152.0,201.1,167.8,130.3,169.7,164.4,294.8,118.4,137.0,206.4,137.7,144.1,129.3,144.1,99.1,131.4,154.9,172.1,217.5,152.4,95.7,152.4,106.3,166.5,144.0,138.3,156.2,143.0,144.1,160.5,153.3,179.2,222.9,184.1,161.6,158.6,147.7,157.7,162.8,108.7,136.1,152.1,161.4,144.8,127.5,145.7,135.5,140.5,145.5,193.4,227.0,166.1,160.1,154.1,161.0,176.3,160.3,162.3,165.6,140.3,158.0,137.5,117.6,146.1,139.3,144.4,183.0,184.9,207.6,188.8,180.3,198.7,184.2,183.9,190.6,209.5,174.7,201.7,148.8,207.5,180.1,177.8,158.5,158.9,156.6,149.8,152.4,154.7,149.7,150.0,151.8,163.6,151.0,150.1,151.9,158.6,158.0,148.4,148.3,128.9,152.1,152.4,184.2,179.5,146.5,145.4,147.5,149.9,142.7,158.6,181.0,134.9,155.6,138.1,158.8,197.8,146.5,135.5,153.8,153.0,152.7,156.4,147.4,151.2,173.6,142.1,157.7,135.4,156.0,209.9,150.2,163.0,152.4,138.4,139.4,156.4,130.8,129.7,140.7,133.6,158.3,133.0,122.8,134.0,132.9,124.5,158.8,161.8,149.6,156.7,145.5,172.6,132.1,128.1,159.8,142.8,137.8,161.9,153.0,155.5,139.4,142.5,146.9,200.5,138.2,117.8,139.1,171.6,167.3,169.0,137.7,160.5,180.1,156.0,168.5,152.2,139.1,181.9,148.5,134.2,151.4,134.2,129.1,121.2,165.8,135.3,152.3,149.4,172.6,159.6,169.7,126.0,163.0,170.7,185.4,184.3,111.6,115.6,141.1,128.1,133.7,145.8,106.1,115.6,125.6,127.7,186.6,153.0,163.4,137.2,173.9,172.7,152.1,,124.7,131.4,142.2,150.7,146.1,162.8,160.8,144.5,140.9,148.1,159.8,139.2,136.8,140.1,141.1,134.4,144.7,146.6,119.9,204.1,170.0,130.8,165.0,186.1
2021-02-01,156.6,156.2877355,156.84993658,155.5,156.9,144.3,186.7,168.8,154.7,158.8,150.3,160.0,158.9,112.8,164.2,155.6,167.5,188.3,155.8,157.3,147.5,159.8,152.4,153.4,150.9,161.2,145.1,151.6,159.6,155.9,84.3,146.1,143.7,146.7,157.6,76.4,147.1,149.5,152.8,144.9,170.0,132.0,230.2,158.9,175.3,159.6,151.8,155.6,193.0,154.1,212.5,190.9,192.8,172.0,182.5,183.7,168.8,154.8,152.0,152.8,159.0,144.0,156.7,150.6,270.2,158.8,152.9,161.0,151.8,130.6,,148.4,153.6,228.2,215.3,180.0,,136.4,143.4,,,,121.6,,121.7,134.8,148.4,208.7,141.3,203.7,150.9,202.5,165.9,132.6,168.3,125.1,317.6,118.1,124.3,201.3,129.9,140.7,115.9,138.3,95.4,116.8,150.5,190.3,268.3,150.1,92.9,152.2,118.1,165.7,144.8,138.3,155.7,141.1,142.9,160.8,152.5,179.7,225.5,181.6,163.3,155.2,146.4,158.5,161.0,108.0,134.7,153.3,162.2,145.0,130.7,146.2,134.6,140.0,143.7,194.4,226.3,166.3,160.9,154.7,161.4,177.0,161.2,163.4,166.5,141.1,160.0,137.3,117.4,145.9,139.9,144.8,182.4,187.1,201.2,189.4,180.3,203.6,185.4,186.1,191.6,209.8,171.7,201.7,150.3,207.2,178.9,178.7,159.8,159.9,157.5,150.9,153.8,155.8,150.7,150.8,152.7,164.5,150.2,149.9,150.6,157.1,159.5,149.5,148.4,128.3,153.3,153.4,185.6,180.4,147.1,145.9,148.2,150.5,143.6,159.5,182.5,135.8,156.7,137.9,167.8,209.2,152.1,142.9,155.1,153.3,152.7,156.0,148.2,152.2,175.3,142.9,159.1,135.5,157.6,207.6,151.1,162.9,152.5,139.1,139.8,158.5,130.9,130.4,144.7,133.9,141.4,133.8,123.4,133.7,135.0,125.9,159.2,163.8,155.8,158.7,145.1,169.0,132.1,128.6,160.1,142.7,138.0,163.0,153.8,157.6,139.7,142.8,147.0,197.0,138.5,117.9,139.7,172.8,168.0,171.1,138.3,161.8,181.7,157.0,168.6,152.9,138.9,183.0,149.3,135.7,154.7,135.8,129.9,126.1,173.8,135.4,153.8,149.7,173.0,160.4,169.1,126.0,163.2,163.1,185.4,184.3,111.5,116.0,141.3,128.7,136.9,147.9,106.8,96.9,125.9,124.6,180.9,153.7,164.0,137.9,158.5,172.2,153.2,,128.5,132.8,139.4,151.0,146.5,163.0,160.8,146.3,141.0,148.5,160.2,139.4,137.4,140.3,141.5,135.3,143.7,147.2,119.9,204.1,162.6,134.6,161.8,187.1
2021-03-01,156.8,156.97079793,157.18348837,155.0,156.7,144.1,192.2,163.8,154.9,163.9,153.7,149.5,159.8,112.6,163.5,156.5,168.2,188.1,156.4,157.8,147.9,159.9,155.5,153.8,151.2,161.7,146.2,152.6,160.2,153.8,84.3,145.9,143.0,145.7,156.2,76.4,146.8,148.8,152.5,144.8,170.4,131.8,229.9,158.3,171.6,157.2,151.6,154.9,194.3,154.0,214.7,193.5,197.5,186.6,193.2,183.2,163.8,154.9,151.4,153.1,158.8,144.1,159.8,155.9,275.3,167.5,153.6,161.6,158.9,132.8,,152.3,153.3,232.7,220.5,185.6,,152.2,150.8,,185.4,,127.0,,132.3,118.9,151.1,208.1,141.9,199.5,150.4,201.0,158.9,133.2,167.2,113.6,256.2,127.2,122.6,185.2,126.7,142.0,101.4,133.1,98.6,110.4,147.2,187.9,229.7,149.0,111.1,151.6,133.3,165.6,145.5,149.6,157.9,140.8,143.1,161.8,153.0,180.5,222.8,179.3,164.5,154.2,146.4,159.6,161.0,107.8,133.8,154.1,142.3,145.1,131.5,146.6,134.2,139.8,143.8,194.8,214.6,166.7,161.8,155.3,161.6,178.0,161.8,164.0,166.8,141.6,161.1,135.5,117.4,146.6,140.7,145.1,181.5,187.1,201.9,189.5,181.0,198.3,186.1,187.1,191.3,209.7,172.8,190.0,152.2,207.9,176.8,178.9,159.9,161.1,157.6,151.7,154.6,156.6,150.9,151.3,153.0,165.2,150.4,150.6,149.3,157.3,160.5,149.9,149.7,127.3,154.2,154.4,186.1,181.0,147.2,146.5,147.6,151.1,144.0,159.6,183.9,136.3,154.9,138.1,183.5,220.4,155.0,146.9,155.8,153.6,151.7,154.5,152.9,151.1,177.0,143.8,159.9,138.3,159.2,209.0,151.6,162.0,152.5,140.2,139.8,159.9,134.8,131.8,144.8,135.6,144.2,134.9,123.8,135.2,137.2,124.9,160.2,164.0,155.2,159.8,145.4,170.4,132.1,128.8,161.9,141.4,138.0,163.0,153.6,157.9,139.5,142.7,146.9,190.4,138.9,117.9,139.5,172.7,169.6,171.7,134.4,162.9,181.8,157.4,168.6,153.0,139.3,183.1,149.8,136.1,155.9,137.4,130.6,129.3,179.2,136.2,154.3,150.4,173.6,160.3,169.8,134.6,162.3,161.1,185.4,184.3,111.4,116.5,141.1,128.7,138.3,149.8,109.4,95.4,126.8,123.4,182.9,154.2,164.8,138.5,158.5,174.3,154.0,,129.8,133.0,140.5,151.0,146.8,163.9,160.2,147.4,141.2,148.0,160.5,139.6,137.6,140.4,141.7,136.0,147.9,148.3,119.9,205.5,154.7,132.8,159.5,188.3
2021-04-01,157.8,157.71560768,158.02154334,156.4,158.0,144.3,198.0,164.6,155.4,170.1,164.4,144.1,161.7,113.1,163.9,157.6,168.9,188.8,157.3,158.8,148.5,161.4,155.6,154.4,151.8,162.3,146.6,153.2,160.3,155.4,84.3,146.3,143.5,146.0,156.4,76.4,147.0,148.8,152.9,145.2,170.7,131.8,229.9,157.4,167.8,157.4,152.8,153.3,196.2,154.4,217.1,202.8,198.8,197.6,195.0,185.4,164.6,155.4,151.8,152.6,159.1,147.4,166.3,161.5,280.2,175.9,154.4,161.6,166.0,140.6,,143.8,178.6,235.3,224.2,202.3,,172.3,163.8,197.1,173.7,,,,144.0,122.6,155.8,210.1,144.0,202.4,150.5,206.6,160.2,135.2,168.9,121.3,190.8,143.6,132.8,176.4,129.3,151.4,101.3,138.1,116.8,118.9,148.2,160.8,172.9,142.2,143.7,157.1,162.5,158.2,147.5,149.6,160.5,143.5,145.5,163.4,155.0,180.7,222.5,178.6,167.4,153.1,148.0,160.4,161.0,108.4,134.5,151.9,142.5,145.5,131.0,146.7,134.2,140.9,145.8,195.5,208.7,167.6,162.4,155.9,161.7,178.4,162.9,164.9,167.7,142.3,162.4,135.9,117.4,147.2,141.7,145.3,183.0,187.1,210.1,188.5,173.2,198.5,186.4,189.4,192.2,209.9,174.3,183.9,153.8,207.8,179.5,180.9,161.4,162.3,158.5,152.6,157.1,157.3,152.0,152.1,153.7,165.9,151.4,152.0,148.6,161.1,162.1,150.9,150.9,130.9,155.2,155.1,187.1,181.6,147.8,147.1,148.6,151.9,144.8,161.2,184.8,137.6,154.7,138.7,182.4,228.7,157.1,146.2,152.3,154.2,150.9,156.0,153.1,152.0,178.6,144.3,161.5,143.2,159.4,213.1,152.3,161.5,153.1,145.1,140.7,160.9,135.5,133.1,144.4,136.4,128.8,136.0,124.7,136.6,163.8,126.5,161.2,165.6,169.1,160.9,145.5,174.6,133.7,129.4,163.2,143.2,138.6,163.3,153.5,158.5,140.1,143.1,147.6,187.8,139.1,118.4,140.1,173.7,169.7,172.6,134.4,162.9,182.7,158.1,168.6,154.8,139.7,183.4,150.6,136.5,156.3,138.3,131.6,128.5,178.1,136.3,154.2,150.3,174.1,161.2,170.9,126.0,163.3,177.2,200.9,183.6,112.3,117.0,142.3,130.4,138.7,152.0,111.5,116.6,126.8,124.8,183.7,155.1,165.4,139.2,158.5,175.2,154.4,,130.3,134.9,141.7,152.3,147.2,163.7,160.1,149.0,141.9,148.4,161.1,140.1,138.2,141.6,141.8,136.5,149.3,149.8,120.0,213.2,158.9,134.0,162.1,188.9
2021-05-01,160.4,159.99848541,160.08503171,159.4,160.7,146.3,200.5,170.3,156.1,178.7,167.1,147.9,165.4,114.8,168.2,159.3,170.4,191.9,160.4,161.8,152.1,161.6,159.4,156.8,154.7,165.8,148.9,155.8,161.2,158.6,81.2,148.5,145.9,148.4,158.0,76.4,149.2,150.9,154.4,148.2,172.1,133.1,236.2,161.7,170.7,160.0,154.7,171.1,200.1,158.0,219.5,202.4,205.7,197.3,192.8,191.2,170.3,156.0,155.0,153.8,161.3,149.7,178.9,167.1,282.8,184.1,155.7,161.7,172.6,147.1,143.5,129.8,166.8,237.6,227.2,207.0,,190.8,177.9,165.1,141.8,,,141.1,157.1,133.9,158.4,214.7,147.8,209.4,152.0,213.5,162.6,141.5,176.5,134.9,188.0,161.6,148.7,183.5,136.8,158.4,104.5,145.2,137.6,133.5,150.2,138.9,140.8,139.6,155.9,160.7,165.0,152.7,160.1,132.4,164.2,148.1,150.4,166.6,159.2,184.0,225.1,179.1,169.6,161.2,151.2,164.7,161.0,110.1,137.3,155.1,145.3,147.2,132.3,149.3,137.3,147.8,153.5,198.5,209.4,170.1,168.9,158.1,165.7,179.2,165.2,166.3,169.1,148.1,164.2,137.8,117.4,149.4,140.9,147.8,187.0,189.0,218.9,188.7,175.8,206.0,190.3,194.2,195.2,211.5,179.4,183.9,158.4,206.8,186.3,183.6,163.6,165.1,163.7,154.7,158.7,161.4,154.7,154.9,157.4,168.8,153.5,154.7,148.0,154.5,166.5,152.5,156.9,141.1,159.8,153.5,184.8,183.5,151.2,151.2,151.8,155.6,147.8,161.4,185.6,139.2,156.8,141.2,182.4,231.4,160.8,149.7,155.9,150.4,156.0,155.4,154.6,158.9,192.8,147.9,165.0,139.4,169.3,205.5,155.9,163.4,158.7,160.0,143.0,157.8,136.1,132.7,,133.0,130.7,137.2,127.5,120.6,122.0,132.4,155.8,167.5,152.0,168.0,151.9,179.1,138.8,132.3,168.5,153.4,145.1,163.1,155.4,164.7,143.7,148.0,151.3,191.5,140.6,118.9,139.8,177.0,173.6,181.6,129.7,169.5,184.6,161.9,173.4,157.8,143.1,185.8,153.7,137.5,153.9,139.6,135.5,130.7,182.3,137.5,175.6,150.5,176.9,164.7,180.7,105.0,170.7,182.5,204.7,182.8,114.2,116.0,145.2,132.1,141.4,158.1,104.3,110.2,128.3,135.9,291.4,157.9,165.9,143.9,136.4,172.7,157.0,,128.6,126.1,159.5,155.0,149.6,164.6,164.3,153.2,145.7,151.8,164.8,143.9,142.7,143.0,144.1,143.4,157.4,153.2,113.9,204.0,163.6,139.0,160.7,192.6
2021-06-01,161.3,160.25072035,160.31589852,161.3,162.6,146.7,202.0,180.7,156.2,183.7,164.6,155.4,166.0,115.1,168.5,160.0,172.4,190.8,160.7,162.2,151.8,160.5,159.8,157.6,154.8,166.3,150.7,154.9,161.7,158.8,81.5,148.9,146.5,149.1,158.6,76.3,149.1,151.1,155.1,147.9,172.9,133.3,230.0,160.3,177.4,160.9,155.3,171.1,201.5,158.5,220.2,206.2,208.3,199.8,192.9,191.7,180.7,156.2,155.3,153.8,161.8,150.0,187.3,169.3,276.7,188.7,156.2,161.9,177.9,143.1,148.2,118.8,150.4,233.7,227.3,198.2,,201.2,183.1,130.7,128.9,,,157.2,167.9,140.5,159.2,217.1,148.6,210.6,152.2,213.9,162.8,142.1,176.1,142.1,205.9,172.9,166.2,189.6,140.6,166.8,113.3,161.8,157.4,148.2,148.4,134.9,146.4,142.8,164.5,171.2,140.0,154.4,159.0,132.4,164.2,149.6,151.3,166.0,161.5,184.6,223.8,180.5,170.8,162.9,152.2,166.3,161.0,110.2,139.1,153.6,146.4,147.0,132.0,149.4,137.8,148.3,154.2,198.6,207.0,170.3,170.5,158.2,169.4,183.0,165.6,168.0,170.2,149.3,165.1,138.0,117.3,149.4,142.0,147.9,184.6,189.4,221.0,190.0,173.9,203.1,189.6,196.1,194.6,212.6,179.8,181.5,157.0,206.7,177.8,180.3,165.0,164.3,162.5,156.0,163.9,161.5,156.0,155.5,157.6,167.7,154.2,156.3,150.1,154.6,165.1,154.7,156.4,154.7,162.1,156.3,187.9,183.1,150.7,150.5,149.9,156.0,148.1,160.1,185.3,140.6,160.2,140.0,182.3,243.7,160.0,157.5,156.2,151.7,156.7,155.3,158.1,160.4,182.1,150.5,161.0,141.9,161.5,208.1,156.4,165.0,159.1,157.4,145.8,160.7,136.6,134.6,148.1,148.4,130.7,138.0,127.5,123.7,,129.5,154.5,166.1,152.6,167.4,151.9,180.0,136.9,131.4,161.4,153.3,147.5,157.9,156.7,168.5,143.7,148.3,150.8,184.2,141.0,118.9,140.0,176.9,174.2,178.0,132.0,169.1,185.2,162.4,173.4,157.2,148.4,186.4,153.9,137.1,158.6,140.2,135.7,136.0,191.5,138.1,164.8,150.4,174.7,165.0,178.4,113.8,175.0,205.8,239.6,185.0,113.8,116.3,145.2,134.5,145.5,155.3,112.2,110.2,128.5,133.2,193.8,158.2,165.9,145.4,148.1,187.7,157.9,,130.0,128.8,161.5,155.2,149.4,164.5,162.8,144.6,146.2,152.3,164.9,144.1,142.7,143.2,143.9,161.4,157.0,153.9,120.2,204.0,163.7,138.8,166.9,188.7
2021-07-01,162.5,161.38476173,161.48378436,162.9,164.0,146.4,206.8,182.2,157.5,182.1,163.9,164.2,164.0,114.5,168.3,160.9,172.2,191.2,161.4,162.8,153.1,161.5,160.7,159.0,155.8,167.0,153.1,155.3,163.2,160.1,81.5,148.7,146.3,148.8,157.4,76.3,148.4,149.9,154.7,148.4,173.4,133.7,182.0,158.9,174.5,161.3,155.7,170.1,201.6,159.2,221.1,207.9,206.3,214.5,215.4,190.2,182.2,157.5,156.4,153.8,162.0,150.5,186.0,166.5,267.2,186.6,156.3,161.5,180.6,141.8,148.4,147.1,156.2,227.6,225.7,188.9,,186.2,185.3,118.7,144.4,137.8,,,172.0,159.0,154.1,217.9,146.8,212.1,152.0,207.7,166.7,142.8,177.1,145.0,222.2,195.6,185.8,191.7,147.0,172.3,139.3,170.9,184.8,166.5,160.0,133.4,142.0,152.0,178.7,168.5,120.8,155.8,158.9,132.4,160.9,148.9,150.7,162.9,162.5,181.4,221.1,179.7,171.7,162.1,151.8,167.3,161.0,109.3,140.4,157.8,146.9,147.3,131.6,149.8,137.4,148.9,155.3,197.9,202.2,171.3,172.6,158.1,165.5,181.4,166.7,168.8,171.3,149.4,166.0,138.4,117.5,150.0,143.8,148.4,186.1,189.9,213.7,188.7,175.0,198.4,189.9,195.5,194.8,212.3,180.2,181.9,159.0,221.0,178.3,180.7,165.8,165.1,163.8,156.2,162.4,162.0,156.8,156.3,158.1,169.0,154.5,155.6,151.7,154.1,166.9,154.5,156.4,154.8,161.8,157.0,187.7,183.7,152.0,152.3,152.5,156.8,148.9,161.1,186.3,139.6,158.1,140.0,187.0,253.2,160.0,162.3,163.0,152.9,157.5,155.2,159.4,159.0,182.6,149.3,161.9,142.3,162.6,215.8,156.6,166.0,159.6,157.2,145.8,154.4,138.9,135.7,147.6,140.6,145.2,138.0,127.0,136.8,122.6,130.1,156.4,167.3,150.5,169.2,152.9,178.5,136.9,131.9,165.0,153.6,147.4,163.1,157.0,167.3,144.5,148.9,151.4,181.2,141.3,118.9,140.3,178.5,176.4,177.4,133.8,169.4,186.4,163.2,173.4,159.6,145.2,186.7,154.4,137.0,159.4,141.2,136.9,142.5,197.2,139.2,175.7,149.3,177.2,166.9,174.8,119.7,173.0,207.2,204.7,189.9,114.2,116.4,145.5,131.3,146.9,157.9,112.4,116.6,130.2,132.2,195.0,158.5,166.6,141.8,144.1,176.5,158.1,,128.7,136.3,157.1,154.9,149.6,165.6,168.8,151.2,148.3,152.8,165.6,144.7,142.9,143.6,144.3,144.2,163.6,154.9,120.2,203.8,163.8,137.3,167.1,191.9
2021-08-01,162.9,162.10144071,162.20287526,162.7,163.9,146.3,204.4,177.3,158.0,183.9,161.0,164.8,163.0,115.7,168.5,161.9,172.9,191.8,162.4,163.8,154.4,162.4,161.4,159.6,156.7,167.7,153.9,156.1,163.3,160.0,81.5,148.4,146.1,148.3,156.4,76.3,148.2,149.7,154.8,148.5,174.8,134.3,182.0,157.4,173.2,162.5,156.7,169.7,201.7,159.7,220.6,207.6,205.8,211.4,221.0,186.7,177.3,157.9,157.1,154.2,162.4,152.9,189.1,166.9,261.6,188.6,156.5,162.0,183.9,142.9,143.9,171.5,153.8,224.4,224.8,159.3,,168.3,180.3,136.1,,127.0,,,148.3,167.0,148.7,218.9,147.2,210.4,153.1,211.7,175.6,143.8,180.7,143.1,220.8,213.9,196.9,189.0,147.3,178.2,145.4,171.8,201.2,172.9,160.0,124.8,139.2,152.6,196.3,158.7,114.2,151.1,159.8,132.4,159.5,148.4,150.3,160.8,163.3,179.7,219.8,179.2,172.6,162.0,151.7,167.9,161.0,110.6,142.3,158.9,147.9,147.7,132.2,150.3,137.0,149.2,156.2,198.2,201.7,171.3,174.6,158.3,166.4,182.0,168.0,169.6,172.7,149.4,167.3,138.8,117.5,150.4,144.1,148.5,187.4,189.2,214.9,188.4,175.2,194.5,191.1,198.3,195.9,212.1,180.9,182.8,161.6,220.0,178.0,181.2,167.4,166.1,164.2,158.9,163.5,163.0,157.4,157.5,158.8,170.5,154.9,156.2,151.9,154.0,168.2,155.4,157.6,152.7,162.7,158.1,189.3,184.5,153.0,153.2,153.3,158.3,150.5,162.0,186.9,140.0,158.7,140.1,188.7,260.3,163.4,162.8,163.0,151.9,157.3,154.5,159.5,159.8,184.6,151.4,163.9,144.0,163.3,216.7,157.7,165.5,160.3,156.9,146.1,155.3,139.0,136.3,146.9,141.6,145.2,138.7,127.4,134.8,140.2,130.2,156.9,169.1,159.1,169.7,153.1,178.2,137.0,132.4,166.7,153.6,147.8,163.6,159.8,168.5,145.0,149.4,151.3,183.9,141.6,119.2,144.6,180.0,177.8,179.1,133.8,170.2,187.6,163.8,173.4,162.6,145.8,187.5,154.8,137.7,160.2,142.6,137.5,143.6,197.5,139.9,175.8,150.5,178.0,167.6,176.3,119.7,175.0,214.6,204.7,189.0,114.6,116.2,145.6,132.5,147.5,159.2,116.0,125.3,130.7,132.8,196.2,159.1,167.4,142.1,144.1,181.2,158.1,,129.3,136.2,155.9,155.5,150.0,165.8,168.4,149.3,149.8,153.2,166.2,145.3,143.3,143.6,144.6,144.4,163.0,155.8,120.5,205.0,162.1,131.8,162.7,192.7
2021-09-01,163.2,162.52822313,162.51784355,162.7,164.0,146.6,204.0,172.8,158.4,188.0,156.7,162.3,164.1,119.7,168.8,162.7,173.9,192.1,163.3,164.6,155.3,162.1,162.6,160.0,157.5,168.4,154.0,157.7,163.7,160.0,81.5,148.5,146.0,148.9,154.6,76.3,149.3,150.2,154.6,149.1,176.3,134.8,182.0,157.4,169.2,165.1,157.4,166.9,200.5,160.9,220.9,206.9,205.3,211.4,220.6,185.6,172.8,158.4,157.8,154.9,162.4,153.2,197.6,167.1,258.4,191.0,156.8,163.1,188.1,139.2,,162.8,159.0,222.9,227.6,152.7,,158.4,178.1,,,129.2,,,123.7,167.5,148.6,220.5,148.6,209.9,155.1,214.6,181.2,145.2,184.5,139.8,213.0,210.7,195.3,185.3,143.7,182.2,137.7,169.2,212.9,169.7,152.8,119.7,146.2,146.2,214.6,159.9,120.4,148.2,160.9,132.4,159.8,149.6,152.1,160.1,167.8,180.3,219.6,180.4,176.2,161.6,152.9,169.3,161.0,115.1,144.0,160.9,148.1,148.1,132.5,151.2,137.2,149.9,156.8,198.2,199.7,171.9,177.4,158.8,165.9,183.1,169.1,170.6,173.7,149.9,168.2,139.0,117.5,150.6,144.1,148.3,189.1,188.6,214.7,188.7,175.2,192.0,191.3,199.9,196.6,212.6,181.8,182.8,162.0,215.5,178.2,181.5,168.2,167.3,165.6,160.0,161.1,163.8,158.5,158.8,159.3,171.6,154.4,155.9,151.6,155.5,169.2,156.0,156.9,151.3,163.5,158.0,190.1,185.2,153.7,154.2,153.8,159.6,151.1,161.7,187.5,140.0,159.6,140.3,196.2,263.0,165.6,161.4,162.8,151.2,157.3,152.8,158.2,160.0,185.7,152.1,164.0,144.5,164.4,218.8,158.4,165.6,161.0,157.0,147.0,158.9,139.1,136.9,147.9,143.3,145.2,139.3,127.9,135.9,144.9,133.5,157.5,174.6,156.2,170.5,154.6,177.8,137.0,132.7,165.1,154.2,147.8,164.6,161.8,169.8,145.5,149.6,150.9,185.7,141.9,119.4,144.8,180.8,178.6,179.4,134.1,170.1,188.5,164.6,174.0,163.7,145.9,188.3,155.2,138.8,161.1,144.0,138.0,142.7,195.8,141.1,175.2,151.3,178.4,167.3,176.3,119.7,170.3,224.3,204.7,189.0,115.3,116.3,145.7,133.2,148.6,160.7,115.8,125.3,131.6,131.6,197.9,159.7,167.6,142.9,144.1,183.9,158.6,,131.4,136.2,157.7,156.2,150.2,166.0,168.9,149.4,150.8,153.8,167.0,146.0,143.4,144.3,144.8,144.1,162.6,156.3,120.5,210.8,160.6,127.7,156.9,193.1
2021-10-01,165.5,163.67944219,163.6041649,166.9,167.7,147.4,204.6,171.2,158.7,190.6,155.7,185.3,165.2,121.9,169.3,163.2,174.7,192.7,164.3,165.7,156.3,163.6,164.2,161.0,158.4,169.1,155.7,158.6,163.9,160.8,81.5,148.9,146.2,149.0,154.9,76.3,150.8,151.3,155.2,149.2,177.5,135.4,176.0,157.4,168.5,165.2,158.5,165.8,200.6,161.7,221.3,207.1,208.5,212.3,213.1,186.0,171.2,158.7,158.7,155.8,163.1,154.6,205.1,167.0,254.9,190.4,157.1,164.3,190.6,140.0,,162.8,162.2,223.8,230.4,164.6,183.7,149.9,182.2,,,127.1,,,114.6,164.4,152.6,222.9,151.4,209.7,155.4,212.8,181.7,146.2,185.7,153.0,270.7,206.3,198.0,183.7,141.1,201.4,211.6,197.8,221.1,182.8,155.3,137.6,170.6,157.4,238.7,175.1,124.4,160.6,161.7,132.4,160.3,150.5,153.6,160.3,172.0,180.7,223.1,179.8,178.2,163.5,153.6,170.6,161.0,117.5,146.1,159.7,149.8,148.3,132.5,152.5,137.7,150.1,157.7,198.1,199.1,173.2,181.3,159.5,167.2,183.8,169.8,171.5,174.7,150.1,168.9,139.5,117.5,150.8,144.1,148.6,190.1,188.8,217.6,188.7,175.8,190.5,191.5,202.9,197.0,212.7,183.0,183.9,162.3,216.8,179.0,181.4,169.1,168.5,167.3,160.8,162.1,164.8,159.4,159.8,160.1,172.7,156.2,157.1,153.7,155.5,170.5,156.9,158.0,152.9,164.3,157.8,190.9,186.0,154.5,155.3,155.1,160.9,151.8,163.3,188.2,140.4,159.5,140.0,199.3,271.3,168.3,170.2,167.4,152.2,158.9,156.9,159.2,161.0,187.1,154.2,164.1,145.2,166.6,219.9,159.3,166.4,162.1,157.9,148.8,159.8,138.9,137.7,148.6,143.8,146.4,139.7,128.5,136.3,145.2,133.5,157.8,178.6,159.7,172.6,157.2,178.3,137.0,132.9,166.6,154.4,148.3,164.7,163.0,171.0,146.4,149.8,150.8,189.5,142.1,119.9,145.1,182.2,179.5,178.8,134.1,170.4,189.2,165.3,174.0,165.3,146.2,188.9,155.6,139.8,162.0,145.4,138.5,147.9,206.2,142.3,175.2,151.6,179.0,168.4,175.9,122.9,170.7,212.3,204.7,193.8,115.8,116.4,145.5,133.3,151.2,162.0,114.5,125.3,132.9,131.2,199.3,160.5,168.0,143.4,148.1,188.8,158.9,,131.9,135.1,160.9,156.5,150.6,166.3,169.1,148.8,152.0,154.2,167.7,146.5,144.0,145.0,145.0,144.0,163.0,156.3,120.5,215.6,161.8,127.4,157.5,194.1
2021-11-01,166.7,164.15208718,164.18854123,169.1,169.7,148.2,201.6,173.0,159.3,190.1,156.5,199.2,165.3,122.4,169.6,163.7,175.5,192.9,165.8,167.2,157.4,164.2,163.9,161.4,159.3,169.9,154.8,159.8,164.3,162.2,81.5,149.4,146.2,148.7,155.0,76.3,152.5,152.8,155.4,149.7,178.5,135.8,176.5,155.8,168.3,168.0,160.8,165.8,199.9,162.7,221.9,207.8,209.3,203.5,207.7,185.4,173.0,159.2,159.4,156.3,163.7,154.8,207.6,164.6,251.0,187.0,157.3,166.0,192.1,139.1,,179.8,164.0,224.8,230.5,179.5,141.0,144.7,179.3,,,,,,113.2,170.6,159.9,223.8,151.8,207.4,155.3,207.7,179.4,147.3,185.2,177.7,282.0,197.0,209.9,180.9,136.9,196.5,274.9,202.4,208.0,188.5,151.8,161.7,183.0,167.0,253.7,184.0,121.2,171.8,163.0,132.4,159.6,150.4,153.6,160.3,173.9,180.9,222.9,180.7,179.6,164.9,153.7,170.4,161.0,118.0,146.7,160.0,150.4,148.8,132.8,153.2,138.0,150.3,159.8,197.8,198.2,173.3,184.5,159.9,168.1,184.7,170.7,172.8,175.7,150.4,169.4,139.2,117.6,151.3,144.3,149.1,190.2,188.7,219.4,189.0,176.0,191.0,192.3,204.8,197.2,212.6,183.3,184.7,163.6,217.2,178.0,180.9,170.5,170.1,171.9,161.0,163.2,165.8,160.4,161.1,161.1,174.1,157.1,158.4,163.6,161.7,171.9,157.9,158.4,153.9,165.2,160.1,192.5,186.7,155.6,156.3,155.9,162.0,153.0,163.8,189.7,140.7,159.9,135.5,199.7,307.9,169.0,160.1,165.4,152.2,159.2,157.7,157.0,160.3,188.1,155.3,165.8,146.0,166.8,221.9,160.3,170.8,165.7,158.4,149.5,160.2,138.3,138.8,147.7,144.6,146.4,139.9,129.7,137.8,134.6,134.7,158.1,180.1,160.0,173.7,158.1,178.6,137.0,133.4,166.1,154.5,148.9,164.8,163.6,172.3,146.8,149.9,151.1,194.9,142.3,120.1,145.7,183.7,180.5,179.8,134.2,170.6,189.9,166.2,174.0,165.5,146.3,189.7,156.0,140.1,162.9,147.0,139.3,144.1,191.9,143.0,174.7,151.3,180.0,169.9,176.5,122.9,178.2,208.3,204.7,193.8,116.3,116.2,145.4,133.8,150.4,163.7,112.7,125.3,133.5,130.0,200.4,161.3,168.6,143.8,148.1,189.6,159.2,,133.6,133.8,159.3,156.6,151.0,166.6,169.6,149.9,153.2,154.6,168.3,147.1,144.3,145.2,145.4,144.6,163.9,156.3,120.5,215.6,164.7,130.3,161.0,194.9
2021-12-01,166.2,164.46516439,164.5179704,167.1,168.2,148.7,198.8,177.9,159.9,187.6,154.9,188.3,164.4,121.0,170.5,164.2,176.5,192.4,167.0,168.5,158.7,163.4,164.1,162.0,160.2,170.6,155.7,160.6,164.4,162.6,81.5,149.7,145.7,148.2,155.8,76.3,153.6,153.2,155.4,150.0,179.8,136.8,172.2,158.0,167.4,172.8,162.6,161.5,198.9,163.0,221.9,207.8,212.0,196.9,209.8,183.9,177.9,159.8,160.3,156.8,164.0,154.3,205.7,162.1,250.9,182.8,157.1,166.4,192.0,133.8,,197.3,157.7,222.6,229.0,183.9,134.1,142.2,170.1,,,,,,113.3,170.0,155.7,225.8,151.4,199.3,154.9,206.2,176.8,147.9,183.5,157.2,255.2,169.3,204.2,163.1,123.3,177.9,257.3,204.4,169.1,195.8,145.0,193.8,210.8,171.5,173.9,193.3,111.0,180.3,163.8,132.4,157.2,149.2,153.2,159.4,174.5,180.4,223.9,179.9,180.6,165.3,153.6,171.3,161.0,116.6,144.2,158.5,151.0,149.1,132.8,155.1,138.2,150.6,165.0,198.7,196.9,173.8,187.5,160.5,168.9,185.8,172.0,174.0,176.5,150.5,170.0,139.8,117.5,151.6,144.8,149.2,186.6,187.1,223.6,187.5,175.2,193.8,193.3,206.8,197.7,212.1,182.7,184.7,163.6,218.1,179.0,180.6,173.0,171.5,173.6,163.1,164.2,166.9,161.5,162.5,162.3,175.2,158.0,158.9,164.3,165.3,173.3,159.4,159.7,155.2,166.3,161.2,193.8,188.0,156.9,157.7,157.1,163.6,154.0,163.0,190.7,140.8,160.2,135.5,199.7,302.4,171.1,157.5,166.8,152.4,159.8,159.8,151.5,162.0,188.8,155.9,167.4,146.7,167.1,222.7,161.0,172.0,167.3,159.2,149.3,160.4,137.8,139.0,148.9,145.0,150.2,140.3,130.6,138.0,146.4,132.5,158.4,180.4,161.1,174.5,158.5,179.0,138.7,133.8,166.6,154.5,149.6,164.8,164.9,174.1,148.1,150.3,151.7,199.0,142.6,121.5,145.9,185.0,181.4,179.5,136.1,170.7,190.8,166.9,176.4,165.7,146.4,190.9,156.5,140.4,163.9,148.4,140.1,141.5,186.8,144.3,174.2,151.7,179.9,170.2,176.9,125.9,172.2,204.2,205.4,194.2,117.2,116.5,152.4,135.3,149.4,165.5,113.4,125.3,134.5,130.0,202.1,162.2,169.6,144.3,148.1,189.8,159.6,,134.0,135.2,159.2,156.9,151.6,166.9,167.9,150.6,155.2,155.4,169.1,147.6,144.5,145.8,145.8,144.6,164.5,156.0,120.5,215.6,164.4,125.6,161.4,195.9
2022-01-01,165.7,165.22068711,165.36828753,164.9,166.4,149.5,198.7,178.8,160.5,184.7,153.7,174.3,163.9,120.0,172.1,164.3,177.3,192.2,168.5,169.9,160.7,164.5,164.2,162.7,161.1,171.4,156.5,161.2,164.7,163.0,81.5,150.4,145.3,149.9,156.3,76.3,154.5,153.8,155.2,150.6,181.8,137.6,172.2,160.5,167.9,176.8,162.8,164.6,197.2,163.7,222.3,208.5,214.4,194.9,198.8,185.0,178.8,160.5,160.8,157.4,164.5,153.4,202.1,160.2,245.5,179.2,157.0,166.9,191.5,131.8,,204.1,170.8,220.2,228.6,187.7,147.6,146.4,156.9,,,,,,114.5,155.6,149.3,226.7,152.2,199.4,154.7,206.3,174.0,148.5,183.2,136.4,251.8,148.9,196.1,149.9,117.8,165.6,179.3,190.1,161.2,193.8,156.5,218.7,266.0,176.0,128.4,175.9,109.6,180.7,164.1,127.1,156.3,148.6,152.8,158.7,175.0,180.0,225.2,179.5,181.7,165.5,152.9,172.1,161.0,115.4,142.4,161.1,150.7,149.5,131.9,157.7,139.1,151.3,168.0,202.3,195.3,174.3,191.2,160.7,168.8,186.8,172.6,174.7,177.2,151.0,170.1,139.7,117.8,151.9,145.2,149.1,185.9,182.9,223.6,186.1,172.3,199.6,194.3,208.7,198.4,212.5,183.6,193.6,165.9,218.0,178.9,181.4,174.8,173.1,175.5,164.5,165.9,168.3,163.1,164.0,163.6,176.7,159.1,160.5,165.6,166.8,174.8,160.4,161.5,155.6,167.8,164.3,195.4,188.6,158.8,159.4,159.5,165.7,155.5,164.1,191.9,140.9,161.0,135.7,199.8,286.5,173.1,157.0,166.7,152.4,161.1,162.2,151.8,161.9,190.5,157.3,170.6,147.8,168.4,225.3,162.5,173.5,169.2,158.0,149.8,162.3,138.1,139.2,148.5,145.4,150.2,141.1,131.2,138.2,147.0,132.4,158.0,179.1,162.5,176.4,159.0,179.0,146.5,134.2,166.4,154.7,150.4,164.8,166.6,174.0,149.1,150.8,152.0,196.3,142.9,123.4,146.2,186.8,183.0,180.4,142.2,171.0,191.5,167.9,177.5,163.7,147.1,191.3,156.9,141.8,165.0,149.2,140.6,141.4,186.7,144.9,174.4,152.7,180.5,170.5,177.4,125.9,170.5,209.1,205.4,194.2,118.3,116.9,154.6,136.0,150.3,167.0,114.5,125.3,136.0,130.3,201.9,163.0,170.2,145.3,148.1,188.2,160.2,,134.9,136.0,159.7,157.5,152.0,167.5,167.1,150.9,156.6,155.8,169.8,147.9,144.8,146.1,146.3,144.6,165.6,156.2,120.5,216.0,164.2,125.3,161.9,196.6
2022-02-01,166.1,166.17371629,166.24221987,164.6,166.2,150.0,200.6,175.8,160.7,184.9,153.7,169.7,163.7,118.9,174.3,164.7,178.0,192.8,169.6,170.8,162.4,165.5,165.7,163.5,161.8,172.2,156.9,162.1,165.4,164.4,81.5,150.6,145.1,150.8,156.4,76.3,155.3,153.9,155.0,151.4,183.4,138.4,170.1,162.2,167.8,179.4,164.4,172.1,197.5,163.9,222.6,204.0,215.0,199.1,198.7,187.0,175.8,160.7,161.4,157.7,164.5,152.3,201.7,160.0,238.2,180.3,157.6,166.6,194.3,133.8,,163.1,182.2,217.5,231.5,192.3,,152.0,157.6,,,,132.6,,118.7,133.3,149.8,227.8,152.2,200.8,154.4,205.6,170.3,148.6,181.8,129.0,255.5,143.4,182.8,143.2,115.4,157.7,141.6,187.3,153.1,180.1,179.3,224.0,437.9,185.3,121.4,163.0,114.4,184.7,164.4,127.1,156.1,147.7,152.5,158.2,175.9,178.7,226.6,177.6,180.9,164.8,152.7,172.6,161.0,114.4,141.0,160.4,151.5,150.0,132.4,160.5,141.6,151.9,170.5,205.9,195.2,175.3,193.8,161.1,170.2,187.6,173.6,175.2,178.3,151.3,170.6,140.6,118.1,152.1,145.3,149.5,186.0,184.3,226.6,185.8,170.7,203.1,195.4,209.4,198.4,212.4,184.5,191.3,166.2,222.2,179.1,181.8,176.5,174.3,176.3,165.7,167.8,169.1,163.7,165.2,164.2,177.8,159.4,160.8,165.3,167.2,176.1,161.4,162.8,157.1,169.1,164.2,196.4,189.4,160.5,161.3,161.2,167.9,156.9,165.1,193.3,140.8,161.0,135.8,199.9,329.9,177.0,156.9,167.9,152.5,161.3,161.0,151.0,162.7,192.0,158.9,170.3,148.4,169.8,225.9,163.2,173.2,169.4,158.7,149.7,163.1,138.2,141.1,149.3,146.0,150.6,142.1,131.7,138.4,139.9,132.6,159.7,180.0,172.3,176.7,160.9,179.2,146.5,134.5,167.1,154.4,150.7,164.1,167.3,175.7,150.4,151.3,152.4,194.6,143.1,125.8,146.6,188.3,183.0,180.5,142.2,172.4,192.1,168.6,177.9,166.3,147.6,192.7,157.4,143.3,166.4,149.9,140.8,141.5,186.7,145.7,174.1,153.2,180.4,170.8,177.5,127.1,167.6,208.6,205.4,195.3,119.0,116.7,155.2,137.1,151.5,168.6,111.7,125.3,137.4,131.4,198.9,163.4,171.1,145.6,,190.0,160.6,,135.0,136.0,159.0,157.9,152.4,168.5,167.1,152.0,158.2,156.4,170.8,148.4,145.1,146.9,146.7,144.9,160.9,155.8,120.5,221.8,166.4,126.5,163.4,197.6
2022-03-01,167.7,167.12190617,167.11061311,166.9,168.4,151.3,210.7,167.8,162.2,194.6,157.6,166.9,163.9,118.8,177.4,165.3,179.3,193.7,171.1,172.1,164.6,165.3,167.2,164.6,162.8,173.0,157.9,163.3,166.0,167.2,81.5,151.2,145.6,150.6,156.8,76.3,158.2,156.2,156.6,152.3,184.7,139.5,170.1,161.9,169.3,184.1,168.5,168.0,198.2,164.7,224.7,206.5,214.3,225.2,199.5,188.7,167.8,162.3,161.5,158.0,165.2,154.5,205.5,171.3,236.5,199.5,159.8,167.4,203.3,140.1,,178.3,211.1,218.4,235.6,195.7,,163.0,160.8,,184.1,,170.9,,127.2,124.0,149.6,229.6,152.6,202.2,154.7,207.6,168.4,149.4,182.4,136.8,232.6,144.7,165.4,142.9,119.5,160.0,120.2,169.9,138.7,158.3,216.7,208.8,288.2,180.6,123.4,157.3,148.5,184.6,166.3,127.1,156.8,147.1,151.8,158.4,176.6,177.7,228.6,177.0,181.3,164.2,152.8,173.9,161.0,114.3,140.4,160.6,153.8,150.5,132.0,163.1,145.8,153.1,172.6,211.8,194.0,176.7,196.9,161.8,171.3,188.8,175.0,177.1,179.8,151.7,171.1,141.3,118.0,152.8,146.3,150.2,186.2,186.7,234.1,186.6,171.0,207.7,196.5,210.5,198.6,212.3,184.7,188.1,168.2,223.2,178.7,184.4,178.1,176.0,176.9,167.1,169.2,170.8,165.0,166.8,165.5,179.4,160.8,161.6,164.5,166.0,177.4,162.8,163.6,158.0,170.4,164.6,197.8,190.2,162.2,163.2,163.8,170.3,159.1,164.9,194.3,140.8,159.6,135.7,201.8,364.1,176.7,158.2,168.4,153.0,161.6,160.7,150.8,162.7,193.2,159.6,170.8,151.9,170.8,227.6,164.4,173.1,169.7,159.2,150.6,162.5,142.4,141.6,150.6,145.9,151.1,142.9,132.6,139.7,140.0,133.0,160.4,183.5,172.3,177.9,164.2,182.3,144.7,134.6,169.0,154.5,151.2,165.2,168.4,178.7,151.5,152.1,153.0,190.3,143.6,127.8,147.1,190.0,183.9,181.3,146.3,172.8,193.9,169.4,179.0,167.1,149.1,193.1,157.8,144.5,167.2,151.3,141.3,142.5,188.5,146.6,173.9,155.3,181.4,171.9,178.0,127.1,172.0,204.3,205.4,195.8,119.9,116.7,155.8,139.4,151.1,170.2,109.1,125.3,138.8,131.5,200.4,164.3,172.0,145.3,,194.3,161.3,,136.3,136.9,159.2,158.1,153.0,169.0,167.9,153.6,160.1,157.0,171.7,148.9,145.6,147.6,147.4,146.7,162.1,156.5,120.3,221.8,173.2,134.3,166.9,198.4
2022-04-01,170.1,169.43442926,169.03450317,169.4,170.8,152.9,211.8,164.5,163.9,199.5,172.6,166.2,164.7,119.0,181.3,166.2,180.9,193.9,172.8,173.9,166.5,167.0,172.2,166.8,164.0,174.0,162.6,164.4,166.9,168.8,83.9,152.1,146.1,151.0,157.9,76.3,161.1,158.6,158.3,154.5,186.1,141.1,172.2,165.5,171.7,190.2,173.3,173.9,197.7,165.4,226.4,208.3,215.1,224.8,201.1,191.0,164.5,164.0,162.4,158.9,166.7,159.9,204.8,178.4,233.1,210.7,163.0,168.6,211.3,149.7,,162.3,210.2,221.7,242.7,212.1,,179.2,166.7,263.6,201.5,,,,138.9,129.6,156.1,230.8,154.5,204.2,154.5,208.5,169.6,150.4,183.0,142.4,183.4,175.9,165.0,140.5,124.6,175.1,135.3,174.9,166.5,161.6,206.3,178.6,204.6,167.7,163.1,171.8,269.5,177.5,168.1,132.4,158.0,147.4,151.8,159.7,178.0,177.4,227.1,178.1,182.4,164.9,152.9,174.9,161.0,114.4,141.4,161.5,154.3,151.3,132.9,165.9,150.4,155.2,174.7,218.5,191.9,178.2,198.9,162.8,172.4,190.4,177.4,178.6,181.9,153.2,172.0,142.4,118.0,153.5,147.2,151.1,184.5,187.4,234.9,186.4,171.6,207.6,197.6,212.5,199.4,212.4,185.5,190.6,169.6,223.2,178.1,184.0,180.4,177.9,178.4,169.6,171.2,172.8,166.5,168.9,167.3,181.4,162.5,163.2,162.3,165.2,179.9,164.3,164.4,157.8,172.5,166.2,199.5,191.6,163.8,165.0,165.7,172.5,161.0,166.7,196.2,142.0,157.5,137.5,210.0,437.1,181.3,173.8,173.8,154.0,162.8,162.6,150.3,164.5,195.4,161.1,171.9,152.5,173.2,221.0,165.8,171.8,170.9,160.2,152.0,164.2,143.8,143.6,153.7,146.8,155.6,143.8,134.4,145.0,140.1,134.3,161.6,187.2,173.5,180.0,165.9,188.1,144.7,135.2,171.3,154.5,152.5,165.4,169.6,181.4,153.1,152.7,153.7,185.0,144.1,130.1,147.6,191.7,185.2,181.9,146.3,173.8,195.1,170.3,181.1,167.6,149.7,194.5,158.3,145.8,168.8,152.9,142.1,155.4,207.0,148.8,173.9,155.3,183.6,174.1,179.7,127.1,179.0,212.9,221.4,195.9,120.3,116.9,156.0,140.1,150.2,172.1,108.5,125.3,140.2,130.4,201.7,165.4,173.3,148.7,,197.3,162.1,,135.3,136.9,159.1,158.7,154.2,170.5,166.2,155.1,162.6,157.7,172.9,149.5,146.3,148.3,147.8,148.3,163.5,157.2,120.4,216.8,175.8,135.0,168.9,199.7
2022-05-01,171.7,170.42270041,169.81862579,172.1,173.3,154.1,217.0,162.4,164.9,202.4,171.0,174.9,164.7,119.7,184.9,167.1,182.5,194.1,174.6,175.6,168.4,167.5,174.6,167.5,165.2,174.8,163.0,165.1,167.9,168.4,81.5,152.7,146.2,151.6,158.5,76.2,163.3,160.2,159.6,156.2,188.3,142.8,169.5,170.2,171.8,194.5,175.3,177.2,198.6,166.3,227.6,209.9,215.2,233.9,202.0,195.6,162.4,164.9,163.6,159.5,168.0,162.7,204.4,182.3,231.6,217.2,165.1,170.5,218.7,151.2,158.9,128.8,190.4,221.4,246.7,213.8,,188.7,167.2,200.6,139.0,,,152.1,147.7,134.1,164.8,231.5,154.5,210.6,154.9,210.9,171.2,151.2,183.9,160.1,162.3,203.1,175.5,135.8,124.8,184.4,246.2,181.3,201.4,179.8,183.8,139.7,144.7,150.5,189.7,184.9,242.2,164.4,169.1,132.4,157.9,146.8,151.8,160.2,178.3,177.5,223.9,177.4,183.8,164.2,152.6,175.1,161.0,115.0,142.8,161.8,155.1,152.4,136.1,168.9,154.9,157.0,176.2,224.8,190.0,180.3,199.9,163.9,172.6,191.9,179.4,179.8,183.6,154.2,172.9,144.3,118.0,153.7,148.1,151.7,183.3,187.8,232.8,188.1,173.5,203.3,199.5,212.8,200.5,212.6,186.0,190.9,171.6,223.8,178.5,183.4,182.7,180.0,180.0,171.8,172.0,174.7,168.2,171.1,168.8,183.4,164.0,164.1,161.5,165.6,182.1,166.2,165.4,160.1,174.3,166.2,201.4,192.6,165.4,166.6,167.6,174.9,162.5,167.0,197.8,142.5,160.3,138.1,217.7,451.6,189.8,171.2,172.1,153.6,163.5,165.4,154.9,164.2,197.8,162.2,173.1,153.3,174.1,223.4,167.1,171.4,171.8,160.4,153.4,166.2,144.6,145.3,158.3,147.6,156.4,144.6,136.2,146.1,140.0,135.4,161.4,189.0,174.0,180.3,167.2,191.2,144.7,135.6,171.2,156.3,153.2,166.1,171.3,181.8,155.2,153.6,154.5,182.6,144.7,131.9,148.7,193.0,186.6,182.6,146.5,174.9,195.9,171.1,182.6,168.6,149.2,195.4,158.8,147.0,169.9,154.2,143.2,152.7,203.3,149.7,187.2,155.9,187.5,176.7,181.4,123.0,182.6,217.4,221.4,204.0,121.0,117.1,156.2,140.1,153.2,173.6,110.4,125.3,140.9,131.4,202.7,166.3,174.7,151.6,,199.3,162.4,,135.5,136.9,159.6,159.2,155.1,171.5,167.6,155.7,165.2,158.6,174.0,150.1,146.9,148.9,148.8,152.9,164.9,158.4,120.4,227.1,171.8,127.4,167.9,200.9
2022-06-01,172.6,170.64702623,169.87293869,173.8,174.9,155.0,219.4,170.8,165.8,200.9,169.7,182.3,164.3,119.9,187.1,167.9,183.9,194.3,176.0,177.1,169.9,166.8,176.0,167.5,166.4,175.4,161.1,165.8,169.0,169.4,82.0,153.6,147.0,152.2,159.9,76.2,164.1,161.1,160.3,157.9,190.8,144.3,169.5,173.2,174.8,196.5,177.1,175.5,198.5,166.5,228.3,212.2,217.1,238.6,201.6,196.9,170.8,165.8,165.2,160.3,169.0,165.4,200.8,182.6,228.6,216.2,166.3,171.4,221.9,158.1,196.2,124.2,195.3,217.7,247.5,210.0,,191.6,173.7,159.2,128.4,,,160.9,157.5,140.0,171.2,229.1,154.6,214.3,155.0,211.2,172.0,152.2,184.3,175.9,163.2,234.1,192.9,134.1,126.5,194.0,292.8,179.9,214.3,210.7,174.5,131.1,123.0,148.4,206.9,189.9,173.8,164.6,170.7,132.4,157.1,146.0,151.6,159.7,178.6,177.7,220.4,178.8,186.4,163.5,152.4,175.7,164.4,115.1,144.2,162.8,155.0,153.0,139.8,171.8,157.2,157.6,177.4,228.7,189.1,182.1,200.5,165.1,175.1,193.5,180.9,181.0,184.8,155.3,173.8,146.3,118.1,153.9,149.1,151.9,181.7,188.6,227.5,190.3,175.3,199.5,200.7,213.5,201.2,213.0,186.7,193.1,172.8,224.9,180.4,183.7,184.1,181.5,180.7,173.5,172.8,176.2,169.5,172.6,169.8,184.8,166.2,166.9,161.9,164.4,183.7,167.7,166.1,160.3,175.6,169.9,202.7,193.7,166.8,168.1,169.1,176.6,163.4,166.2,199.2,142.7,161.7,136.4,221.1,485.1,198.2,162.2,170.7,135.0,164.7,170.2,154.5,164.3,200.1,163.2,174.4,154.6,174.0,225.9,168.0,172.4,173.1,162.0,154.4,166.4,145.7,146.5,158.3,148.3,156.8,145.1,137.0,144.2,139.5,136.5,163.4,190.3,174.4,182.0,167.0,193.1,144.7,136.1,172.4,157.0,154.1,166.1,172.4,183.0,157.3,154.5,155.0,180.6,145.2,132.8,149.2,194.2,187.7,183.3,146.7,176.3,196.8,171.8,182.6,169.1,149.3,196.0,159.1,147.3,170.8,155.3,143.8,143.3,192.8,150.4,187.5,155.8,188.8,178.1,181.7,108.9,186.2,215.8,221.4,204.6,121.4,117.2,156.6,140.4,154.4,174.3,114.4,125.3,142.2,129.5,203.2,167.4,175.7,153.6,,201.0,162.8,,135.6,140.2,160.0,159.4,156.1,172.9,168.7,155.5,167.7,159.3,175.2,150.6,147.4,149.4,149.3,153.6,165.7,162.0,122.1,227.1,172.2,126.1,170.1,201.8
2022-07-01,173.4,171.92861101,170.81926004,173.8,175.0,156.5,213.0,175.2,166.6,195.8,174.2,182.1,164.3,120.0,190.0,168.4,185.2,194.6,177.3,178.3,171.3,167.8,179.6,168.4,167.4,176.1,161.6,166.3,171.4,169.7,82.0,155.1,148.1,153.6,160.6,76.2,165.8,163.0,160.9,160.0,193.3,146.7,169.5,180.6,174.7,198.9,179.4,180.3,198.0,167.2,228.7,212.5,218.7,219.3,217.5,197.0,175.2,166.6,167.1,161.3,170.6,164.0,195.3,180.1,222.2,208.0,168.1,172.8,220.3,165.2,175.7,136.8,193.2,217.0,243.9,203.1,,188.8,186.0,160.8,137.3,181.0,,,162.1,164.9,173.2,226.9,155.5,215.0,155.2,211.7,172.3,152.9,185.2,194.0,176.6,252.0,205.9,134.4,137.2,201.2,200.9,183.2,233.6,225.1,176.5,138.9,126.5,162.5,229.2,199.7,142.8,170.9,172.2,132.4,157.7,145.5,151.5,158.7,178.5,178.3,215.1,179.7,187.1,163.9,151.8,176.8,164.4,115.0,145.5,163.2,156.1,153.7,143.2,173.7,159.1,158.9,178.0,235.1,189.4,184.4,200.7,165.9,175.3,194.8,182.6,182.2,186.2,155.9,174.1,148.3,118.2,154.3,149.5,152.6,181.0,188.5,230.4,190.7,175.5,196.6,201.8,213.9,201.5,213.4,188.2,192.0,172.5,224.6,181.2,184.2,185.6,182.8,181.4,174.6,174.3,177.4,170.8,174.1,170.7,185.6,168.0,168.3,162.1,164.4,185.6,168.5,167.1,160.1,177.2,171.2,204.2,194.6,168.1,169.5,169.9,178.5,164.8,167.3,200.1,143.1,162.0,136.4,229.9,528.8,205.7,162.1,170.5,138.6,165.8,171.7,154.5,165.1,201.3,164.6,174.7,155.4,175.0,228.0,169.1,173.0,173.4,162.9,155.7,165.9,146.2,147.0,158.9,149.1,156.8,145.9,137.8,144.3,148.8,137.1,163.5,191.1,172.2,183.5,166.9,191.8,144.7,136.3,175.1,157.1,154.8,166.8,173.1,184.4,158.8,155.3,155.8,181.6,145.5,134.4,154.4,195.8,188.7,184.2,146.7,175.5,197.8,172.5,183.2,168.6,149.5,196.8,159.5,148.3,171.9,156.3,144.6,143.0,192.4,151.2,192.3,155.8,190.6,179.4,181.4,108.9,189.1,219.9,221.4,214.0,121.8,117.3,156.5,140.3,151.2,175.0,114.5,125.3,142.6,131.2,202.8,168.4,177.0,154.5,,202.1,163.0,,136.5,140.2,160.0,160.2,157.5,176.0,169.4,156.7,170.9,160.4,176.3,151.1,147.8,150.1,150.0,155.0,166.6,164.5,122.7,227.1,170.4,120.0,169.2,203.1
2022-08-01,174.3,172.57922054,171.67964059,175.1,176.3,160.3,206.5,169.2,168.1,192.4,172.9,186.7,167.2,120.9,193.6,168.8,186.3,195.0,178.5,179.5,172.7,169.0,178.8,169.1,168.5,176.8,161.9,166.9,172.3,171.2,82.0,158.7,152.0,162.6,162.7,76.2,171.5,169.6,165.0,161.5,195.2,148.7,178.9,193.4,177.1,201.6,181.9,180.9,198.2,168.0,228.5,212.1,219.7,202.7,216.7,194.6,169.2,168.1,169.3,163.2,173.0,165.0,190.6,180.4,217.4,202.8,170.5,173.6,217.3,168.3,149.8,138.5,176.1,215.8,244.6,181.6,,176.3,193.3,200.3,,165.6,,,137.4,174.4,171.8,224.9,157.3,213.7,155.5,213.0,173.8,153.8,185.3,200.8,179.9,254.6,228.2,131.1,142.3,213.4,169.5,196.9,261.3,243.6,187.5,141.4,131.1,175.9,260.0,203.6,137.5,178.5,172.8,132.4,164.2,146.5,152.2,159.4,178.7,181.9,213.3,180.2,189.0,162.9,152.4,177.8,164.4,115.7,148.5,164.0,156.8,154.6,145.8,175.8,162.2,159.3,179.2,244.8,188.9,186.4,201.0,165.9,175.0,196.0,183.6,184.4,187.3,156.4,174.6,149.9,118.2,154.7,150.2,152.7,181.0,188.2,232.9,190.9,175.6,198.6,202.6,214.4,202.2,213.6,188.9,193.9,172.8,224.3,181.3,184.9,187.0,184.1,182.4,176.6,175.2,178.5,171.8,175.4,171.8,186.8,169.0,169.3,161.7,164.4,187.1,169.5,168.4,159.4,178.5,172.6,205.7,195.4,169.2,170.9,171.4,180.2,165.8,168.5,201.4,143.2,162.0,136.4,231.2,487.4,212.7,161.9,170.5,137.7,166.5,172.9,152.2,165.0,202.6,165.6,175.9,156.2,175.3,227.2,169.7,173.8,174.4,164.1,157.0,166.9,146.0,147.6,160.7,149.5,159.4,146.3,138.4,144.4,147.2,137.3,163.7,192.2,172.9,184.7,168.3,191.6,148.1,136.6,175.7,158.1,155.4,167.4,174.3,185.1,160.3,156.0,156.8,191.8,146.3,135.1,154.8,197.0,189.3,184.5,146.7,176.3,198.9,173.2,185.6,169.0,149.8,197.8,160.1,148.9,172.7,157.2,145.4,142.5,192.0,151.6,191.8,156.2,190.9,179.9,181.5,108.9,191.0,220.0,221.4,214.0,122.4,117.2,156.8,140.9,155.2,175.1,114.9,125.3,143.5,131.9,202.8,169.4,178.0,155.0,,202.9,163.4,,136.3,140.6,160.2,160.7,158.8,177.1,169.7,156.9,173.8,161.3,177.2,151.5,148.2,150.5,150.5,156.2,166.9,165.9,122.7,227.1,172.5,118.9,172.7,204.1
2022-09-01,175.3,173.28293314,172.38389006,176.7,177.8,163.5,209.2,169.7,169.7,188.7,165.7,191.8,169.1,121.6,197.3,169.4,187.4,195.9,179.9,180.9,174.3,169.5,179.5,169.7,169.5,177.8,162.3,167.6,173.1,170.9,82.0,162.2,157.2,167.1,164.6,76.2,175.3,174.6,168.5,162.7,197.7,150.5,179.5,203.7,179.8,203.7,184.9,181.0,199.0,169.0,229.0,213.0,219.3,211.7,237.2,192.9,169.7,169.7,171.0,164.5,174.7,165.1,187.1,178.5,216.8,195.6,174.0,174.2,212.0,162.6,187.4,173.6,200.2,217.0,248.5,188.4,,172.8,193.9,,,154.2,,,116.8,172.6,173.2,223.6,158.8,213.5,155.6,213.3,174.2,152.4,185.4,200.0,179.5,248.8,252.5,128.0,142.7,222.7,211.4,195.6,264.6,235.1,182.3,139.6,141.5,172.4,269.8,206.2,151.0,182.0,174.4,132.4,168.7,147.0,153.3,159.8,178.8,183.7,212.3,181.6,191.9,162.8,152.6,178.4,164.4,116.3,150.7,164.9,157.1,155.3,146.2,179.9,165.7,160.4,180.1,252.9,190.9,188.2,202.0,166.9,177.4,196.9,185.0,185.8,188.5,157.7,175.1,151.9,119.3,155.2,150.0,153.2,181.3,189.1,235.5,191.8,176.4,200.8,204.0,215.6,203.1,214.2,189.4,193.9,172.7,225.0,181.3,185.5,188.9,185.9,183.6,178.2,177.2,179.9,173.2,177.1,173.0,188.3,170.2,170.2,162.2,164.5,188.8,170.6,169.1,160.0,179.8,173.6,207.7,196.5,170.6,172.6,172.7,182.2,167.3,169.0,202.9,143.4,162.3,138.6,231.2,469.6,213.7,161.9,170.8,139.7,167.8,174.6,153.6,165.9,204.4,166.0,176.5,156.1,175.5,229.1,170.8,174.5,175.4,164.2,157.8,166.8,145.8,147.7,161.2,150.2,159.4,146.3,138.8,142.1,147.5,137.7,163.3,193.3,173.3,185.5,170.2,193.5,148.1,137.1,176.1,158.8,156.6,167.8,175.2,186.2,161.6,156.9,157.6,193.7,146.5,136.3,155.4,199.2,190.4,184.9,147.3,176.6,199.7,174.2,185.6,169.7,150.0,199.0,160.6,149.4,173.7,158.2,146.1,142.5,192.0,152.2,191.8,156.9,191.2,180.4,182.2,108.9,194.3,225.8,221.4,214.0,122.8,117.3,157.0,141.2,155.9,175.3,124.7,125.3,144.2,133.2,203.0,170.6,178.8,155.7,,204.1,164.1,,136.2,138.3,161.3,161.0,160.3,177.9,169.8,157.7,175.9,162.3,178.3,151.8,148.6,151.0,151.2,156.6,166.3,167.5,122.6,227.1,169.2,115.6,171.4,205.0
2022-10-01,176.7,174.29420022,173.39678647,178.6,179.6,165.2,210.9,170.9,170.9,186.5,163.8,199.7,169.8,121.9,199.9,169.9,188.3,196.3,181.0,181.9,175.3,171.2,180.5,170.5,170.4,178.7,162.9,168.2,173.4,172.1,81.5,164.1,159.9,168.7,168.0,75.1,177.4,176.9,170.6,163.7,199.7,151.6,179.5,209.1,180.2,200.2,186.1,179.1,197.8,169.6,229.9,213.2,221.3,218.1,242.2,191.1,170.9,170.9,172.6,165.3,175.7,165.8,184.7,178.5,208.4,191.8,176.9,175.0,206.4,158.4,,202.2,206.4,215.6,248.4,201.3,205.1,169.1,195.2,,,150.6,,,106.7,172.2,183.4,222.3,160.0,213.2,156.1,214.6,174.8,154.4,187.2,205.9,198.2,238.9,249.4,124.8,142.4,228.9,241.0,205.5,253.8,236.9,184.3,145.5,150.1,180.4,309.3,205.2,149.1,187.4,175.9,132.4,170.5,146.9,153.4,160.0,178.3,184.6,208.9,181.2,192.9,163.5,152.7,179.6,164.4,116.6,151.6,166.8,157.3,156.2,146.4,183.7,168.0,160.9,180.6,258.7,190.3,189.9,202.5,167.5,178.7,198.2,185.8,187.2,189.2,157.7,175.5,153.1,119.2,155.5,150.4,153.9,181.6,189.5,234.8,192.9,176.3,200.9,205.0,216.6,203.6,213.6,189.8,188.9,172.6,220.8,181.8,186.2,190.5,186.9,184.8,179.7,179.8,180.9,174.2,178.3,174.0,189.4,170.5,170.6,161.7,165.5,190.2,171.1,170.1,161.0,180.8,175.0,208.7,197.7,171.7,173.5,173.7,183.2,168.3,170.8,203.9,143.4,159.8,139.6,231.2,460.1,220.0,161.7,172.2,140.1,168.7,176.2,155.8,168.1,205.5,166.2,177.0,156.5,176.0,230.9,171.7,176.1,177.0,164.8,158.8,167.0,145.5,148.1,166.8,150.5,159.4,146.4,138.4,141.9,149.0,137.0,163.5,194.2,176.7,185.8,170.9,192.6,148.2,137.5,176.5,159.0,157.2,169.4,175.5,187.1,163.2,157.8,157.8,196.3,147.3,137.0,156.5,200.9,190.9,185.6,152.4,176.8,200.6,175.2,185.6,170.3,150.4,199.8,160.8,149.6,174.9,158.9,146.7,142.4,192.0,152.8,191.8,157.2,192.1,182.1,182.0,108.9,194.7,243.6,221.4,215.9,123.3,117.3,156.9,141.5,158.3,174.8,125.4,125.3,144.6,132.9,203.4,171.6,179.2,156.8,,205.7,164.4,,136.9,138.3,162.0,161.4,161.9,178.2,169.9,157.3,177.5,163.1,179.4,152.3,149.0,151.9,151.7,157.3,167.6,167.7,122.6,227.1,170.4,118.2,171.1,206.5
2022-11-01,176.5,174.97977466,174.06581395,177.0,178.3,167.4,209.4,181.4,172.3,188.9,160.7,183.1,170.5,122.1,202.8,170.4,189.5,196.9,182.1,183.1,176.2,171.8,181.3,171.1,171.4,179.8,163.0,168.5,173.7,173.6,81.5,165.1,161.4,168.7,168.8,75.1,182.5,180.0,172.8,164.9,201.4,152.6,179.5,204.2,184.6,203.9,187.2,180.3,197.7,170.2,230.9,212.4,222.2,214.6,241.1,189.6,181.4,172.3,174.0,166.2,176.9,165.4,187.3,178.5,209.0,194.5,180.1,176.7,204.5,151.3,,199.7,187.6,215.0,246.9,191.7,175.9,164.4,203.4,,,170.8,,,99.2,179.3,181.8,220.5,162.1,212.8,155.5,215.1,174.8,155.0,187.7,198.5,223.7,195.7,221.1,122.5,143.0,202.0,171.2,176.1,182.8,196.5,166.7,148.2,143.0,172.1,265.2,181.7,134.2,181.7,177.5,132.4,172.5,146.4,153.8,160.6,178.6,184.8,208.2,182.2,193.4,162.7,152.5,180.4,164.4,116.9,150.8,166.7,156.2,157.0,146.5,186.5,170.1,161.6,180.8,267.0,190.3,191.2,203.5,168.1,179.6,199.2,187.0,188.4,190.3,158.1,176.0,154.8,119.3,156.0,150.8,154.3,182.5,189.9,234.5,193.5,177.3,202.1,206.3,217.1,204.5,213.8,190.5,188.9,175.5,220.1,181.9,185.8,191.8,188.0,185.7,180.7,180.1,181.7,175.2,179.5,175.0,190.6,171.1,171.2,167.7,166.1,191.3,171.5,171.3,162.1,181.6,177.7,209.3,199.0,172.8,174.4,174.3,184.1,169.0,171.3,204.8,143.6,162.3,139.7,231.7,464.1,221.6,161.7,173.7,140.5,169.9,178.3,159.9,169.5,206.5,166.9,177.7,157.5,176.5,233.8,172.6,180.6,178.1,165.9,159.3,166.9,146.4,148.4,160.4,150.8,158.0,146.7,138.6,142.4,148.9,137.4,163.3,195.2,176.7,186.8,170.4,191.8,148.2,137.7,177.6,159.5,157.5,169.2,175.6,187.2,165.0,158.8,158.6,195.6,147.9,137.6,157.1,202.3,191.6,186.0,151.6,177.6,201.4,176.5,191.3,170.6,151.3,200.8,161.2,150.5,175.8,159.6,147.0,142.4,192.0,153.9,191.8,157.2,192.2,182.4,182.2,108.9,194.7,234.8,221.4,227.0,124.0,117.2,157.0,141.7,157.1,174.6,125.6,125.3,145.8,133.6,203.4,172.5,179.8,157.5,,205.8,164.5,,138.1,138.4,162.0,161.8,163.6,178.4,169.9,157.6,178.6,163.8,180.7,152.7,149.5,152.4,153.0,159.1,167.6,168.2,122.9,227.1,173.0,121.2,172.6,207.8
2022-12-01,175.7,175.46052826,174.51486258,174.1,175.9,169.2,209.0,190.2,173.6,188.5,158.0,159.9,170.8,121.8,205.2,171.0,190.3,197.3,183.0,184.0,177.0,170.7,182.0,172.0,172.1,181.1,163.4,168.9,174.1,175.8,81.5,165.4,161.4,167.3,169.0,75.1,187.7,182.5,175.1,166.2,203.4,153.8,179.5,198.1,192.2,206.6,191.1,180.9,198.0,170.9,231.7,211.1,223.1,212.3,244.8,190.2,190.2,173.6,175.2,166.9,178.8,165.5,188.0,176.7,211.5,192.2,182.5,177.9,202.6,147.6,,183.7,197.0,216.9,241.9,174.2,157.3,159.9,197.7,,,,,,95.8,177.8,172.4,219.6,162.3,212.6,155.7,217.4,174.0,155.1,188.7,173.0,200.9,156.1,175.2,118.1,138.2,167.8,129.4,146.5,132.2,147.8,151.0,162.4,166.5,159.1,155.2,160.2,119.3,177.0,179.1,132.4,173.0,146.2,154.1,161.2,178.5,185.1,207.9,181.9,192.4,164.3,152.3,181.0,164.4,116.7,148.4,165.9,156.2,157.6,146.6,189.0,173.1,162.3,181.8,272.4,191.4,192.6,203.9,169.0,181.2,200.2,187.7,189.4,190.8,158.6,176.6,156.5,119.4,156.4,151.2,154.9,182.6,190.3,234.4,193.9,177.2,206.5,207.1,217.1,205.4,213.4,190.5,188.9,176.7,220.1,182.8,186.1,192.9,188.7,189.1,181.6,181.0,182.4,176.1,180.3,175.8,191.2,171.5,171.4,171.2,169.3,192.2,172.7,172.6,162.3,182.6,178.6,210.6,200.0,173.6,175.1,174.9,184.9,169.6,170.3,205.8,143.6,160.3,139.7,231.6,474.8,228.8,161.7,173.1,142.1,171.0,177.5,163.9,171.1,207.4,167.3,178.4,157.9,177.6,234.1,173.7,181.7,179.7,166.0,159.9,166.7,145.2,149.2,162.2,154.5,158.0,147.2,138.7,142.9,149.0,138.5,166.7,195.9,177.0,188.0,170.8,191.0,148.2,138.1,177.9,160.0,157.7,169.9,176.3,188.7,166.3,159.6,159.3,196.1,147.9,138.2,149.9,204.1,191.5,184.6,155.6,178.1,202.0,178.0,192.9,171.1,151.7,201.7,161.7,151.0,176.7,160.2,147.7,142.5,191.9,154.9,192.1,157.0,192.6,182.7,182.0,107.1,195.0,241.7,221.4,252.7,124.3,117.2,157.3,140.4,158.4,174.1,128.3,125.3,147.2,131.5,211.4,173.6,180.9,158.4,,205.5,164.8,,137.8,138.4,162.2,162.0,164.9,178.6,170.1,158.0,179.2,164.5,181.5,153.0,149.6,152.9,153.7,160.6,168.6,167.8,123.2,227.6,178.8,128.5,174.5,208.9
2023-01-01,176.5,176.27545253,175.44763214,174.8,176.7,173.8,210.7,194.5,174.6,187.2,158.3,153.9,170.9,121.1,208.4,171.4,191.2,198.2,183.8,184.9,177.6,172.1,182.0,172.8,172.9,182.3,163.6,169.5,174.3,178.6,63.9,166.1,160.2,167.0,169.8,90.8,193.2,185.6,176.5,167.1,204.8,154.3,180.1,192.7,197.1,211.1,194.0,181.6,199.4,171.5,233.2,213.0,223.7,213.8,243.7,192.5,194.5,174.6,177.9,168.2,179.2,166.5,186.5,176.0,210.7,189.6,185.3,179.4,200.1,148.3,,136.6,196.6,218.1,242.9,166.3,162.5,165.0,183.2,,,,161.1,,101.2,166.0,167.9,217.9,163.3,216.6,155.0,217.6,173.5,154.2,189.0,143.7,201.4,140.8,154.3,120.8,139.9,157.9,114.6,151.2,116.8,127.7,157.3,204.0,227.6,159.5,116.4,158.7,117.5,180.5,179.7,127.1,173.4,145.8,154.6,161.7,177.7,185.2,207.3,181.2,191.9,163.8,152.5,182.6,164.4,116.0,146.9,165.0,157.9,158.5,146.5,190.8,184.9,162.8,182.5,276.4,191.9,194.6,204.5,170.4,183.3,200.8,188.7,190.4,191.4,159.3,176.8,158.3,119.3,157.0,153.2,155.5,186.5,190.9,233.0,194.2,177.4,212.3,207.5,217.1,205.9,213.5,191.0,188.9,177.4,220.4,181.6,185.9,194.1,189.5,190.7,182.1,181.5,183.1,176.8,181.3,176.5,191.8,172.0,172.3,173.2,170.1,193.1,173.5,173.8,161.5,183.4,179.6,212.5,200.9,174.2,175.9,175.8,185.2,170.4,171.6,207.1,143.5,163.7,139.8,232.1,447.5,235.5,161.7,174.4,141.3,172.6,178.8,168.6,173.3,208.4,168.2,179.1,158.6,178.1,237.5,174.0,183.2,181.3,168.0,159.9,167.1,146.8,150.1,161.5,154.4,158.0,147.6,138.2,143.1,147.5,140.8,167.0,196.7,177.5,189.4,171.6,190.9,148.2,138.1,179.2,160.7,158.6,170.5,176.7,189.6,167.4,160.2,159.8,198.3,148.3,138.5,158.2,205.0,192.0,185.3,154.8,178.8,202.7,179.4,193.2,171.7,154.1,202.5,162.2,153.5,177.8,160.4,147.9,142.5,191.9,155.7,192.1,156.9,192.7,183.4,181.9,107.1,196.0,232.0,221.4,253.0,124.8,117.3,157.4,137.4,168.6,173.1,128.4,125.3,147.0,131.6,211.5,174.6,182.5,158.5,,208.0,165.3,,138.0,138.4,163.3,162.7,166.1,178.7,170.2,158.3,180.2,165.3,182.4,153.4,150.0,152.9,154.8,160.5,168.9,168.2,125.0,228.0,186.0,133.7,176.4,210.1
2023-02-01,176.8,177.03424455,176.30169133,174.4,176.6,175.1,207.3,183.3,176.2,184.0,163.5,150.1,170.4,120.4,209.5,171.9,192.2,199.0,184.5,185.6,178.3,173.5,182.1,173.5,173.7,183.4,164.0,170.0,174.7,179.9,63.9,167.5,160.4,167.6,170.4,90.8,194.7,188.6,179.0,167.5,206.0,155.3,180.1,189.2,199.3,216.8,197.6,182.9,202.6,172.3,233.7,212.7,221.8,203.9,248.4,192.3,183.3,176.2,179.8,169.3,180.0,166.7,181.9,176.7,209.3,184.5,188.1,180.9,195.1,158.8,,172.7,202.9,218.0,248.2,179.5,,172.1,187.0,,,,155.2,,115.4,139.7,169.2,215.6,165.5,217.6,154.7,218.9,172.8,154.5,189.5,119.5,178.3,137.9,141.7,127.8,145.3,153.7,114.5,151.6,107.8,118.2,155.6,236.4,295.4,165.3,106.2,161.8,133.5,186.0,180.3,127.1,173.0,145.0,154.2,162.8,176.9,183.8,203.9,181.7,194.1,164.7,151.8,183.2,164.4,115.4,145.4,162.8,160.5,159.1,147.0,191.9,197.1,162.7,182.1,274.5,190.0,195.0,204.6,171.0,183.9,202.5,189.3,191.2,192.0,160.2,177.1,160.5,119.2,157.1,153.8,156.6,187.6,191.4,233.4,194.5,177.6,218.3,208.7,218.4,206.5,213.6,192.1,188.9,178.5,220.2,182.4,186.7,195.1,190.4,190.2,183.1,182.8,183.6,177.5,181.7,176.9,192.6,172.3,172.5,171.8,170.1,193.8,174.3,175.1,162.1,184.2,194.5,213.6,202.1,174.9,176.8,176.5,185.8,171.1,173.0,209.1,145.0,164.2,139.9,232.1,424.8,237.1,161.8,173.3,140.0,172.0,177.7,168.3,174.1,210.7,168.6,180.6,159.1,176.8,238.7,174.4,182.9,181.2,168.0,160.1,168.0,147.5,150.2,162.8,157.4,159.4,148.1,138.7,144.5,147.5,143.0,168.2,197.4,177.8,190.4,172.4,193.7,149.6,138.5,180.0,161.0,159.3,170.6,177.7,190.5,168.4,161.2,160.2,200.7,148.4,139.0,158.6,206.0,192.7,186.9,159.7,179.2,203.6,180.6,196.9,171.9,155.3,203.7,162.7,155.1,179.5,160.9,148.0,142.5,192.1,156.6,192.1,156.4,193.1,184.2,181.9,108.9,195.6,217.9,221.4,256.5,125.5,117.4,157.6,137.8,167.8,173.1,128.4,125.3,147.8,131.1,211.4,175.5,183.3,158.6,,209.3,165.6,,138.4,140.0,164.7,163.4,167.6,179.0,170.3,159.4,180.9,166.1,182.9,153.6,150.4,153.3,155.5,160.6,170.5,168.7,125.3,228.0,189.1,133.7,178.8,211.1
2023-03-01,177.2,177.41717769,176.76892178,174.9,177.0,174.4,207.7,175.2,177.3,179.2,169.5,152.8,171.1,120.0,209.7,172.3,193.0,199.5,185.1,186.1,178.7,173.5,181.9,174.1,174.2,184.4,164.2,170.3,175.0,181.0,63.9,168.6,159.7,167.3,170.8,90.8,189.8,187.5,178.8,168.0,206.7,155.8,180.1,192.9,199.5,216.0,196.5,183.1,204.4,173.0,234.7,211.8,221.4,202.9,250.3,193.8,175.2,177.4,181.3,170.3,181.1,167.5,175.3,177.9,206.8,177.6,189.4,182.7,191.1,170.6,,166.5,212.8,217.2,257.7,202.2,,174.6,193.0,,190.9,,,,130.2,126.0,170.2,210.6,167.0,220.3,153.7,216.7,171.7,155.5,190.3,110.0,160.8,156.3,146.1,142.9,159.3,161.0,119.3,156.3,118.7,120.1,169.9,231.4,250.4,166.9,125.0,176.8,180.3,191.0,181.6,127.1,175.0,144.7,153.7,164.0,175.9,183.3,202.0,181.4,195.9,165.1,151.6,183.6,164.4,114.9,145.3,160.9,160.9,159.9,147.8,193.3,204.2,162.9,182.0,272.4,189.1,196.0,204.1,171.5,184.4,203.5,190.1,191.7,192.6,160.9,177.5,161.7,119.2,157.5,154.4,157.2,188.1,191.6,234.3,194.9,178.1,226.2,209.6,219.3,206.7,213.6,192.7,190.5,178.7,220.2,182.5,187.1,195.1,190.9,190.3,183.8,182.4,184.4,178.2,182.1,177.5,193.2,173.1,173.2,171.2,170.2,194.7,174.9,175.7,162.8,184.6,195.1,214.9,202.8,175.5,177.6,177.1,185.8,171.4,173.0,210.5,147.0,164.9,139.9,242.1,392.8,238.7,161.9,176.0,140.8,172.0,178.9,168.8,174.0,212.8,169.3,181.4,160.2,180.0,239.0,175.0,182.0,181.4,169.5,161.1,169.4,145.2,150.9,163.3,157.6,159.4,148.6,139.7,145.1,149.4,143.9,169.7,198.1,177.9,190.9,173.5,198.5,152.9,138.9,180.0,161.5,160.4,172.1,178.4,190.6,169.2,161.8,160.8,196.7,148.8,139.6,159.0,207.2,193.2,187.4,156.8,180.0,204.8,181.6,196.8,172.4,155.6,204.7,163.1,155.9,180.3,161.1,148.4,142.5,192.1,157.1,192.1,156.8,193.5,184.7,182.3,108.9,195.9,206.3,221.4,260.1,125.5,117.8,157.6,137.6,168.5,172.8,134.0,125.3,147.9,133.5,204.7,176.5,184.1,159.5,,210.0,165.8,,139.4,140.0,164.8,163.6,168.5,179.1,170.6,159.8,181.3,166.7,183.5,153.9,150.7,153.9,156.4,161.4,170.4,169.1,125.6,228.0,191.7,132.9,178.3,212.5
2023-04-01,178.1,178.29961212,177.80788584,175.9,177.9,173.8,209.3,169.6,178.4,174.9,176.3,155.4,173.4,121.3,212.9,172.9,193.5,200.6,185.7,186.9,179.2,175.2,181.7,175.0,174.6,185.0,164.5,170.7,176.4,184.0,63.9,169.4,160.0,167.1,171.6,102.6,185.9,185.6,178.6,168.6,207.2,156.3,179.4,196.4,197.7,216.3,197.0,182.8,204.6,173.5,235.9,211.8,219.8,204.5,259.5,196.0,169.6,178.4,182.7,172.0,182.2,169.3,169.2,178.0,204.6,171.1,191.7,185.0,188.1,174.5,261.5,141.6,232.1,216.3,263.3,224.1,,184.8,186.8,200.8,175.8,,,,143.5,120.7,168.4,206.6,167.7,221.4,153.3,217.8,172.3,155.4,191.9,120.5,154.2,184.5,161.2,152.0,185.8,172.4,113.7,166.6,142.4,129.2,164.4,193.3,196.5,155.1,163.1,188.7,205.0,184.4,183.0,126.8,179.8,145.9,154.4,167.5,175.6,184.5,201.9,183.0,196.6,165.1,152.2,184.2,164.4,116.2,146.8,167.6,159.7,160.3,147.9,194.0,218.7,162.9,182.3,278.6,189.9,196.1,203.7,172.0,185.3,204.0,190.5,192.6,193.1,161.3,178.1,162.9,119.3,158.0,155.2,158.0,190.8,192.5,232.2,195.5,180.0,228.5,210.7,219.8,207.3,214.4,192.7,190.5,179.2,219.8,182.2,188.2,196.1,191.5,191.2,185.0,183.1,185.3,179.2,182.4,177.9,194.1,173.8,173.7,169.9,169.4,195.5,175.8,175.6,162.3,185.1,195.0,216.3,203.8,175.8,178.3,177.9,186.1,172.2,174.7,211.2,147.6,165.1,140.6,241.8,380.6,238.8,161.8,177.1,140.0,172.1,180.7,168.1,174.7,213.9,169.9,182.0,161.0,181.5,241.3,175.6,181.6,181.7,171.1,162.7,171.4,146.0,151.5,163.5,156.5,159.4,149.5,139.7,145.8,148.7,144.1,170.3,198.9,182.1,192.2,174.4,202.9,152.9,139.2,179.1,161.7,161.2,174.0,178.7,194.0,169.4,162.3,161.0,192.4,148.9,139.9,159.5,208.4,194.1,186.9,156.8,180.8,205.4,182.4,194.7,173.0,156.7,205.1,163.5,157.3,181.2,161.5,148.3,142.7,192.4,157.2,195.0,157.0,193.9,185.1,182.2,108.9,196.8,203.2,232.0,262.5,125.7,117.9,157.8,136.9,168.5,172.2,133.7,125.3,149.2,133.1,207.0,177.4,184.7,160.3,,210.0,166.0,,140.1,140.1,165.0,164.2,169.6,180.8,171.6,160.7,182.0,167.2,184.2,154.1,150.9,154.2,157.2,162.1,170.8,170.4,125.6,233.8,200.1,141.4,181.7,213.3
2023-05-01,179.1,178.95703731,178.40131078,177.2,179.1,173.7,214.3,173.2,179.5,170.0,172.2,161.0,175.6,122.7,218.0,173.4,194.2,201.0,186.2,187.3,179.7,175.6,182.8,175.7,175.2,185.7,164.8,171.2,177.1,185.2,64.0,170.2,160.4,167.6,171.4,102.6,183.9,183.2,177.4,169.4,207.6,157.0,180.3,198.9,198.3,213.4,195.9,193.4,206.8,173.7,237.1,212.8,222.4,216.1,261.2,197.8,173.2,179.5,184.3,173.8,182.6,170.7,162.9,177.1,202.7,164.1,192.8,186.3,184.9,168.2,206.4,124.8,222.7,214.9,268.2,227.9,,189.5,184.7,159.3,142.9,,,184.7,156.0,131.8,168.5,203.2,167.9,220.8,153.1,218.2,173.5,155.3,191.9,137.1,153.4,212.7,172.1,167.3,250.8,181.8,116.2,173.5,172.0,144.1,160.2,158.0,175.1,148.7,169.5,194.6,188.4,176.2,184.2,127.1,184.4,146.2,155.1,169.5,175.0,186.4,201.8,184.3,196.6,165.5,152.5,184.4,164.4,117.5,149.9,165.9,162.0,160.9,147.8,194.7,245.7,163.5,182.4,282.8,191.0,197.5,203.4,172.5,185.5,204.4,191.5,193.2,194.0,161.6,178.4,164.2,119.3,158.1,155.8,158.8,191.8,191.9,232.7,195.5,180.6,227.7,212.2,221.3,207.6,214.7,193.5,188.9,181.2,220.0,182.8,189.6,196.8,191.8,190.5,185.6,183.6,185.7,179.6,182.8,178.3,195.0,174.2,174.4,169.0,165.1,196.3,176.4,176.5,162.5,185.7,195.1,217.1,204.6,176.5,178.5,178.4,186.7,172.7,175.0,212.2,147.9,164.7,145.3,241.6,365.3,259.0,161.8,178.1,140.4,172.1,180.4,169.4,175.4,215.1,170.6,183.6,160.6,183.5,247.7,176.1,180.7,182.4,170.3,163.8,169.4,146.8,152.0,163.7,157.8,159.4,149.8,140.8,146.2,148.7,143.7,173.4,199.6,178.1,192.9,176.9,206.2,152.9,139.8,180.1,162.0,161.2,174.9,179.2,194.1,170.1,162.5,161.5,191.2,149.0,139.9,160.0,209.5,195.4,187.3,149.9,182.1,206.0,183.1,196.0,173.4,157.1,206.0,163.8,158.8,181.8,161.9,148.6,142.7,192.5,157.6,194.8,156.8,194.1,185.5,182.9,108.9,197.2,205.5,232.0,262.5,126.4,118.5,158.2,136.3,168.3,172.6,133.5,125.3,149.5,133.6,207.8,178.2,185.5,160.0,,211.5,166.5,,139.5,143.4,164.9,164.9,170.5,181.6,172.0,162.5,181.9,167.6,184.7,154.5,151.4,154.7,157.7,179.0,171.3,171.8,126.2,232.5,203.0,143.9,186.6,214.1
2023-06-01,181.0,179.10236424,178.55319239,181.7,183.1,174.8,222.6,182.8,180.0,164.4,172.0,181.1,181.7,123.5,223.1,174.0,194.8,201.5,186.8,188.0,180.2,174.4,182.9,176.2,175.7,186.3,165.1,171.8,179.1,184.7,64.0,172.0,161.9,169.9,171.7,102.6,184.4,183.1,177.5,170.1,208.1,157.1,180.6,199.2,201.7,213.0,194.7,184.1,209.1,174.0,237.5,214.5,223.0,235.0,262.4,202.6,182.8,180.0,186.5,175.2,183.5,173.1,155.6,175.5,199.5,156.5,194.1,187.1,180.2,164.9,182.2,133.3,197.1,212.3,270.3,220.1,,195.3,191.1,129.7,142.7,,,198.7,167.5,155.6,180.7,201.3,169.8,223.6,152.7,218.0,174.7,155.7,193.9,151.6,166.0,243.8,210.0,189.3,314.5,194.3,193.1,195.6,204.0,166.2,181.9,150.8,149.2,153.9,179.0,217.2,161.2,179.6,185.8,127.1,200.3,147.1,156.1,171.7,174.6,189.6,200.6,185.2,197.2,165.9,152.9,185.9,164.4,118.2,153.2,168.3,163.7,161.4,148.4,195.3,274.5,163.9,183.0,285.9,191.1,198.6,203.5,173.0,185.5,205.1,192.3,193.3,194.5,162.3,178.9,167.6,119.3,158.8,156.3,159.7,192.6,192.0,233.4,195.3,181.4,224.3,212.9,222.2,208.2,216.0,194.0,188.9,182.6,220.6,183.3,189.7,197.2,192.3,191.7,186.1,184.7,186.3,179.9,183.1,178.8,195.8,175.6,175.9,171.3,166.5,197.3,176.8,177.1,160.3,186.4,195.2,218.1,205.7,176.9,179.0,179.4,187.1,173.2,173.8,213.6,148.1,165.0,148.3,241.5,355.3,255.8,161.7,176.1,140.3,172.6,180.6,168.0,176.0,215.6,171.0,183.9,161.6,184.2,253.4,176.5,181.5,182.4,171.7,164.2,169.0,147.4,152.9,166.4,157.7,161.8,150.0,141.4,146.2,148.7,143.7,176.7,200.6,182.3,193.8,176.2,208.1,152.9,140.1,180.2,163.5,162.6,170.7,180.0,195.3,170.6,162.9,161.7,188.5,149.3,140.2,160.3,210.8,195.8,187.4,150.7,182.4,206.5,183.8,197.0,173.6,156.2,206.8,164.1,159.1,182.7,162.1,148.6,142.8,192.6,158.0,195.5,156.8,194.3,186.0,183.1,110.1,200.0,205.5,233.6,262.5,126.5,118.4,158.5,137.1,164.4,172.8,133.4,125.3,150.2,135.3,209.2,179.2,185.9,160.3,,212.1,167.1,,139.1,144.5,165.1,166.4,171.5,184.0,172.9,162.7,182.4,168.3,185.3,154.8,151.6,155.6,158.4,179.3,172.6,175.3,126.2,232.7,200.0,142.4,184.6,214.8
2023-07-01,186.3,180.13952715,179.26312896,193.8,193.5,176.9,217.8,181.9,180.5,162.9,179.6,250.2,186.2,124.5,231.2,174.5,195.3,202.1,187.3,188.4,180.7,175.3,186.2,176.9,176.1,187.0,165.6,172.5,180.9,184.8,64.0,175.4,166.1,171.3,172.4,102.6,185.7,183.4,178.4,170.6,208.8,157.4,177.9,198.3,204.1,210.2,196.7,181.9,211.0,174.8,237.6,215.0,223.5,220.0,264.6,203.5,181.9,180.5,188.6,176.4,183.9,172.3,152.9,177.1,197.7,154.4,194.8,188.1,178.7,170.0,173.3,170.3,192.0,210.7,267.7,216.2,,196.3,201.6,133.8,137.0,262.4,,,184.8,177.8,191.1,198.3,173.3,229.0,152.7,221.0,175.7,156.1,195.4,168.2,197.4,282.9,227.6,228.4,380.3,218.6,606.9,241.7,268.8,204.6,265.3,172.4,172.2,191.3,227.8,239.6,136.7,202.1,185.6,127.1,211.4,147.9,157.1,173.2,174.9,192.4,200.0,184.3,200.5,166.0,153.2,187.7,164.4,119.0,155.7,169.9,163.6,162.0,148.7,195.6,320.0,164.6,184.1,289.5,195.5,199.8,203.9,173.6,185.5,205.7,192.7,194.4,195.4,162.7,179.3,171.0,119.4,159.1,156.9,159.9,193.2,193.1,238.7,196.2,181.2,220.1,213.6,223.7,208.4,216.6,194.3,188.9,186.1,220.3,183.0,190.5,197.3,192.6,192.1,186.6,184.7,186.6,180.2,183.5,179.3,196.1,177.0,177.7,166.1,164.9,198.1,177.4,176.6,160.0,186.8,195.3,218.7,206.6,177.5,179.5,180.0,187.5,173.6,174.7,214.6,147.6,161.6,154.7,241.3,358.2,249.6,161.8,176.4,139.5,173.4,181.8,171.3,176.6,216.9,171.5,184.0,162.0,183.8,257.3,177.4,181.4,183.5,172.7,163.8,162.9,147.0,152.5,163.4,158.3,162.6,150.0,142.4,145.4,148.7,143.0,176.3,201.1,178.8,193.5,177.2,207.4,152.9,140.9,181.5,164.2,163.3,174.9,180.5,195.6,171.0,163.2,162.4,189.9,149.5,140.8,161.0,212.2,195.8,188.7,151.9,183.6,207.4,184.3,196.6,174.0,157.1,207.9,164.4,160.6,183.8,162.4,149.2,142.8,192.7,158.5,195.7,156.8,194.6,186.5,183.6,110.1,202.6,206.0,233.6,262.5,127.1,118.5,158.8,136.2,165.2,172.4,132.4,125.3,150.8,133.3,209.4,179.7,187.0,161.2,,213.7,167.6,,141.5,144.7,165.6,168.5,172.3,186.2,173.5,163.5,182.6,169.2,185.7,155.0,152.1,156.5,159.2,154.5,171.1,177.3,126.4,232.8,198.9,143.9,183.2,215.7
2023-08-01,186.2,180.7313816,179.89718816,192.5,192.5,179.3,214.1,176.5,181.2,162.9,179.8,235.4,189.0,125.5,238.5,175.0,196.2,203.0,187.7,188.9,181.0,176.4,186.5,177.4,176.6,187.7,165.9,172.9,181.7,185.1,64.0,178.6,170.4,174.1,175.1,102.6,187.5,184.6,179.5,171.3,209.3,157.6,177.9,200.7,207.6,213.4,197.3,184.2,215.4,175.2,236.7,214.2,223.8,213.2,264.6,200.3,176.5,181.1,192.7,177.7,185.1,172.6,153.3,180.8,195.9,153.2,194.9,188.5,178.1,172.0,176.7,180.6,185.1,209.9,265.6,184.3,,184.1,206.0,157.9,,209.4,,,166.4,189.3,185.9,195.8,178.2,229.5,152.4,224.2,177.4,155.8,195.9,172.1,221.8,284.6,218.6,258.5,367.4,216.5,473.2,223.8,271.4,212.4,221.5,149.8,143.1,183.0,249.3,217.8,123.3,193.3,187.3,127.1,217.2,150.6,159.9,174.2,174.8,194.3,202.5,182.7,203.6,168.2,154.9,188.2,164.4,120.1,157.8,168.2,166.5,162.7,150.4,195.8,354.4,168.9,190.2,292.0,198.8,201.8,204.6,174.2,185.8,206.8,193.3,194.9,196.4,163.0,179.8,174.3,119.3,159.2,157.3,160.1,193.8,195.3,237.0,197.5,181.6,218.6,214.8,225.1,208.8,218.5,194.3,188.9,188.5,220.4,183.6,191.3,197.5,193.1,193.6,186.9,185.7,187.1,180.7,183.6,179.8,196.5,177.4,177.9,167.3,164.3,198.7,178.0,176.4,160.3,187.4,194.9,220.3,207.4,178.0,180.0,180.6,187.8,173.9,175.8,215.4,147.5,161.6,154.8,241.0,365.1,249.4,161.8,177.0,140.0,173.5,181.9,170.3,177.7,217.7,171.3,184.5,162.1,184.9,263.3,177.9,181.3,183.8,173.6,164.1,159.7,146.5,152.7,162.6,158.3,161.1,149.9,142.4,145.4,148.7,141.8,174.7,201.7,179.3,194.0,178.2,205.6,152.9,141.3,183.4,164.2,163.4,176.6,180.9,194.4,171.1,163.3,162.9,192.7,150.2,140.8,161.3,212.8,196.5,189.7,147.3,184.6,208.8,185.1,196.6,174.3,158.2,208.5,164.8,161.4,184.7,162.6,149.4,142.8,192.7,158.9,196.1,156.9,195.6,186.9,184.6,110.1,203.7,196.2,233.6,262.5,127.5,118.5,158.8,136.5,165.8,172.0,132.3,125.3,151.0,135.3,209.4,180.6,187.4,161.6,,215.7,168.0,,140.6,145.6,166.6,169.1,173.0,187.1,174.2,164.4,183.1,169.7,186.2,155.2,152.3,157.6,159.9,158.1,171.3,178.2,126.7,234.2,198.5,143.6,185.0,216.6
2023-09-01,184.1,180.06400074,180.17448203,188.4,189.0,181.4,217.7,180.7,181.5,162.2,177.8,198.4,196.7,127.2,242.9,175.4,196.7,203.5,188.1,189.3,181.4,176.2,179.3,177.8,176.8,188.3,166.0,173.3,182.2,185.5,64.0,181.5,173.9,175.9,178.0,102.6,189.2,186.1,180.9,171.4,209.7,157.6,177.9,201.6,210.1,215.3,198.8,185.2,219.1,176.0,238.1,216.2,222.8,225.0,268.5,197.8,180.7,181.5,194.3,178.0,185.3,173.9,152.6,182.3,196.6,151.4,195.0,189.3,177.0,170.5,177.1,214.2,196.5,210.9,268.7,189.9,,177.6,207.9,,,205.7,,,145.2,199.2,193.9,193.8,179.7,230.7,151.8,223.9,177.6,156.2,197.1,168.8,243.9,254.0,199.6,269.8,328.6,214.5,166.2,198.0,247.2,200.1,187.0,130.5,140.4,170.5,262.5,195.4,136.0,177.4,188.3,127.1,231.6,158.2,168.0,177.7,176.3,198.3,206.4,186.4,206.8,175.9,160.0,190.3,164.4,121.8,159.9,166.5,163.8,162.8,149.9,196.4,369.2,173.3,194.8,293.6,202.0,203.2,206.0,174.6,186.6,207.4,193.7,195.0,196.9,163.3,180.0,177.0,119.4,159.0,157.7,160.3,193.9,195.4,239.6,198.0,181.7,217.5,215.8,226.0,209.3,219.2,194.8,188.9,189.8,220.4,183.7,192.0,198.2,193.5,193.9,186.9,186.3,187.4,181.0,183.8,180.6,197.1,177.7,178.3,167.9,166.2,199.1,178.5,177.1,159.3,187.6,195.5,221.0,208.4,178.3,180.4,180.6,188.0,174.6,175.6,216.0,147.8,161.9,154.1,201.8,388.1,254.5,161.8,177.3,140.4,173.4,183.4,170.4,178.2,218.2,172.0,184.9,162.5,185.2,264.9,178.4,181.4,184.4,173.1,164.5,158.1,145.7,152.8,169.4,159.3,161.1,150.4,141.9,145.8,148.7,142.2,175.2,202.0,180.0,194.4,179.6,206.0,149.6,141.5,183.7,164.7,163.4,177.2,181.0,194.0,170.9,163.5,163.0,196.2,150.4,141.1,166.2,213.3,196.7,190.6,144.0,184.9,209.6,185.8,198.2,174.5,159.3,208.9,164.9,161.5,185.3,162.6,149.4,142.8,192.7,159.3,196.3,157.3,195.9,187.1,184.7,110.1,202.9,191.0,233.6,262.5,127.2,118.6,159.1,136.2,171.9,172.0,132.0,125.3,151.4,140.7,210.7,181.1,187.7,162.5,,217.4,168.1,,141.3,145.6,166.5,169.7,173.5,187.5,174.8,165.7,183.3,170.1,186.6,155.4,152.5,157.8,160.7,162.1,171.7,178.0,126.7,234.2,198.8,144.2,187.3,217.5
2023-10-01,185.3,180.66510898,180.79021142,190.4,190.9,182.9,217.8,186.8,181.9,160.9,179.1,205.3,201.8,128.6,245.3,175.9,197.2,203.9,188.8,190.0,181.6,177.7,179.8,178.1,177.1,189.2,166.1,173.7,182.2,185.6,63.6,183.2,176.1,176.3,180.0,102.6,190.9,187.1,182.2,171.7,210.4,157.6,176.9,203.5,213.1,215.6,198.1,188.0,221.4,176.3,238.9,217.4,223.8,223.9,270.7,198.4,186.8,181.8,197.0,178.4,185.7,174.9,152.0,181.6,195.8,148.5,195.1,190.4,176.1,174.9,,178.5,197.3,212.0,271.6,207.1,204.6,171.7,219.8,,,222.7,,,137.3,205.5,204.7,192.0,179.5,231.9,151.7,223.7,178.5,156.1,198.7,169.4,282.2,241.1,199.9,275.5,306.8,230.2,135.3,220.1,238.2,199.1,193.9,147.8,167.1,179.7,286.9,212.2,150.0,189.8,188.7,127.1,240.3,163.4,173.3,180.4,178.0,201.7,210.3,184.5,209.5,180.0,163.8,191.6,164.4,123.4,160.6,167.5,162.5,163.3,150.3,196.7,377.8,176.4,197.6,294.4,203.6,204.3,206.4,174.8,186.5,208.1,194.1,195.4,197.1,163.8,180.5,178.9,119.4,159.0,158.2,160.4,194.2,196.1,242.4,198.4,181.5,219.5,216.1,226.8,209.0,219.9,195.4,188.9,191.9,220.8,184.1,192.5,198.6,194.0,194.9,187.2,186.9,187.8,181.3,184.1,180.9,198.0,177.9,178.7,175.2,166.8,199.6,179.3,177.3,159.0,187.8,196.4,221.8,209.0,178.8,180.7,181.0,188.0,174.9,177.2,216.9,148.3,162.8,154.1,201.8,401.9,257.7,161.8,177.8,140.4,173.7,185.2,170.9,179.6,219.2,172.2,185.1,163.3,185.5,264.9,178.9,181.3,184.5,174.0,164.4,158.6,145.8,153.3,163.6,159.9,161.1,149.9,142.2,147.1,148.5,140.0,176.3,202.4,180.7,195.7,180.5,205.2,149.6,141.9,184.5,166.5,163.6,178.1,180.7,194.2,170.9,164.1,163.1,200.6,150.8,141.0,162.1,214.8,196.9,189.7,146.0,185.2,210.5,186.7,203.3,174.9,160.2,209.4,165.1,161.8,185.7,162.7,149.5,142.8,192.8,159.6,196.4,157.4,195.8,187.6,185.1,110.1,202.7,195.3,233.6,262.5,127.5,118.8,159.2,135.7,173.1,171.6,132.2,125.3,151.7,141.3,211.5,181.8,188.1,162.7,,218.5,168.6,,141.7,145.6,167.6,169.6,173.7,187.6,174.8,165.9,183.6,170.5,187.0,155.6,152.9,158.6,161.3,162.3,172.6,177.8,126.9,235.1,198.6,142.2,187.2,217.9
2023-11-01,186.3,181.04671223,181.212537,192.4,192.6,184.6,214.0,192.1,182.2,160.4,178.4,215.5,205.1,130.1,246.4,176.5,197.5,204.4,189.2,190.5,182.0,177.9,179.9,178.6,177.4,189.7,166.4,173.8,182.4,187.2,64.0,184.6,177.0,176.5,181.3,102.6,194.1,189.1,183.4,171.9,211.3,157.7,176.9,203.7,215.7,216.6,200.2,188.3,224.9,176.6,239.8,218.4,223.1,212.8,265.4,197.3,192.1,182.2,198.5,178.5,185.7,174.5,151.7,180.3,201.5,147.6,195.4,191.8,174.6,176.3,,162.0,194.0,216.1,273.9,207.9,157.9,164.7,222.2,,,177.9,,,132.7,198.6,204.1,191.4,180.2,232.2,151.7,222.8,178.0,156.4,199.8,167.6,416.8,198.1,196.4,290.7,291.3,197.6,190.6,187.3,171.7,179.0,174.3,158.7,166.3,172.8,251.1,206.2,144.3,187.8,188.6,127.1,245.6,165.5,176.1,182.0,178.8,206.6,213.2,186.3,211.9,182.4,166.1,192.5,164.4,125.2,159.5,168.1,162.6,163.2,152.0,196.9,378.7,178.7,199.3,295.1,205.9,205.4,207.2,175.2,188.8,208.4,194.2,196.1,197.5,164.1,181.1,180.0,119.5,159.1,158.2,160.5,194.3,196.6,242.5,198.7,181.2,222.0,216.3,227.2,209.2,220.0,196.4,188.9,191.7,222.2,184.5,193.9,198.7,194.8,197.5,187.5,187.4,187.7,181.7,184.2,181.5,198.3,178.0,178.7,176.8,167.7,200.3,179.4,177.2,160.0,188.2,196.6,222.1,209.5,179.3,180.9,181.6,188.1,175.6,177.4,217.5,147.5,163.5,154.3,202.1,393.0,260.5,161.8,177.7,140.4,174.3,184.0,175.4,179.1,220.0,173.4,186.0,164.0,186.8,265.6,179.4,182.8,185.8,174.8,164.2,159.4,145.5,153.4,164.2,160.5,161.1,149.5,142.1,145.1,148.6,140.2,177.2,203.3,181.4,196.1,181.2,205.3,149.6,142.1,183.7,167.2,163.8,177.7,181.2,194.5,171.2,164.2,163.5,199.4,151.1,141.1,162.5,215.2,197.1,190.6,146.1,186.8,211.2,187.5,204.8,175.2,160.7,209.5,165.3,162.7,186.1,162.8,149.5,142.8,192.8,159.7,196.4,157.2,196.1,187.8,185.5,110.1,203.7,198.3,233.6,262.6,127.6,118.8,159.3,136.2,172.4,171.3,132.2,125.3,151.5,141.6,211.5,182.3,188.4,162.9,,218.8,168.8,,141.3,145.6,167.5,169.9,174.0,187.6,175.0,168.5,183.9,170.9,187.4,155.8,153.1,158.9,161.7,162.2,172.7,177.5,127.3,235.1,203.3,144.3,189.2,218.3
2023-12-01,185.7,181.16049132,181.29938689,190.7,191.2,186.0,211.3,198.5,182.4,160.3,175.5,204.1,206.2,130.6,245.6,176.7,198.1,204.5,189.6,190.9,182.4,176.9,180.2,179.0,177.9,190.3,166.6,174.1,182.5,188.6,64.0,185.8,177.1,176.7,182.8,102.6,196.5,190.1,184.1,172.2,211.9,157.7,177.7,201.5,219.7,219.9,202.9,177.2,228.4,177.0,240.5,218.1,223.5,204.0,271.7,198.0,198.5,182.4,199.5,178.9,186.2,175.0,151.6,179.4,205.0,147.4,195.4,192.4,174.1,172.1,,164.4,181.1,218.4,270.9,202.4,156.4,157.6,195.0,,,,,,131.0,194.0,191.4,189.7,179.1,232.6,151.7,221.1,178.7,156.5,200.8,157.7,349.5,167.1,175.7,353.1,274.8,181.7,172.7,193.3,145.6,161.9,161.9,189.1,185.8,177.2,141.6,198.2,136.2,191.6,189.2,127.1,246.4,166.3,177.6,182.4,178.7,209.7,217.6,188.9,213.0,185.7,167.6,194.1,164.4,125.9,158.6,165.9,163.7,163.4,151.9,197.2,371.0,180.1,199.7,294.7,206.5,206.7,207.0,175.8,188.8,209.2,194.4,196.4,197.8,164.5,181.3,181.6,119.4,159.4,158.4,160.6,194.6,196.9,242.9,198.9,181.3,222.5,216.5,226.9,209.2,220.0,196.7,188.9,191.5,222.2,184.7,193.9,198.6,195.1,198.7,187.8,187.8,188.0,182.1,184.2,181.7,198.7,178.3,178.7,178.0,168.2,200.9,180.3,176.6,158.1,188.5,196.8,222.4,209.9,179.7,181.1,182.3,188.4,176.1,176.2,218.1,147.9,164.9,154.4,201.4,382.2,262.3,161.9,178.1,140.8,175.8,184.6,174.6,180.5,220.5,173.3,185.3,164.4,188.2,269.2,179.8,185.7,186.7,174.9,164.4,159.5,146.7,153.5,163.3,161.3,157.1,149.4,142.3,144.8,148.6,139.5,178.2,203.1,181.5,196.2,183.6,206.1,150.3,142.5,183.9,167.5,164.1,178.7,181.8,194.6,171.3,164.5,163.6,201.9,151.3,141.4,163.0,215.6,197.8,191.1,146.1,187.0,211.8,188.2,204.9,175.6,161.8,209.7,165.4,163.2,187.0,163.0,149.8,142.8,192.7,160.0,197.3,157.3,195.9,188.2,185.3,110.1,204.0,196.2,233.6,262.6,127.6,118.8,159.7,136.6,173.4,171.2,132.1,125.3,151.9,143.6,211.5,182.9,188.8,162.8,,219.6,169.0,,141.1,146.1,168.2,170.0,174.2,187.6,175.3,168.7,184.1,171.1,187.8,155.9,153.5,159.1,162.1,162.7,174.3,178.2,127.6,236.1,207.3,147.0,192.3,218.9
2024-01-01,185.5,181.64540081,181.75319239,189.3,190.1,187.4,213.2,205.3,182.7,159.2,171.9,195.6,204.3,130.1,242.4,177.1,198.8,204.7,190.0,191.3,182.7,177.6,180.9,179.4,178.2,191.2,166.8,174.4,182.9,189.1,64.0,187.6,177.2,177.3,183.7,102.6,197.7,190.9,184.5,172.4,212.4,157.6,179.6,200.0,221.5,223.0,204.5,177.5,232.3,177.7,241.7,219.3,226.3,205.2,280.9,201.0,205.3,182.7,199.3,178.9,186.6,175.1,150.2,178.4,207.2,146.2,194.8,193.2,172.6,167.1,,199.7,192.0,218.3,268.0,201.8,158.0,152.8,173.4,,,,113.7,,133.1,165.4,178.4,188.7,178.7,232.1,151.5,221.0,179.3,156.0,201.6,140.9,261.1,162.1,171.8,390.9,270.4,180.4,158.5,202.3,142.8,155.6,168.9,221.6,247.3,182.4,133.9,191.3,136.1,199.7,189.6,127.1,241.2,165.6,177.7,182.1,177.3,210.7,216.4,190.4,212.8,183.8,167.9,195.4,165.5,125.3,158.6,165.3,163.1,163.6,151.8,197.6,350.7,181.7,199.2,292.7,206.2,208.1,206.9,176.6,190.3,210.0,195.1,197.4,198.1,165.2,181.8,183.8,119.5,159.3,158.7,160.4,195.1,197.2,237.2,199.4,181.5,225.9,217.1,226.7,209.3,220.2,197.2,188.9,192.6,223.2,186.4,193.5,199.2,195.5,200.2,187.9,188.1,188.0,182.3,184.4,182.2,198.9,178.0,178.5,180.5,169.2,201.2,181.0,176.5,158.9,188.5,197.1,223.5,210.5,180.2,181.5,182.9,188.2,176.7,176.9,219.1,148.0,165.0,154.4,201.3,383.8,262.6,161.9,178.0,140.8,177.2,184.0,182.2,184.0,221.1,173.6,185.6,164.7,188.5,271.4,180.0,187.2,188.1,175.6,164.4,162.4,146.8,153.8,163.4,162.3,158.5,149.5,142.1,144.8,146.9,139.3,178.2,203.6,181.6,196.5,183.1,205.6,150.3,142.8,183.5,167.4,164.0,178.7,182.0,195.2,171.4,164.6,163.8,206.1,151.5,141.4,163.3,216.7,197.7,191.9,145.0,187.6,212.4,189.1,205.1,175.5,162.6,210.4,165.6,163.8,187.4,163.0,149.8,142.8,192.8,160.1,197.4,157.3,196.3,188.6,185.6,110.1,203.9,196.0,233.6,262.6,127.8,118.7,159.8,137.0,171.8,171.6,132.2,125.3,151.9,143.6,211.6,183.4,189.1,163.1,,220.1,169.2,,141.9,145.0,168.3,170.3,174.7,187.9,176.0,168.7,184.5,171.4,188.1,156.0,153.9,159.3,162.4,162.9,175.5,177.9,127.3,238.2,208.6,145.9,192.8,219.4
2024-02-01,185.8,182.05493166,182.25086681,189.5,190.3,188.5,218.0,202.9,183.0,158.3,171.4,195.5,202.6,129.4,237.8,177.1,199.4,205.2,190.3,191.5,183.0,178.5,180.7,179.8,178.6,191.7,167.0,174.6,183.0,189.3,64.0,189.1,177.4,177.6,185.8,92.6,198.5,190.9,184.9,172.7,213.2,157.8,188.4,198.1,224.7,225.7,205.0,191.1,236.4,178.1,242.2,220.8,229.8,215.4,276.9,204.1,202.9,182.9,200.2,179.1,186.5,175.4,148.9,177.0,214.4,145.3,194.0,193.4,171.0,166.6,,198.2,198.1,219.9,274.2,211.3,,156.0,172.0,,,,158.3,,139.4,133.5,175.3,186.8,177.3,230.9,150.9,222.5,179.0,155.1,203.6,134.3,217.3,165.4,177.0,465.1,266.4,173.3,162.4,186.7,135.9,154.2,173.4,233.1,381.5,189.6,141.2,185.3,163.8,204.3,190.2,127.1,236.7,165.2,177.0,182.4,175.9,210.3,215.5,189.7,212.3,185.9,168.1,196.3,165.8,124.4,158.6,163.9,165.6,164.1,151.6,197.8,326.0,182.6,199.1,288.3,205.0,209.5,206.9,176.9,191.3,210.9,195.5,197.7,198.3,165.4,181.6,185.6,119.6,159.2,158.8,160.8,195.2,198.8,237.5,200.4,181.5,229.3,217.6,226.6,209.5,219.8,196.9,188.9,193.0,223.3,187.3,193.9,199.6,195.6,199.7,188.3,188.4,188.3,182.7,184.6,182.6,199.1,177.9,178.2,179.4,170.7,201.7,181.0,176.9,160.7,188.7,197.1,224.4,211.4,180.6,182.0,182.5,188.5,177.4,177.9,219.8,148.2,165.6,154.4,201.3,377.8,263.5,161.7,177.1,142.0,177.1,184.0,183.3,183.5,221.8,174.2,186.3,165.2,188.9,275.8,180.4,186.9,188.0,176.0,164.1,162.9,148.2,153.9,164.7,163.3,159.2,149.7,142.6,144.9,146.9,139.6,177.7,204.3,181.9,195.8,183.6,206.5,150.4,143.2,185.1,167.4,164.1,178.7,182.4,195.1,171.5,164.9,164.0,208.1,151.7,141.8,164.0,217.9,197.8,191.6,147.1,188.8,213.0,189.8,205.6,175.4,162.5,210.7,165.8,164.4,187.9,163.4,149.9,142.7,192.7,160.4,197.4,157.4,196.6,188.8,185.5,110.1,204.3,199.7,233.6,262.6,127.7,119.0,159.9,136.9,178.5,171.6,132.1,125.3,152.5,143.3,212.1,184.0,189.6,163.6,,220.2,169.5,,140.6,145.4,168.9,170.4,175.2,188.0,176.5,168.5,184.8,171.5,188.4,156.1,154.1,159.9,163.0,163.2,170.9,178.4,127.9,238.2,208.4,144.7,193.2,220.2
2024-03-01,185.8,181.64746952,182.49306554,189.8,190.7,189.0,221.0,193.3,183.3,158.2,174.6,196.1,201.5,128.7,233.6,177.2,199.9,205.7,190.6,191.9,183.3,178.2,175.8,180.2,178.9,192.3,166.7,175.0,183.2,191.9,64.0,190.0,177.8,179.7,187.7,92.6,198.8,191.4,185.1,172.7,213.7,158.2,188.4,198.3,220.5,226.4,205.7,192.0,238.3,178.5,244.0,220.2,233.0,220.3,276.3,206.6,193.3,183.3,202.2,179.5,186.4,175.5,148.8,175.8,213.7,145.7,193.5,194.3,171.7,170.4,,191.2,208.8,221.9,282.4,224.8,,157.3,179.9,,232.5,,,,147.9,128.0,174.5,185.6,176.2,231.2,150.6,221.9,179.3,154.3,204.2,155.0,220.2,179.2,180.2,358.1,268.2,180.1,158.2,185.6,154.3,164.0,192.2,213.6,272.5,192.6,161.3,192.8,199.6,206.6,191.0,127.1,233.8,165.3,177.3,183.0,174.9,209.9,213.4,192.3,211.9,186.4,168.7,196.5,165.8,123.7,157.9,165.3,165.7,164.6,151.8,198.0,306.3,184.6,197.9,282.6,202.7,210.2,206.6,177.1,191.0,211.9,195.7,197.9,198.6,165.9,181.6,187.3,119.5,159.2,159.0,161.3,194.8,200.3,237.3,201.1,181.7,233.4,218.1,226.4,209.6,220.0,197.0,188.9,192.5,224.8,187.5,194.2,200.0,196.0,199.0,188.6,188.6,188.8,182.8,184.7,182.9,199.5,178.3,178.5,178.0,170.1,202.3,181.4,176.9,160.7,189.3,196.9,225.5,212.0,180.8,182.3,183.0,188.7,177.8,177.6,220.6,148.2,166.0,154.5,187.2,363.8,261.3,160.1,178.2,142.0,177.6,185.1,183.3,184.0,222.5,175.0,186.4,166.0,189.6,280.3,180.6,186.5,187.5,176.2,163.9,163.5,148.8,154.4,165.3,163.4,163.8,150.2,142.9,144.9,146.9,140.0,178.9,204.4,182.2,196.3,183.6,208.1,150.0,143.3,185.7,167.6,164.3,179.1,182.5,194.5,171.6,165.0,164.2,204.2,151.9,142.1,163.9,218.3,198.3,192.6,161.8,189.3,214.6,190.4,211.0,175.7,163.5,210.9,166.0,164.9,188.1,163.6,150.0,141.3,190.4,160.9,195.8,156.7,196.9,189.0,185.4,110.1,204.6,197.6,233.6,262.6,127.7,118.9,159.9,137.2,174.5,171.2,132.1,125.3,152.3,139.7,212.9,184.5,190.1,164.3,,219.9,170.1,,141.6,145.4,168.9,170.8,175.6,188.1,176.8,169.3,185.1,171.9,188.7,156.1,154.6,160.2,163.5,164.2,170.9,178.4,125.3,239.5,216.5,147.3,195.1,221.1
2024-04-01,186.7,182.39769117,183.55422833,191.2,191.9,188.8,226.5,181.7,183.7,158.4,185.5,198.6,202.6,128.6,229.4,177.4,200.2,206.6,191.0,192.3,183.5,179.9,174.4,181.2,179.4,192.9,166.3,175.2,183.8,197.7,64.0,190.6,178.2,179.7,188.4,92.6,197.1,191.2,185.6,172.9,213.9,158.2,190.3,198.7,219.2,225.5,205.0,184.4,240.9,178.8,244.6,222.3,235.4,232.9,277.3,209.3,181.7,183.7,203.9,179.9,186.8,178.1,148.5,175.4,214.1,146.5,193.7,194.4,171.7,174.1,,171.9,226.0,225.0,292.9,236.0,,173.1,197.0,252.0,211.5,,,,156.2,137.1,177.0,184.9,176.0,230.2,149.9,221.8,178.6,154.1,204.6,185.1,210.8,207.0,192.4,318.8,287.3,189.8,161.4,179.2,164.7,173.3,194.3,188.9,219.9,179.0,183.4,203.6,217.5,201.7,191.9,127.1,236.2,165.7,176.9,184.2,174.9,210.9,211.0,195.7,212.0,187.3,169.2,196.1,165.6,123.4,158.2,166.0,162.9,165.0,154.0,197.8,282.8,188.8,196.7,277.3,199.5,211.3,205.5,177.2,191.1,212.2,196.0,198.2,199.0,166.3,181.7,188.8,119.5,159.3,159.7,161.7,197.4,201.4,237.5,202.0,185.9,233.9,218.5,225.8,210.2,220.1,197.8,188.9,192.4,224.8,188.2,194.7,200.7,196.3,199.1,189.2,189.0,189.4,183.5,184.9,183.1,199.9,179.2,180.0,176.7,168.7,203.2,181.4,177.1,164.3,189.4,196.8,226.3,212.7,181.0,182.4,183.0,188.9,178.0,179.2,221.8,148.1,171.0,155.9,181.6,384.6,259.2,158.4,175.9,141.2,177.0,185.2,183.7,183.5,223.8,174.9,186.8,166.6,189.1,280.5,180.9,186.7,187.3,176.0,164.0,164.3,149.0,154.7,165.5,163.9,167.3,150.9,143.1,144.8,146.4,140.8,180.7,204.5,182.4,197.0,183.9,211.5,150.1,143.6,187.2,167.5,165.1,179.2,182.7,193.9,171.7,165.3,164.5,208.6,152.1,142.0,164.2,219.0,198.4,193.9,161.8,191.1,215.0,191.1,211.7,176.0,164.2,211.2,166.2,164.8,188.7,163.7,150.1,139.9,188.6,161.3,195.8,153.9,196.9,189.1,185.6,110.1,205.3,197.5,249.1,262.4,127.7,119.1,160.0,137.7,175.9,171.5,132.2,125.3,152.5,139.8,213.1,185.0,190.6,164.3,,219.9,170.4,,141.1,145.4,169.2,171.2,175.9,188.9,177.4,170.6,185.0,172.3,189.1,156.3,155.0,160.5,164.0,164.9,171.5,178.5,125.4,239.5,235.7,157.3,204.1,221.9
2024-05-01,187.7,182.96937569,183.96274841,192.6,193.2,188.8,229.9,186.5,184.2,158.6,183.7,205.1,205.7,129.7,227.3,177.6,200.7,207.1,191.3,192.6,183.6,180.1,176.1,181.7,179.6,193.5,166.4,175.6,184.3,199.4,64.0,191.1,179.3,179.9,189.5,92.6,195.9,190.8,185.7,173.0,214.1,158.2,190.3,198.1,219.7,227.3,205.3,185.2,242.7,178.9,245.6,226.1,237.8,241.5,282.1,209.1,186.5,184.1,204.9,179.6,187.2,178.2,148.9,174.9,214.9,146.3,194.3,194.6,172.6,173.3,,150.2,240.4,227.2,298.7,246.5,,183.6,198.1,199.7,172.3,,,193.2,163.5,149.1,183.5,185.8,175.8,229.6,150.3,222.1,178.9,154.0,206.0,212.9,211.9,237.3,205.0,321.5,300.6,201.1,164.2,186.7,193.2,187.4,192.8,164.5,174.6,167.0,191.0,234.0,218.3,193.3,192.2,127.1,243.6,167.9,178.5,185.3,174.8,212.5,208.5,197.7,212.5,188.3,170.9,197.7,165.6,124.5,160.1,168.1,163.3,165.7,154.5,197.8,268.2,193.4,196.7,274.2,198.1,211.9,205.7,177.5,192.4,213.2,196.3,198.0,199.1,166.5,181.7,190.6,119.5,159.9,160.5,161.7,198.7,202.0,237.5,202.5,187.0,235.9,218.5,226.2,210.8,220.2,198.0,188.9,193.9,224.8,188.3,194.6,201.0,196.7,198.8,189.4,189.8,189.9,183.9,185.0,183.6,200.4,179.9,180.5,177.5,168.1,203.7,181.5,177.1,163.6,189.4,196.7,227.1,213.3,181.0,182.6,183.0,188.8,178.4,179.5,222.9,148.5,171.3,161.2,181.5,382.7,259.9,158.2,176.2,143.1,176.6,185.2,182.4,185.0,223.8,176.0,187.1,171.2,189.2,281.4,181.3,183.3,187.6,176.9,164.0,165.2,149.4,155.1,167.0,164.3,167.3,151.7,143.7,143.7,146.8,140.0,181.2,205.2,182.6,196.7,183.9,215.2,150.1,143.9,186.7,167.1,165.1,180.3,183.2,193.3,171.8,165.6,164.5,207.7,152.4,142.3,164.1,219.5,198.9,194.6,165.5,190.8,215.7,191.8,212.6,175.9,164.3,211.7,166.4,165.5,189.2,164.0,150.6,139.8,188.4,161.9,195.8,153.3,197.0,189.3,186.2,110.1,206.4,197.9,249.1,266.5,127.7,119.2,159.8,138.0,174.0,171.4,132.6,125.3,152.7,140.0,213.3,185.6,190.9,164.8,,221.3,170.6,,141.0,145.5,170.0,171.7,176.3,189.4,177.3,170.8,185.2,172.6,189.6,156.6,155.4,160.8,164.8,164.2,173.0,179.3,125.2,239.5,240.0,164.8,205.4,222.8
2024-06-01,190.2,183.1689324,184.16224101,198.7,198.4,190.1,234.6,190.3,185.4,160.0,184.3,234.2,210.9,130.7,227.7,178.1,201.5,207.7,191.9,193.2,183.9,179.1,176.3,182.2,179.9,194.0,166.7,175.8,185.5,199.9,64.0,193.0,181.5,180.6,190.2,92.6,196.8,191.0,186.0,173.5,214.5,158.3,190.3,197.0,221.7,227.0,205.4,185.2,244.5,179.2,247.1,229.5,240.2,246.9,281.7,215.6,190.3,185.3,206.0,180.1,188.5,178.2,152.1,174.8,215.9,146.5,195.1,194.6,173.5,177.0,192.7,142.1,202.7,227.8,298.8,252.0,,189.5,204.6,177.7,151.5,,,228.3,170.8,159.9,192.9,185.8,175.9,229.7,151.6,221.8,179.8,154.1,206.3,238.9,263.0,270.2,216.1,336.6,321.0,224.3,244.3,218.4,225.2,213.8,220.0,170.4,163.4,186.2,210.1,259.9,202.1,207.5,192.8,132.4,254.1,174.3,183.3,186.2,176.1,214.7,208.0,201.3,213.9,192.1,175.7,199.0,165.6,125.4,163.3,169.9,162.1,166.3,154.8,198.1,264.3,198.2,199.8,272.3,200.2,211.6,206.0,177.9,193.0,214.5,196.8,198.3,199.5,166.7,182.2,193.1,119.5,160.3,161.2,161.9,199.5,202.7,239.3,202.8,188.2,234.2,219.5,226.3,211.4,220.8,198.5,190.3,192.5,225.7,189.1,194.8,202.2,197.2,198.6,189.8,190.3,190.1,184.3,185.0,184.0,200.5,181.8,182.6,177.8,166.5,204.6,182.4,177.9,164.0,189.6,196.5,227.8,214.2,181.4,183.2,183.6,188.9,178.8,178.3,224.2,148.3,171.1,161.4,181.6,369.5,257.6,158.2,176.8,144.9,177.2,184.6,181.8,184.3,224.2,176.5,188.0,171.2,189.2,284.4,181.5,181.9,188.2,177.1,164.2,164.6,150.1,155.4,166.7,164.0,167.3,151.8,143.8,144.0,149.3,140.3,182.0,205.8,181.9,197.4,184.8,217.8,155.3,143.9,186.6,167.6,164.9,179.6,183.3,193.6,171.9,165.6,164.7,208.3,152.8,142.2,164.3,220.2,199.3,195.5,166.8,190.6,216.2,192.3,217.3,176.3,164.6,212.4,166.7,165.9,189.7,164.2,150.7,139.9,188.6,162.3,195.8,153.8,197.1,189.5,186.9,110.1,208.1,196.3,249.1,275.5,127.7,119.3,160.1,138.3,167.9,171.2,132.2,,153.1,140.0,213.5,186.5,191.2,164.9,,220.8,171.0,,141.3,145.5,171.9,171.8,176.8,191.0,178.0,171.2,185.7,172.8,190.3,156.9,155.9,161.1,165.2,164.2,173.6,179.9,124.9,239.5,239.6,172.2,206.5,223.7
2024-07-01,193.0,184.15328777,185.33232558,204.3,203.3,191.3,230.7,194.3,186.0,161.1,186.5,267.3,213.7,131.0,227.9,178.4,202.1,208.2,192.3,193.6,184.3,180.0,176.0,183.7,180.2,194.6,169.9,176.3,187.3,200.4,64.0,194.5,182.9,182.1,191.4,92.6,198.5,191.4,186.7,174.4,214.9,158.5,184.6,196.3,219.7,227.6,207.1,194.8,245.7,179.7,247.0,232.2,242.0,236.4,282.5,214.2,194.3,185.9,207.6,180.6,188.6,179.0,154.6,174.5,216.9,147.0,195.2,194.7,174.3,179.6,194.3,170.2,201.2,226.8,295.6,236.1,,191.3,212.1,168.4,163.5,202.4,,122.7,175.2,172.2,198.2,185.5,176.2,231.0,155.7,222.2,180.1,154.0,208.3,278.9,317.0,300.8,245.6,354.0,333.0,235.2,346.2,244.5,280.3,252.2,229.9,175.4,164.4,208.3,278.7,255.5,180.8,218.4,194.0,127.1,259.0,178.3,186.7,186.3,176.5,216.9,207.7,204.6,215.3,193.8,179.6,199.8,165.6,125.6,165.1,170.4,166.4,167.1,154.7,198.4,260.7,202.0,203.4,270.3,201.4,212.3,206.4,178.4,194.5,215.1,197.0,199.0,199.4,167.1,182.4,196.3,119.5,160.9,161.8,162.1,200.0,203.2,238.3,203.3,189.0,227.6,220.5,226.2,212.4,221.9,198.3,188.9,194.1,234.0,188.6,195.3,202.5,197.4,198.4,190.2,190.1,190.6,184.6,185.2,184.4,201.1,182.3,182.6,178.6,165.1,205.1,182.4,178.0,164.1,189.9,198.0,228.5,215.0,181.8,183.4,184.1,189.2,179.6,179.3,225.4,148.5,168.5,162.2,181.6,353.3,255.6,158.3,174.4,145.4,177.2,183.0,184.5,185.4,225.3,177.2,187.4,170.9,190.2,273.8,182.0,181.1,188.2,179.0,164.3,165.0,150.3,155.8,167.5,163.1,167.3,151.7,144.4,145.3,148.3,140.2,182.9,206.5,181.6,198.4,185.3,217.7,150.1,144.2,186.7,167.5,164.4,180.3,183.5,193.0,172.0,165.9,165.2,208.3,153.4,142.4,164.9,221.2,200.0,195.9,166.8,190.4,217.1,192.8,217.6,176.4,165.7,213.2,167.0,166.1,190.2,164.4,151.0,140.0,188.8,162.6,196.3,154.0,197.3,189.8,186.7,110.1,210.3,196.1,256.9,276.4,127.9,119.4,173.9,140.0,172.0,171.1,132.2,,153.2,142.7,213.6,187.0,191.4,165.7,,221.8,171.5,,141.2,145.5,174.2,172.4,177.4,193.6,178.1,170.8,186.0,173.0,191.0,157.2,156.2,161.6,166.0,165.0,173.6,181.0,125.0,239.5,240.3,174.7,209.6,224.4
2024-08-01,193.0,184.83367196,186.00987315,203.4,202.7,192.4,223.3,189.0,186.5,161.5,191.4,260.7,214.7,131.4,228.1,179.2,203.0,208.5,192.8,194.1,184.8,181.1,176.7,184.3,180.9,195.4,170.4,177.0,188.7,199.9,64.0,195.7,183.9,183.3,192.7,92.6,199.9,192.4,187.5,174.7,215.4,158.9,186.7,197.6,217.9,229.6,208.9,193.6,247.5,180.2,246.3,233.7,246.2,217.6,285.4,211.3,189.0,186.5,209.5,181.1,188.6,179.0,155.9,174.5,226.7,146.2,195.4,194.8,175.0,188.2,191.6,202.3,208.6,228.2,297.2,221.1,,184.0,217.6,174.0,,191.0,,,176.2,197.1,206.2,186.5,175.5,230.9,160.0,224.7,181.8,154.8,209.9,282.4,341.9,307.2,265.1,380.2,319.3,241.9,246.4,250.0,292.8,253.3,215.1,160.6,161.7,205.3,272.6,228.2,171.3,213.2,194.6,120.7,259.3,183.3,190.9,185.9,176.5,216.9,207.7,208.2,217.2,197.0,183.6,201.5,165.6,125.9,166.7,168.2,166.6,167.7,154.9,198.5,256.4,205.0,206.1,269.4,204.5,213.0,206.7,179.0,195.9,216.4,197.9,199.9,200.3,167.4,183.1,199.4,119.4,161.0,162.0,162.4,200.8,204.1,236.7,203.4,189.9,222.3,222.0,225.5,212.9,221.7,199.2,188.9,193.7,234.5,189.8,195.5,202.7,197.7,200.4,190.5,190.8,190.9,185.0,185.7,185.0,201.6,182.6,183.1,177.0,163.0,205.9,183.7,177.5,164.1,190.2,198.0,229.3,216.4,182.2,183.7,184.5,189.6,180.3,180.4,226.8,148.7,170.9,162.4,181.6,367.5,254.3,158.3,174.5,149.2,177.8,184.0,186.0,186.6,226.3,177.4,187.7,171.6,192.1,275.4,182.5,182.0,188.8,179.0,164.3,165.1,150.7,156.3,166.5,164.5,167.3,151.5,144.6,145.7,150.7,138.9,185.8,207.3,183.2,199.4,185.5,217.6,152.8,144.9,187.4,168.7,165.2,181.7,184.0,194.6,171.9,166.2,165.8,214.6,153.9,142.4,165.4,221.8,201.8,197.8,163.9,191.0,218.9,193.6,219.6,176.8,165.8,213.6,167.3,166.7,190.8,164.7,151.2,140.0,188.8,163.2,196.7,154.0,197.4,190.2,187.5,110.1,210.7,197.0,258.5,276.4,127.7,119.9,175.6,140.6,171.7,171.1,104.6,,153.5,142.5,227.4,188.0,191.9,166.5,,223.5,172.1,,142.2,146.2,172.5,173.2,177.9,195.3,179.0,172.0,186.3,173.3,191.8,157.7,156.6,162.0,166.3,165.3,172.9,182.0,124.3,239.5,237.4,167.7,207.7,225.6
2024-09-01,194.2,185.25914296,186.46794926,205.8,204.8,193.8,223.4,192.2,187.0,166.3,191.4,269.9,216.0,131.6,228.0,179.9,203.7,208.6,193.2,194.6,185.0,181.0,176.9,185.0,181.3,196.0,170.5,177.4,189.1,202.2,77.7,196.5,185.1,183.6,193.5,101.8,201.9,195.7,189.3,175.1,215.7,159.0,184.6,196.9,219.6,230.5,210.2,212.6,249.2,180.6,246.8,234.6,246.2,218.1,287.5,210.6,192.2,186.9,210.6,181.2,189.0,179.0,162.1,176.6,243.6,151.0,195.9,195.7,177.1,190.6,173.6,165.9,208.8,236.0,299.4,230.3,,177.1,223.8,,,190.0,,,157.1,204.7,215.5,192.2,175.4,232.2,162.1,224.0,183.3,154.8,211.2,278.8,405.2,300.4,250.1,461.4,295.2,261.5,237.5,239.8,307.8,244.8,207.8,153.4,172.3,197.9,315.5,227.6,187.1,209.3,194.5,126.4,258.1,191.8,197.6,185.6,177.6,217.0,208.6,210.6,217.9,201.8,190.0,203.3,165.6,126.0,168.3,168.1,163.2,168.2,154.9,198.9,251.8,207.5,209.0,268.2,205.1,213.5,207.3,179.4,196.9,217.4,198.3,200.4,201.0,167.1,183.8,202.7,119.3,161.2,162.5,163.1,201.4,203.5,238.2,203.3,191.6,218.4,222.9,226.8,212.9,221.6,199.2,188.9,195.9,240.2,190.4,195.2,203.0,198.4,200.2,191.2,191.3,191.6,185.5,186.1,185.4,202.4,183.0,183.6,176.7,160.4,206.2,183.7,176.9,164.6,190.5,198.3,230.8,217.3,182.4,183.9,185.1,189.7,180.9,180.2,228.0,149.2,171.7,162.4,181.5,360.5,254.2,158.3,175.2,151.9,178.5,183.8,186.1,187.0,226.5,178.2,187.5,172.2,191.4,294.0,183.0,182.3,189.1,179.6,164.2,165.1,150.7,157.0,166.1,163.5,170.3,151.4,144.5,146.9,151.4,137.7,186.6,207.8,183.6,199.9,187.5,218.0,155.5,145.0,186.9,168.6,165.9,181.6,183.7,194.3,172.2,166.4,166.1,216.9,154.2,142.4,165.6,222.2,202.7,197.9,162.6,191.9,220.5,194.3,217.2,176.9,165.2,214.1,167.8,167.0,191.5,164.9,151.5,140.1,188.8,163.8,190.8,153.5,197.4,190.4,187.9,110.1,211.3,196.5,258.5,277.0,127.8,119.6,175.5,141.0,171.7,171.3,108.1,,154.2,143.0,228.4,188.7,192.4,166.9,,223.6,172.6,,142.9,146.4,172.9,173.6,178.2,195.8,179.5,172.5,186.6,173.5,192.2,158.0,156.7,162.2,166.6,165.8,173.6,182.1,121.7,239.5,244.5,171.5,211.9,226.7
2024-10-01,196.8,186.08319173,187.42562368,211.1,209.4,195.6,224.7,196.0,187.3,176.3,194.2,292.0,216.7,131.9,228.1,180.6,204.5,209.0,193.9,195.3,185.5,182.7,176.8,185.8,181.8,196.7,170.7,177.9,189.3,206.0,81.3,197.8,185.6,184.7,195.1,101.8,205.4,199.5,191.1,175.2,216.8,159.3,184.6,197.8,220.7,232.5,211.6,211.5,250.5,180.9,248.2,234.4,246.9,224.7,290.9,207.0,196.0,187.2,211.0,181.6,189.2,181.1,174.2,178.4,263.3,164.3,196.5,197.3,184.8,194.0,,168.7,237.9,266.1,305.4,255.3,246.2,177.4,233.1,,,197.4,,,139.0,196.0,223.2,210.6,176.7,232.2,166.9,225.8,185.8,154.9,214.7,279.4,428.8,295.1,245.4,503.6,273.0,265.0,353.1,257.7,316.9,261.1,232.3,170.3,196.7,206.6,321.5,256.3,195.1,221.5,195.1,137.9,256.5,197.7,203.3,185.0,178.5,217.7,209.0,210.7,218.6,207.6,195.2,204.6,165.6,126.2,169.2,167.2,168.5,168.5,155.1,199.1,248.5,209.6,210.8,267.9,206.5,213.7,208.0,179.8,198.3,218.2,199.3,201.4,201.8,167.9,184.4,206.5,119.3,161.1,162.8,163.9,201.9,203.7,239.4,203.6,191.3,221.2,223.2,227.3,213.3,221.9,199.2,188.9,196.3,243.8,190.5,195.8,203.9,199.2,201.7,191.7,192.2,191.9,186.2,186.6,185.9,203.2,183.5,184.0,177.1,161.0,207.0,184.6,177.6,162.2,191.1,198.4,231.7,217.9,183.0,184.4,185.8,190.1,181.6,182.0,229.5,149.0,171.5,162.4,181.4,348.6,253.8,158.3,174.7,154.3,179.2,184.2,186.3,186.2,227.3,177.9,187.1,172.2,191.7,299.3,183.8,184.0,189.7,180.4,164.1,165.2,150.1,157.1,166.4,163.6,170.3,151.4,144.4,148.0,155.0,137.5,187.2,209.2,186.8,201.0,188.9,217.4,157.8,145.2,187.5,169.2,166.4,181.2,184.2,195.8,172.0,166.6,166.4,218.2,154.6,142.9,166.0,223.8,203.8,197.5,164.4,192.3,221.6,195.0,217.8,177.4,165.6,214.6,168.0,167.1,192.0,165.2,151.9,140.1,188.8,164.0,189.9,153.6,197.4,190.8,187.6,,211.6,195.4,258.4,283.4,128.0,118.9,175.4,141.6,172.6,171.0,112.1,,154.5,144.2,228.8,189.4,193.0,167.2,,224.4,173.2,,144.1,146.0,172.7,173.7,178.4,196.0,179.7,173.3,186.7,173.8,192.8,158.4,157.1,162.6,167.0,164.2,174.0,181.7,122.8,239.5,256.1,182.5,220.0,227.5
2024-11-01,196.5,186.39205763,187.80807611,209.8,208.4,197.3,224.0,201.4,187.4,181.7,192.1,278.8,216.2,131.8,228.1,181.3,205.3,209.2,194.4,195.8,186.0,183.0,176.6,186.2,182.4,197.3,170.9,178.4,189.5,206.7,81.3,198.6,186.9,184.9,195.9,101.8,209.4,203.7,193.8,176.1,218.0,159.7,185.5,197.8,219.8,236.2,213.8,208.1,251.9,181.5,249.7,235.5,247.3,222.2,293.4,206.1,201.4,187.3,211.5,181.9,189.3,181.4,179.1,178.6,286.4,172.3,197.1,198.9,190.9,187.9,,176.0,235.6,280.4,305.8,236.4,182.3,172.0,227.7,,,,,,133.5,194.0,216.4,220.0,176.0,232.0,170.1,227.0,186.8,155.3,217.9,279.1,439.9,237.8,261.8,540.2,242.1,246.5,270.3,240.4,253.8,256.9,204.9,182.0,194.8,204.7,302.9,232.8,182.4,221.8,195.9,150.8,254.0,198.8,205.0,184.4,178.6,217.6,209.3,213.9,218.8,208.4,197.3,205.0,165.6,126.2,167.5,168.6,168.6,169.0,155.6,199.8,246.1,211.1,212.1,266.5,208.0,214.1,208.6,180.2,199.0,219.0,200.2,202.2,202.2,168.4,185.0,210.1,119.3,161.1,163.3,163.9,202.3,205.0,242.2,203.2,191.5,222.9,224.0,227.3,213.4,217.5,200.2,188.9,196.2,246.2,190.8,196.1,204.4,199.3,202.7,191.9,192.4,192.2,186.4,186.8,186.4,203.7,183.7,184.3,182.6,163.2,207.4,185.4,177.2,161.9,191.6,198.8,232.7,218.8,183.4,184.8,186.1,190.3,182.2,182.3,230.3,149.4,171.7,162.2,181.5,328.8,254.4,158.5,174.9,154.6,180.1,183.4,187.1,185.1,228.6,178.5,187.5,172.5,192.3,302.5,184.4,188.2,190.9,180.7,164.4,165.0,149.7,157.1,166.9,163.8,175.2,151.4,144.4,147.8,155.9,137.9,187.3,209.8,184.0,202.6,189.6,217.5,159.9,145.4,187.1,170.0,166.7,182.6,186.0,197.3,172.3,167.0,166.3,224.1,155.0,143.0,166.3,224.7,204.2,197.3,165.2,192.6,222.9,195.6,218.0,177.7,164.7,214.9,168.5,167.9,192.2,165.2,152.2,140.1,188.8,164.3,190.0,153.5,197.5,191.0,187.9,,211.6,198.5,258.4,282.2,128.2,118.9,175.8,141.5,172.8,170.8,,,154.8,144.1,240.2,190.1,193.0,167.7,,225.0,173.8,,144.0,146.1,173.2,174.1,178.6,196.2,179.8,173.4,187.1,174.1,193.5,158.8,157.4,162.8,167.5,165.1,174.8,181.0,122.8,239.5,257.5,182.4,220.3,228.0
2024-12-01,195.4,186.52462135,187.78627907,206.7,205.9,198.1,222.5,212.1,187.5,183.7,190.6,258.3,214.1,130.9,227.4,182.0,206.1,209.6,194.8,196.3,186.2,181.7,177.8,186.5,182.9,198.0,171.0,178.8,189.7,207.0,81.3,198.6,187.7,185.8,196.4,101.8,211.9,206.3,195.3,176.9,219.7,160.1,185.5,194.1,220.7,238.1,216.3,207.8,253.2,182.1,250.5,234.7,249.8,216.9,295.1,206.4,212.1,187.5,212.3,181.9,189.6,183.5,179.9,178.5,298.2,176.0,197.4,199.3,195.3,182.1,,174.4,220.5,292.2,304.2,226.1,161.8,164.4,214.9,,,,,,135.1,194.5,210.5,224.5,174.7,231.9,171.8,227.4,187.5,155.5,219.4,265.3,387.6,198.3,233.3,559.0,211.5,212.8,227.0,219.6,202.6,223.7,181.8,203.0,210.1,205.4,267.4,219.9,166.8,223.8,196.2,149.6,250.0,197.5,204.6,182.7,177.7,215.9,208.6,217.1,218.3,206.0,197.3,204.2,165.6,125.4,165.5,168.8,168.8,169.4,156.2,201.1,242.3,212.5,212.7,264.2,207.6,214.5,208.7,180.5,199.9,220.1,200.9,203.1,202.9,169.1,185.8,213.5,119.3,161.1,163.2,163.9,202.7,206.1,242.0,203.5,191.4,224.0,224.1,227.6,213.7,217.9,201.0,188.9,197.0,246.4,191.4,196.6,204.5,199.7,204.9,192.6,192.5,192.3,186.7,187.2,186.8,203.9,184.2,184.6,183.4,163.2,208.0,185.8,177.2,162.8,191.8,199.8,234.7,219.6,183.8,185.1,186.1,190.3,182.7,180.8,231.3,149.5,171.7,162.3,182.7,362.4,254.2,158.5,175.5,151.8,181.6,184.7,190.1,186.3,228.8,178.8,189.2,173.3,192.7,298.5,184.8,190.9,192.6,180.8,164.3,165.0,150.2,157.0,168.0,164.1,175.2,151.5,144.7,147.9,157.0,137.9,187.3,210.5,185.8,202.8,190.2,216.3,159.9,145.6,189.5,169.9,167.1,183.7,186.5,197.8,172.6,167.3,166.6,228.6,155.5,143.1,166.7,225.1,204.3,197.4,166.6,192.7,223.9,196.5,218.3,177.9,164.8,215.6,168.7,167.8,192.6,165.4,152.5,140.1,188.8,164.8,190.7,153.5,197.6,191.2,188.0,,211.4,203.1,258.4,282.5,128.0,119.0,176.0,141.1,170.8,170.7,,,154.9,139.4,240.6,190.8,193.3,167.6,,226.3,174.1,,144.8,146.0,174.1,174.0,178.7,196.4,180.0,172.8,187.7,174.4,194.2,159.4,157.7,163.1,167.7,167.9,174.9,180.9,122.2,242.5,257.2,180.9,218.2,228.6
2025-01-01,193.4,187.13611008,188.42835095,200.6,200.9,199.1,224.4,207.9,187.9,184.1,192.8,217.8,209.5,130.5,225.8,183.1,206.9,209.4,195.1,196.5,186.5,182.6,178.2,187.2,183.3,198.8,171.4,179.1,189.9,209.2,81.3,198.4,188.9,186.7,197.3,101.8,215.1,207.8,197.4,177.9,221.5,160.6,185.5,193.2,219.6,242.4,220.1,204.5,255.0,182.6,251.6,235.0,250.7,220.6,296.4,207.5,207.9,187.9,212.5,181.9,190.4,182.0,178.9,177.5,319.5,176.8,197.7,199.7,197.9,180.5,,211.6,237.3,302.8,306.5,213.8,194.3,165.2,199.9,,,,,,143.8,192.1,212.1,228.0,172.4,232.4,173.1,228.2,192.1,155.6,222.7,210.8,303.8,167.2,203.0,510.7,186.8,181.6,147.4,182.2,131.6,167.3,178.4,221.3,306.9,190.2,174.3,208.5,158.7,223.5,196.2,149.6,240.0,193.7,202.0,181.7,176.3,214.2,207.8,215.9,217.3,206.6,195.0,204.3,165.6,124.9,165.5,171.9,169.0,169.8,156.9,202.9,237.6,213.3,212.7,259.7,207.4,214.5,208.4,180.8,202.1,221.1,201.7,203.9,203.8,169.7,186.8,217.5,119.3,161.4,163.6,163.8,202.7,205.8,224.8,203.5,191.8,223.8,225.2,226.6,214.2,217.4,202.3,188.9,197.1,249.6,192.1,197.0,204.6,200.0,205.9,191.8,192.4,192.1,186.9,187.1,187.3,204.4,184.2,184.5,184.8,164.0,208.1,186.2,177.0,162.8,191.8,199.5,235.6,220.4,184.1,185.4,186.2,190.6,183.2,181.7,232.5,149.7,172.5,162.4,182.6,356.8,255.8,158.4,172.8,151.1,182.8,186.4,193.2,186.9,229.4,179.1,188.4,173.8,192.7,300.6,185.0,191.6,193.3,181.4,164.0,165.5,150.1,157.0,169.1,164.7,174.3,151.5,144.7,147.9,157.0,139.3,188.2,210.6,185.9,203.4,190.7,215.7,159.9,145.9,189.3,171.0,166.8,185.4,186.6,198.4,172.8,167.5,166.6,231.2,156.2,142.6,166.8,225.5,205.0,199.1,166.6,193.1,225.0,197.2,218.8,177.0,166.6,216.1,169.0,168.4,193.3,164.8,152.7,140.1,188.8,165.1,190.8,153.6,199.4,191.4,187.9,,211.7,202.3,258.4,282.5,127.9,118.9,176.0,141.5,170.8,170.1,,,155.1,139.1,240.4,191.4,193.6,167.4,,226.5,174.6,,144.5,146.0,174.7,174.0,179.0,196.4,180.4,173.4,188.2,174.8,194.9,159.8,157.9,163.1,167.9,167.9,175.7,180.8,122.5,242.5,263.6,182.3,220.7,229.7
2025-02-01,192.5,188.10471001,189.52255814,196.6,197.6,200.0,222.6,196.9,187.9,184.2,196.8,193.3,201.9,132.2,223.9,183.7,207.8,210.2,195.4,196.8,186.7,183.7,178.3,188.5,183.6,199.6,171.9,179.3,190.0,215.1,81.3,199.1,189.1,186.8,197.8,101.8,216.7,209.3,199.1,178.7,222.9,161.1,185.5,191.5,218.3,244.0,222.1,204.5,256.1,183.5,252.2,235.8,251.1,211.3,300.9,210.7,196.9,187.8,213.2,182.1,190.7,182.7,177.8,175.3,331.2,177.6,198.1,200.8,201.5,185.8,,202.5,238.5,311.1,312.2,231.0,,170.4,206.1,,,,162.7,,156.3,168.4,214.7,228.5,169.3,232.3,173.6,230.7,193.5,156.1,224.2,169.4,283.0,157.1,174.9,370.3,170.8,169.2,116.0,162.0,106.9,139.7,171.6,239.9,394.2,182.8,126.0,187.2,163.9,214.5,196.7,149.6,222.8,187.9,198.1,180.1,174.2,210.3,203.9,216.5,214.9,204.5,192.4,204.1,165.6,126.9,164.6,170.7,169.2,170.7,157.0,204.3,232.1,213.9,213.5,254.0,206.5,215.5,208.7,181.3,202.7,222.2,202.7,204.5,204.5,170.2,187.3,222.4,119.3,161.9,164.3,163.9,203.1,207.2,223.7,207.7,192.0,228.0,225.8,226.6,215.2,217.7,202.8,191.0,196.4,250.5,192.2,197.8,204.7,200.2,205.5,192.4,191.2,192.3,187.1,187.2,187.7,204.8,184.8,185.0,183.3,164.0,208.6,186.2,177.5,163.2,192.1,200.7,237.0,221.3,184.3,185.6,186.6,190.8,183.2,182.8,233.9,149.5,173.8,162.6,182.6,367.0,255.8,158.5,177.1,150.4,182.4,186.3,193.2,186.1,229.9,179.2,188.8,173.8,192.7,309.8,185.2,191.2,192.7,181.5,163.9,166.0,148.6,157.2,170.1,164.9,177.3,151.8,144.4,148.8,156.4,139.3,187.5,211.2,186.0,204.3,191.9,216.2,159.9,146.0,190.6,170.6,167.2,188.7,186.7,199.7,172.8,167.7,166.9,231.8,156.9,143.2,167.0,225.6,206.2,199.7,167.2,193.4,226.6,198.0,218.5,178.1,167.1,217.3,169.3,169.2,194.1,165.0,152.9,140.2,188.9,165.4,190.8,153.5,200.7,192.7,187.8,,212.0,207.0,258.4,282.5,127.6,118.8,176.0,142.2,170.6,170.0,,,154.7,137.2,240.6,191.9,193.9,168.1,,227.8,174.8,,145.2,146.0,175.1,174.3,179.0,196.7,180.4,173.9,188.8,175.1,195.7,160.4,158.3,163.6,168.3,167.4,175.9,181.0,122.7,242.5,282.6,189.5,230.3,231.2
2025-03-01,192.0,188.50277059,189.97818182,194.9,196.2,200.2,221.7,187.3,188.1,185.2,203.0,182.3,196.0,133.7,222.1,184.4,208.5,210.8,195.6,197.1,186.9,183.6,178.3,189.2,183.7,200.5,172.3,179.3,190.5,217.8,81.3,199.3,189.2,186.9,198.5,101.8,216.7,210.6,200.3,179.9,224.1,161.7,185.5,190.4,219.5,242.8,222.4,205.5,257.3,183.4,253.8,238.2,251.8,207.4,296.0,210.5,187.3,188.0,213.7,182.3,190.9,182.7,177.9,174.3,335.2,180.0,198.7,201.2,204.7,192.8,,175.3,255.4,314.4,324.0,262.2,,180.1,218.4,,240.0,,196.5,,169.2,160.6,217.1,232.1,168.6,234.7,174.2,237.1,193.7,156.5,224.1,158.7,262.8,168.0,168.1,267.1,166.1,179.6,102.8,164.2,114.2,133.3,175.2,215.8,273.4,175.1,140.6,189.3,205.2,207.1,197.0,149.6,210.8,182.4,193.0,178.8,172.8,207.3,197.3,216.2,212.6,204.0,189.4,202.8,166.9,128.7,164.4,171.6,169.9,171.6,156.9,205.3,227.0,213.5,214.7,249.4,207.5,216.0,208.9,181.7,203.1,223.1,203.3,205.0,205.3,170.7,187.8,227.8,119.3,162.0,164.8,164.4,202.8,207.4,224.1,211.6,191.9,231.5,226.8,227.4,216.1,217.3,203.2,191.0,197.1,255.2,192.5,198.8,204.8,200.6,204.5,193.1,192.1,192.7,187.4,187.2,188.4,205.3,185.3,185.4,181.5,162.1,209.0,186.4,177.8,163.0,192.4,199.8,237.5,222.5,184.8,185.9,186.7,191.1,183.5,182.7,234.9,150.1,173.8,162.8,182.7,367.8,257.4,158.5,176.0,148.7,182.6,186.4,192.1,185.3,229.9,179.6,190.1,174.3,193.3,311.6,185.5,190.8,192.7,181.4,164.5,165.9,149.1,157.7,168.6,166.2,177.3,151.8,144.9,148.7,157.5,139.5,187.1,212.0,186.4,205.7,193.3,219.9,159.9,146.1,190.3,170.5,167.8,190.0,186.6,200.6,172.9,167.9,166.9,219.7,157.9,143.2,167.0,226.5,207.0,200.5,172.3,193.7,227.4,198.9,217.7,178.4,167.3,218.4,169.7,169.9,194.7,165.9,153.5,140.2,188.9,166.2,191.7,153.6,201.3,193.3,188.8,,211.7,211.5,258.4,285.3,127.8,118.9,176.5,142.1,169.8,169.9,,,155.7,137.9,240.6,192.6,194.5,168.6,,229.2,175.3,,144.8,146.7,174.6,174.5,179.3,197.1,181.7,174.6,189.3,175.4,196.5,160.9,158.7,164.3,168.6,169.4,176.4,181.1,122.7,242.5,290.4,193.8,236.9,232.1
2025-04-01,192.6,189.62927595,191.0940592,194.6,196.0,198.9,225.7,183.2,188.7,186.0,211.3,176.8,192.0,134.5,221.5,185.2,209.1,210.9,196.1,197.5,187.3,185.4,179.5,190.3,183.9,201.1,172.4,179.6,191.4,223.3,81.3,199.2,189.9,186.3,198.7,101.8,211.9,209.9,200.2,180.3,225.2,162.7,185.5,188.7,218.2,240.7,220.2,205.5,259.7,183.8,254.5,240.8,253.3,217.1,298.8,211.7,183.2,188.6,214.4,182.6,192.0,184.2,177.7,172.8,358.8,181.3,199.2,202.1,207.4,193.1,,147.5,243.1,322.8,331.5,285.9,,190.0,213.0,256.1,193.0,,,,182.8,159.9,211.0,241.1,168.2,235.9,174.5,237.9,193.8,158.7,225.2,161.6,216.8,202.9,173.2,227.0,161.0,193.1,107.7,172.8,139.2,138.7,171.2,183.7,195.3,167.6,178.7,199.8,233.4,199.5,197.3,149.6,202.5,178.3,188.9,178.2,171.9,205.9,194.2,214.6,211.3,202.3,186.5,201.9,166.9,129.4,165.4,170.5,169.4,172.5,156.7,206.2,223.9,214.1,216.8,246.2,212.4,216.3,208.6,181.9,203.6,224.0,203.6,205.4,206.1,171.1,188.5,232.2,119.3,162.4,165.5,164.7,204.4,208.4,225.0,213.0,194.6,236.6,227.3,226.9,216.8,208.8,203.3,191.0,196.1,255.2,193.3,199.2,205.1,200.9,205.0,193.3,192.5,192.9,187.7,187.4,188.9,205.8,185.9,185.8,182.5,161.0,209.3,186.9,178.0,165.2,192.4,200.9,238.4,223.3,185.0,186.2,186.9,191.5,183.9,184.5,235.6,150.3,175.0,162.4,189.7,354.1,257.2,158.5,177.0,148.7,182.4,188.5,189.9,186.5,231.2,179.8,190.2,174.7,194.6,316.5,185.6,189.6,192.4,181.8,164.4,165.9,150.2,158.5,169.0,166.5,179.1,152.2,145.2,148.9,159.5,138.4,187.1,213.4,187.7,207.6,194.2,223.6,159.9,146.1,190.3,170.4,168.4,192.8,187.1,200.4,172.9,168.1,167.1,220.8,158.6,143.4,167.3,227.3,206.4,201.4,163.8,194.5,227.8,199.5,216.8,178.7,167.5,219.1,170.0,170.7,195.5,166.0,153.7,140.1,189.0,166.3,192.9,153.7,201.7,193.6,189.2,,212.2,209.1,274.7,285.3,127.6,119.2,176.5,142.0,169.8,169.7,,,156.1,137.6,241.7,193.3,194.9,169.2,,229.4,175.8,,144.1,146.7,174.9,174.7,179.4,198.3,182.1,175.1,190.3,175.7,197.2,161.5,159.3,164.8,169.3,169.4,176.4,180.5,122.2,242.5,308.5,193.8,244.0,233.1
2025-05-01,193.0,190.41322497,191.76,194.5,196.1,197.8,228.9,187.7,190.0,187.0,207.1,177.0,188.8,135.1,221.0,185.7,209.5,212.1,196.4,197.9,187.6,185.8,181.1,191.1,184.1,201.9,172.8,179.9,191.9,226.4,81.3,198.6,190.9,186.9,198.6,101.8,208.5,208.0,199.1,181.3,225.5,164.0,192.4,186.3,219.7,238.4,219.4,207.9,260.7,184.5,255.6,241.6,252.6,223.0,301.8,214.3,187.7,190.0,214.4,182.7,192.6,184.7,178.1,171.7,382.7,181.8,200.6,202.4,209.4,191.8,,128.6,205.4,331.0,339.6,284.3,,193.3,208.0,190.5,154.2,,,234.3,195.0,169.1,207.8,248.1,167.9,238.3,175.3,233.4,195.5,160.7,226.6,169.7,189.2,236.7,181.0,214.6,161.6,202.5,121.4,183.3,186.8,157.1,167.1,152.2,145.9,160.7,205.8,214.6,223.4,190.6,197.5,149.6,195.9,176.4,186.0,177.9,171.3,203.8,191.1,211.6,209.7,201.5,184.3,200.0,166.9,129.9,167.2,171.5,170.3,173.4,158.1,206.8,222.5,214.3,219.3,242.8,217.4,216.8,208.1,182.2,205.5,224.5,204.2,205.5,206.5,171.4,189.0,235.5,119.3,162.0,166.1,164.8,206.3,209.1,225.7,214.8,200.2,233.5,227.5,228.4,217.7,213.8,203.2,191.0,196.1,255.2,191.9,199.6,205.5,201.4,204.7,193.3,192.7,193.0,188.2,187.5,189.3,206.0,186.8,186.2,182.0,160.3,209.8,187.5,178.7,166.3,192.5,200.9,240.5,224.4,185.4,186.5,187.6,191.6,184.3,185.0,236.8,151.0,177.5,165.5,192.3,346.8,257.4,158.5,178.8,149.2,182.2,188.9,190.4,186.9,231.8,180.2,190.9,175.6,195.5,313.8,186.0,190.3,193.1,181.8,164.4,165.5,151.3,159.2,169.1,167.1,179.1,152.7,146.1,149.3,168.9,138.7,187.2,214.9,187.7,208.6,194.4,227.8,159.9,146.1,190.8,170.7,168.5,195.5,187.8,201.5,172.8,168.3,167.3,215.2,159.1,143.5,167.6,227.6,206.7,201.8,164.4,194.8,229.5,200.4,216.8,179.3,168.5,219.9,170.3,172.3,196.2,166.2,154.2,140.2,189.0,166.9,194.6,153.9,202.0,193.8,189.3,,212.3,214.3,274.7,287.4,127.9,119.2,176.7,142.2,177.7,169.7,,,156.4,136.4,241.5,193.9,195.2,169.8,,229.5,176.0,,145.4,147.6,174.8,175.1,179.6,198.9,182.2,175.4,191.4,176.2,197.8,162.5,159.7,165.3,170.2,169.9,177.5,181.3,122.5,242.5,317.8,194.1,245.8,233.9
2025-06-01,194.2,190.83934245,192.29112051,196.7,198.1,197.2,230.8,195.2,190.6,188.4,207.6,189.9,186.1,135.3,220.8,185.8,210.2,212.7,196.8,198.3,188.0,184.8,180.8,192.2,184.5,202.5,173.2,180.2,193.6,229.5,81.3,198.0,191.6,187.5,199.0,101.8,207.5,206.6,198.5,182.0,226.2,165.2,185.5,183.5,214.7,238.7,220.2,207.9,260.9,185.1,256.5,242.8,253.6,222.3,304.2,219.3,195.2,190.6,214.7,183.2,193.0,184.8,179.9,170.8,425.9,181.0,201.6,204.0,210.5,193.5,273.3,131.8,222.5,342.7,340.5,273.9,,196.0,207.5,149.6,158.9,,,298.1,207.2,179.4,211.8,262.3,168.5,238.5,175.8,236.2,196.5,163.6,227.8,178.4,193.0,260.5,207.4,216.8,163.9,225.6,167.4,208.7,228.5,178.5,170.7,151.3,129.8,166.3,233.9,225.5,185.0,195.8,197.9,149.6,190.3,174.9,184.4,176.8,171.2,201.5,189.6,210.8,208.6,198.7,182.9,199.2,166.9,130.0,168.5,173.0,172.2,173.7,158.4,207.4,221.4,215.4,220.3,240.4,222.0,216.9,208.6,182.5,206.4,225.4,204.9,205.8,207.1,171.8,188.7,240.1,119.3,162.2,166.6,164.7,207.6,209.8,224.9,215.4,204.1,227.6,228.3,229.3,218.1,214.1,203.9,191.0,198.9,255.2,192.7,199.8,205.5,201.4,205.5,193.1,192.9,193.3,188.2,187.7,189.6,206.2,187.9,188.3,181.4,158.6,210.5,187.8,179.2,171.4,192.7,187.1,241.5,225.3,185.9,186.9,187.4,191.9,184.6,183.8,239.1,151.2,179.4,165.6,192.6,340.8,258.6,158.5,178.6,149.2,181.4,188.9,188.1,187.1,233.0,180.3,190.9,176.4,195.3,319.0,186.3,189.6,193.2,183.0,164.2,166.1,152.1,159.8,169.7,166.5,182.6,153.0,146.0,149.7,169.8,139.5,187.2,215.5,188.2,209.0,195.3,229.3,159.9,146.3,191.2,170.4,168.7,195.0,187.8,203.1,172.9,168.9,167.4,217.1,159.7,143.6,167.7,228.1,207.6,202.3,167.2,195.3,230.8,201.1,216.8,179.6,166.4,220.6,170.5,173.0,197.0,166.4,154.4,140.2,189.1,167.3,194.6,153.6,202.6,194.0,189.0,,216.5,211.6,276.3,283.7,128.0,118.9,177.0,143.0,181.0,169.8,,,156.7,137.2,242.5,194.6,195.6,169.9,,230.4,176.4,,145.2,148.8,176.3,175.3,179.8,201.4,183.0,176.2,192.9,176.7,198.6,163.4,160.2,165.5,171.4,171.4,178.6,183.4,122.8,242.5,325.7,202.9,251.0,234.6
2025-07-01,196.1,191.4228297,192.97344609,200.7,201.6,197.1,229.3,198.6,191.0,192.1,213.5,212.1,184.3,135.3,220.8,186.6,211.0,213.3,197.1,198.6,188.3,185.7,180.7,192.9,184.9,203.5,173.5,180.5,195.0,230.7,81.3,197.5,192.3,187.7,200.6,101.8,207.2,206.5,198.2,182.5,226.8,165.7,185.5,179.1,216.4,239.4,222.5,205.5,262.3,185.7,256.6,243.6,251.5,213.9,299.7,223.3,198.6,191.0,215.0,183.4,192.8,184.7,185.5,170.7,503.9,180.2,202.1,205.8,210.1,194.9,160.7,177.0,234.5,361.2,343.1,262.3,,192.4,212.3,146.5,149.4,308.8,,,209.0,191.7,221.2,298.4,169.1,240.1,176.9,240.1,196.3,172.3,229.5,183.1,206.5,302.8,227.3,216.8,167.1,241.5,228.3,248.5,291.4,210.4,212.6,172.3,156.1,188.0,272.4,241.0,157.6,213.5,199.0,149.6,186.4,174.1,183.3,176.3,171.4,199.1,188.0,210.4,208.7,196.3,182.6,199.7,166.9,129.9,170.1,172.8,171.0,174.6,158.8,207.9,219.3,216.6,221.8,238.0,228.0,218.0,209.7,183.0,207.4,226.3,205.7,206.5,207.8,172.0,189.3,245.1,119.3,162.4,166.8,165.4,209.2,210.3,225.8,216.2,205.2,225.3,229.6,230.1,218.6,213.9,204.6,193.9,199.1,255.2,193.3,200.3,205.4,201.4,204.8,193.3,193.3,193.5,188.3,188.0,189.9,206.4,188.7,189.4,182.0,158.7,211.0,187.4,180.7,171.5,192.8,187.1,243.0,226.3,185.9,187.4,188.0,192.3,185.0,184.7,240.5,151.4,179.1,165.9,192.6,331.4,256.0,158.4,178.6,149.7,181.5,188.0,188.9,187.6,233.5,180.0,191.5,176.6,195.6,319.7,186.6,187.4,193.1,185.1,163.9,167.2,152.1,160.0,170.7,166.7,185.3,152.7,145.9,150.2,169.6,140.9,187.2,216.0,188.2,209.8,195.5,228.5,159.9,146.4,191.4,170.7,169.7,195.5,187.9,203.3,172.8,169.0,167.7,219.4,160.4,144.4,168.1,229.0,208.9,203.0,168.9,195.8,231.3,202.0,219.1,179.9,166.7,221.6,170.9,172.5,197.5,166.6,154.5,140.2,189.1,167.7,194.9,153.5,203.6,194.4,189.0,,217.8,202.3,276.3,283.7,128.1,119.5,177.2,143.3,181.2,169.5,,,156.9,136.7,243.7,195.2,195.9,170.7,,232.1,176.5,,144.4,148.8,177.1,175.4,180.0,203.3,183.7,175.9,194.0,177.3,199.4,164.6,160.6,166.1,172.0,172.1,170.5,185.0,122.8,242.5,326.9,212.8,253.3,235.7
2025-08-01,197.0,192.02933136,193.65319239,202.1,202.8,197.6,226.7,194.9,191.4,195.8,213.8,219.2,183.5,136.3,220.7,186.9,211.5,213.7,197.3,198.8,188.6,186.7,180.8,193.6,185.5,204.0,173.7,180.9,195.5,233.2,81.3,197.6,192.7,187.0,202.2,101.8,208.5,207.2,199.0,182.9,227.7,166.2,187.0,177.9,217.6,242.4,224.3,215.1,262.6,186.3,256.6,245.7,252.1,211.0,300.3,218.3,194.9,191.4,215.5,183.9,193.1,184.6,193.6,170.5,528.4,180.5,202.5,207.0,210.8,194.0,155.9,163.8,220.2,367.9,347.1,238.0,,187.1,215.3,178.1,,225.4,,,175.9,196.6,217.7,323.4,169.7,242.0,177.0,238.7,195.5,177.3,229.8,178.5,208.0,313.9,235.8,211.2,178.2,248.8,287.9,238.8,309.9,215.9,216.9,171.8,194.4,193.6,283.6,236.7,146.0,211.8,199.2,149.6,183.2,175.1,184.4,176.0,173.8,197.8,188.2,211.6,208.7,196.8,182.9,200.2,166.9,130.8,172.1,173.8,168.2,175.1,158.7,208.4,217.3,216.6,222.5,237.0,230.8,218.4,210.3,183.2,209.1,227.2,206.0,206.8,208.3,172.3,189.6,248.4,119.3,162.5,166.7,165.5,211.3,210.8,225.6,216.5,206.1,222.4,230.4,230.9,219.0,214.1,204.2,196.6,200.8,257.2,193.4,199.9,205.0,201.6,204.4,193.8,193.8,193.8,188.6,188.1,190.1,207.0,188.7,189.5,181.3,158.7,211.5,187.2,180.3,171.2,193.0,187.4,244.0,227.2,186.0,187.8,188.7,192.4,185.4,185.8,241.6,152.2,179.4,165.3,192.7,339.1,258.2,158.3,179.2,150.4,181.6,190.4,191.8,189.5,233.8,180.6,192.7,176.6,194.6,322.0,186.7,187.2,193.0,185.2,164.1,167.1,151.7,159.4,171.3,168.5,185.3,152.7,146.2,150.6,171.1,140.3,187.0,216.4,188.1,209.6,195.3,228.0,159.9,146.7,192.7,170.9,170.3,197.1,188.3,203.9,172.9,169.2,168.0,229.5,161.3,144.5,168.2,229.7,210.2,204.2,168.5,196.2,232.4,202.7,219.2,180.0,167.4,222.0,171.0,173.0,198.1,166.5,154.8,140.2,189.1,167.7,194.9,153.4,203.6,195.1,189.4,,218.9,203.6,276.3,283.7,128.0,119.8,177.6,143.4,181.1,169.1,,,157.2,138.0,244.1,195.6,196.1,170.9,,232.5,176.9,,146.3,148.8,177.2,175.6,180.1,204.0,183.8,175.7,194.6,177.8,200.0,165.8,161.0,166.3,172.5,171.0,170.6,185.7,121.8,242.5,333.2,221.6,258.8,236.4
2025-09-01,197.0,192.66557074,194.43928118,201.0,202.0,197.8,228.2,197.5,191.7,196.8,210.1,212.1,182.9,136.8,221.0,187.1,212.2,214.3,197.6,199.2,188.3,186.4,180.4,194.9,185.6,204.6,173.6,180.9,195.6,241.4,81.3,197.4,192.8,188.3,201.9,101.8,209.3,207.6,199.9,183.4,228.5,166.7,187.0,176.5,216.2,240.6,223.2,215.1,264.1,186.8,257.1,245.9,252.5,217.9,295.7,215.4,197.5,191.7,215.6,184.5,193.1,184.8,196.1,170.4,509.3,181.5,203.2,206.5,210.5,185.7,,168.6,228.0,372.8,346.5,232.2,,182.8,216.4,,,193.6,,,154.6,197.8,214.6,334.2,169.3,242.5,176.7,241.1,197.0,181.6,231.5,174.7,203.0,308.3,235.5,205.3,181.1,265.6,222.9,240.8,306.7,218.1,201.7,168.6,196.0,203.8,307.7,226.9,146.6,209.7,200.1,155.9,180.8,175.5,184.8,176.0,175.8,196.6,188.8,212.7,208.6,197.0,183.3,200.2,167.4,131.3,173.3,176.7,167.2,175.8,158.7,208.7,215.7,216.6,223.4,237.5,233.3,218.7,211.9,183.6,209.9,227.9,206.6,207.2,208.8,172.8,189.7,251.1,119.2,162.8,167.1,165.5,212.5,211.8,225.5,216.5,206.9,221.0,231.1,232.5,219.5,214.2,204.2,195.7,203.1,258.1,193.3,200.2,205.4,201.9,204.5,193.9,194.6,193.9,189.0,188.4,190.4,207.7,189.0,189.8,181.6,158.7,211.9,187.7,180.6,174.0,193.1,188.4,244.7,228.0,185.8,187.6,188.8,192.2,185.0,185.4,241.7,153.2,180.4,164.2,192.7,337.6,258.0,158.4,179.4,150.4,181.4,191.1,192.8,190.3,234.3,181.1,191.7,176.7,194.7,323.7,186.7,187.6,192.6,186.1,164.3,170.5,151.1,158.9,169.8,168.2,185.3,152.0,146.0,149.0,171.5,139.7,185.8,216.4,188.4,209.7,196.0,228.4,159.9,146.7,191.7,170.8,170.4,197.3,188.6,204.1,172.8,169.3,168.1,229.4,161.7,144.8,168.3,230.5,210.4,204.6,168.5,196.0,233.1,203.2,218.5,180.0,169.6,222.8,171.4,169.4,196.8,166.2,154.7,140.2,189.1,167.6,196.1,153.8,204.0,195.1,190.1,,219.6,205.1,276.3,283.7,127.7,121.5,178.2,143.7,186.2,168.0,,,156.4,138.2,243.4,196.0,196.3,171.3,,233.1,177.2,,145.3,148.8,179.0,175.6,180.2,204.2,183.8,175.9,194.9,178.2,200.5,166.9,161.2,166.2,172.8,169.9,170.8,185.7,121.8,242.5,359.4,243.5,275.5,237.1
2025-10-01,197.3,193.73629479,195.67930233,200.5,201.6,197.4,228.6,198.6,191.7,196.0,207.2,211.5,181.7,137.2,220.6,186.9,212.6,215.0,197.2,199.0,186.4,188.1,180.3,196.4,185.9,204.3,172.3,180.5,195.9,255.2,81.3,196.7,192.7,187.9,201.8,101.8,209.6,207.0,199.9,183.7,228.5,165.9,208.7,175.6,216.9,239.1,219.3,215.1,266.4,186.8,258.0,246.6,253.1,220.4,299.3,213.2,198.6,191.7,213.9,184.5,193.2,185.4,195.1,169.5,507.3,181.1,202.6,203.4,209.4,179.0,,176.3,241.9,378.8,348.8,248.5,212.7,180.6,214.1,,,184.9,,,139.3,195.2,215.6,350.1,170.1,243.2,176.8,239.2,196.3,184.9,231.5,177.0,195.9,279.3,237.6,198.0,182.4,270.9,201.5,251.7,294.3,227.4,200.8,178.4,210.3,210.2,345.4,227.2,147.4,211.8,199.7,155.9,178.6,174.6,184.4,174.9,176.0,195.9,186.9,214.0,207.5,197.7,182.5,199.5,167.4,131.6,174.2,176.0,166.9,175.3,159.5,208.9,212.5,216.2,223.0,237.7,237.1,218.8,211.8,183.9,210.6,228.3,207.1,207.9,209.1,172.8,189.2,254.3,118.7,162.9,167.1,164.9,213.5,212.8,226.9,216.7,208.1,222.2,231.6,233.5,219.8,214.4,204.8,172.3,203.3,260.7,193.8,201.2,204.9,201.4,204.3,193.0,193.1,193.3,188.7,188.4,189.8,207.6,189.4,190.1,181.5,158.7,212.1,187.6,180.7,174.4,192.7,188.3,245.2,228.7,183.6,185.7,187.1,190.3,183.3,187.1,242.5,153.3,182.4,164.2,192.7,343.6,259.2,158.4,179.9,150.4,180.5,190.0,193.5,188.1,234.8,180.7,191.8,175.9,194.4,320.2,186.7,188.6,191.2,186.2,163.9,170.3,147.6,156.7,166.6,163.9,185.3,149.6,144.4,147.9,173.3,140.2,184.7,216.2,190.1,210.0,194.7,228.4,163.3,146.6,191.4,171.2,169.7,198.0,193.8,203.7,172.8,169.1,168.1,232.3,162.0,144.9,168.3,230.7,211.6,205.1,177.1,196.9,233.9,202.5,218.5,178.7,169.0,223.2,171.5,157.8,188.0,163.8,153.3,140.2,189.1,167.9,198.5,153.7,204.0,195.2,190.4,,220.0,211.5,276.3,290.2,127.3,121.2,178.3,143.7,185.9,163.6,,,155.6,138.3,243.8,196.0,196.5,171.3,,233.6,177.2,,145.0,148.3,178.9,175.9,180.2,204.4,184.1,176.2,193.9,178.0,200.7,167.5,161.5,166.1,173.1,169.0,170.6,185.1,121.7,247.6,404.2,296.3,294.5,237.8
